YORF	0 hr	9.5 hr	11.5 hr	13.5 hr	15.5 hr	18.5 hr	20.5 hr
YPL026C	-0.01	0.29	-0.42	-0.29	-0.07	0.04	0.06
YNL168C	0	0.19	0.12	-0.36	0.06	0.11	-0.15
YDR007W	0.06	0.03	0.07	-0.34	-0.03	0.08	-0.07
YHR165C	0.15	0	0.11	-0.23	0.03	0.01	-0.03
YJL145W	0.3	0.07	0.19	-0.23	-0.09	0.04	-0.1
YGR267C	0.2	0.07	0.11	-0.32	-0.07	0.26	-0.23
YIL176C	0.24	0.15	0.12	-0.15	0.08	0.15	-0.04
YML130C	0.32	0.25	0.01	-0.4	0.06	0.2	-0.2
YBL022C	0.2	0.21	-0.01	-0.23	-0.01	0.07	-0.03
YBR090C	0.41	0.62	0.21	0.19	0.11	0.43	-0.09
YKR070W	0.08	0.36	0.11	0.04	0.19	0.12	-0.14
YDL103C	0.08	0.84	0.01	0.03	-0.01	0.41	-0.34
YFL016C	-0.03	0.58	0.07	-0.17	0.14	0.45	-0.01
YAL001C	-0.23	0.51	0.13	0.25	-0.05	0.37	0.1
YLR089C	0.06	0.45	0.45	0.11	0.3	-0.22	0.26
YIL014W	-0.06	0.32	0.38	-0.07	0.24	-0.18	0.29
YPR198W	0.04	0.24	0.58	-0.01	0.29	-0.25	0.4
YBL042C	0.34	0.32	1.09	0.24	0.64	-0.09	0.81
YER178W	0.34	0.54	0.86	0.3	0.32	-0.07	0.58
YMR008C	0.26	0.4	0.45	0.12	0.43	-0.03	0.4
YBR041W	0.25	0.16	0.29	0.29	0.26	0.04	0.08
YPR055W	0.15	0.15	0.16	0.08	0.07	0.08	0.07
YMR083W	0.4	0.84	0.92	0.38	0.67	0.29	0.4
YCL043C	0.48	0.6	0.86	0.2	0.41	0.19	0.01
YBR086C	0.45	0.5	0.64	0.25	0.12	0	-0.01
YLR027C	0.29	0.45	0.92	0.21	0.12	0.01	0.21
YGL077C	0.25	0.34	0.92	0.24	0.14	-0.07	0
YGL203C	0.25	0.14	0.38	-0.07	0.12	0.11	0.14
YDL078C	-0.12	0.69	-0.01	-0.03	-0.18	0.71	0.5
YDL057W	-0.14	0.48	-0.01	-0.1	-0.58	0.48	0.32
YBL047C	-0.1	0.6	0.04	-0.1	-0.38	0.4	0.58
YDR394W	-0.15	0.52	0.08	-0.03	-0.4	0.34	
YAL027W	-0.15	1.06	0.08	-0.18	-0.49	0.56	0.48
YDL054C	-0.22	0.78	0.29	-0.01	-0.42	0.32	0.45
YAL002W	-0.01	0.52	-0.04	-0.04	-0.23	0.06	0.89
YDL123W	0.16	0.5	0.14	-0.17	-0.34	-0.07	0.64
YER186C	0.14	0.43	0.19	-0.1	-0.12	-0.1	0.32
YDL053C	0.26	0.29	0.19	-0.12	-0.18	-0.12	0.24
YIL147C	0.2	0.26	0.3	-0.06	-0.06	-0.17	0.38
YJL093C	0.2	0.4	0.36	-0.03	0.04	-0.04	0.5
YAL056W	0.01	0.64	0.25	0	-0.09	0.12	0.5
YPR076W	0.14	0.62	0.21	0.15	-0.17	0.04	0.25
YBR240C	-0.2	1.4	0.01	-0.14	-0.54	0.14	0.24
YDL177C	-0.17	1.03	0.2	-0.3	-0.45	-0.1	0.41
YFL063W	-0.09	0.64	0.34	-0.09	-0.49	-0.1	0.26
YBR136W	0.08	0.32	0.12	-0.1	-0.29	0	0.14
YDL033C	-0.04	0.71	0.01	-0.07	-0.79	-0.12	0.67
YBL017C	0.07	0.4	-0.1	0	-0.23	-0.07	0.29
YFL019C	-0.07	0.45	-0.1	-0.04	-0.18	0	0.32
YBL109W	-0.12	0.54	0.12	-0.07	-0.34	-0.4	0.3
YKL197C	-0.03	-0.01	0.06	-0.38	0.01	-0.18	0.11
YNL190W	0.07	-0.04	0.2	-0.4	-0.1	-0.22	0.24
YIR002C	0.01	0.08	0.21	-0.47	-0.1	-0.18	0.4
YPL193W	-0.1	0.15	0.4	-0.42	-0.27	-0.34	0.34
YJR118C	-0.22	0.2	0.34	-0.25	-0.04	0.15	
YMR192W	-0.2	0.25	0.34	-0.2	-0.1	-0.04	0.38
YOR333C	-0.32	-0.01	0.26	-0.23	-0.01	-0.18	0.41
YDR232W	-0.25	0.05	0.33	-0.28	-0.19	-0.11	0.5
YBR296C	-0.58	0.03	0.52	-0.81	-0.42	0.04	1.32
YJL077C	-0.23	-0.06	0.19	-0.15	-0.09	0.08	0.32
YMR296C	-0.04	0	0.21	-0.29	-0.15	0.06	0.25
YAR003W	0.01	0.03	0.26	-0.23	-0.1	-0.01	0.29
YER174C	0.08	0.25	0.21	-0.58	-0.23	0.15	0.86
YNR023W	0.06	0.06	0.21	-0.36	0.12	0.04	0.56
YBR033W	0.16	0.11	0.21	-0.23	0.07	0.07	0.29
YOR087W	0.01	0.15	0.43	-0.27	0.21	-0.1	0.14
YJL075C	-0.07	0.07	0.29	-0.23	-0.01	-0.09	0.12
YIR004W	-0.18	0.15	0.4	-0.42	0.16	0.07	0.3
YPL007C	-0.18	0.21	0.52	-0.17	0.12	0.15	0.12
YOR251C	-0.03	0.15	0.62	-0.3	0.19	0.15	0.19
YPR056W	-0.18	0.21	1.06	-0.3	0.06	0.16	0.45
YKL028W	-0.06	-0.15	0.45	-0.17	0.06	0.2	0.2
YLR374C	-0.34	0	0.43	-0.51	0.15	0.38	0.34
YMR138W	-0.17	0.03	0.29	-0.27	-0.06	0.2	0.11
YHL043W	-0.3	-0.17	0.52	-0.4	-0.18	0.25	0.29
YML113W	-0.23	-0.1	0.38	-0.27	-0.22	0.26	0.32
YDL011C	-0.09	0.08	0.16	0.03	-0.32	0.06	0.38
YBL016W	0.06	0.25	0.48	-0.14	-0.62	0.24	0.54
YEL076C	0.01	0.21	0.29	-0.06	-0.38	0	0.26
YER184C	-0.1	0.32	0.41	-0.01	-0.38	0.07	0.43
YDR459C	0.15	0.25	0.67	0	-0.3	0.06	0.67
YNL176C	0.07	0.19	0.36	-0.23	-0.27	-0.04	0.58
YOL147C	0.07	0	0.6	-0.22	-0.47	0.14	0.45
YJL047C	0.2	-0.01	0.41	-0.1	-0.27	0.16	0.2
YPL139C	0.12	0.07	0.38	-0.1	-0.23	0.08	0.07
YBL020W	0.36	0.11	0.89	-0.07	-0.56	-0.09	0.2
YOR071C	0.21	0.4	0.67	-0.15	-0.23	-0.09	0.45
YEL063C	0.29	0.4	0.45	-0.17	-0.22	0.03	0.2
YFL041W	0.32	0.32	0.64	-0.09	-0.3	0.32	0.32
YDR537C	0.07	0.16	0.6	-0.04	-0.22	0.19	0.21
YBR274W	0.14	0.32	0.69	-0.17	-0.1	0.14	0.19
YPR111W	-0.06	0.29	0.54	-0.23	-0.2	0.06	0.11
YPL151C	-0.07	0.19	0.58	-0.25	-0.3	-0.04	0.19
YOL137W	0	0.14	0.52	-0.2	-0.27	0.08	0.06
YER001W	-0.1	0.14	0.6	0.2	-0.23	0.16	0.25
YDR311W	0	0.07	0.54	0.15	-0.32	0.15	0.26
YLR122C	0	0.01	0.26	0.08	-0.12	0.06	0.07
YDR307W	0.14	0.08	0.81	0.21	-0.18	0.16	0.26
YLR046C	0.08	0.06	0.43	0.19	-0.12	-0.01	0.15
YFL066C	0.03	0.21	0.48	0.11	-0.42	-0.09	0.25
YKL070W	0.04	0.19	0.38	-0.01	-0.3	-0.17	0.11
YER189W	0.06	0.36	0.4	-0.04	-0.27	-0.25	0.14
YFL068W	0.06	0.29	0.2	-0.03	-0.3	-0.17	0.06
YEL025C	0.21	0.32	0.3	0.14	-0.45	-0.2	0.15
YLR463C	0.36	0.11	0.43	0.21	-0.49	-0.27	0.45
YBR045C	0.12	0.11	0.21	-0.06	-0.34	-0.1	0.25
YEL009C	0.14	0.3	0.54	-0.18	-0.23	-0.47	0.24
YLR443W	-0.03	0.24	0.43	-0.45	-0.36	-0.2	0.07
YBR294W	0.03	0.11	0.34	-0.3	-0.4	-0.03	0.2
YDR481C	0.14	0.3	0.11	-0.64	-0.58	0.21	0.52
YOR147W	0.32	0.2	0.14	-0.56	-0.36	0.12	0.38
YOR221C	0.26	0.3	0.14	-0.36	-0.34	0.2	0.21
YGL233W	0.21	0.34	0.26	-0.09	-0.36	0.24	0.25
YPR057W	0.07	0.25	0.25	-0.2	-0.2	0.16	0.12
YFR021W	0.2	0.4	0.4	-0.43	-0.51	0.25	0.14
YOL105C	0.15	0.2	0.45	-0.43	-0.54	0.32	0.15
YPL089C	0.14	0.21	0.3	-0.36	-0.49	0.4	0.21
YNL094W	0.15	0.21	0.32	-0.27	-0.54	0.12	0.19
YBR095C	0.15	0.04	0.19	-0.27	-0.34	-0.01	0.08
YCR107W	0.11	0.03	0.26	-0.43	-0.62	0.16	0.16
YPL162C	0.07	-0.06	0.11	-0.23	-0.29	0.15	0.07
YDR145W	0.2	-0.18	0.56	-0.34	-0.47	0.15	0.03
YPL213W	0.08	-0.22	0.2	-0.1	-0.27	-0.07	0.14
YGL049C	-0.03	-0.23	0.21	0.11	-0.09	-0.04	0.32
YGR139W	-0.09	-0.27	0.92	0.67	0.11	0.14	0.64
YLR159W	-0.1	-0.09	0.2	0.04	0	0.03	0.2
YLR161W	-0.22	-0.1	0.56	0.07	0.19	0.2	0.43
YDR124W	-0.3	0.11	0	-0.1	0.36	0.21	0.6
YMR134W	-0.18	0.08	0.03	-0.06	0.24	0.21	0.25
YJL172W	-0.27	-0.51	0.3	0.2	0.48	0.58	0.5
YGL188C	-0.47	-0.58	0.08	0.26	0.29	0.36	0.81
YNL208W	-0.15	-0.54	0.12	0.2	-0.01	0.38	0.52
YGR086C	0.25	-0.03	-0.4	-0.07	0	0.58	1.03
YML091C	-0.1	-0.36	-0.64	-0.12	0.43	0.97	1.4
YDR376W	-0.09	-0.17	-0.27	-0.1	0	0.21	0.25
YIL161W	-0.29	-0.4	0.07	-0.42	0.24	0.71	0.54
YCR096C	-0.23	-0.23	0	-0.27	0.4	0.64	0.78
YPR192W	-0.32	-0.12	0	-0.3	0.04	0.62	0.74
YGL193C	-0.23	-0.1	0.03	-0.27	-0.01	0.29	0.62
YDL049C	-0.23	-0.18	-0.06	-0.18	0.06	0.2	0.41
YLR247C	-0.18	-0.09	-0.09	-0.14	0.07	0.16	0.34
YHR125W	-0.17	-0.3	-0.25	-0.01	-0.1	0.34	0.45
YLR326W	-0.14	-0.27	-0.12	0.03	-0.03	0.29	0.43
YFR017C	-0.69	-0.69	-0.29	-0.22	-0.12	1	1.43
YMR040W	-0.47	-0.42	-0.18	0.25	-0.01	0.92	1.03
YOR227W	-0.22	0.04	-0.15	-0.18	0.25	0.24	0.89
YKR086W	-0.04	-0.1	-0.15	-0.06	0.15	0.15	0.64
YML090W	-0.06	-0.1	-0.34	-0.18	0.29	0.67	1.65
YDR495C	-0.07	-0.03	0.01	-0.17	0.15	0.29	0.58
YMR186W	0.11	0.04	-0.25	-0.12	0.19	0.62	1.09
YLR259C	0.29	0.19	-0.34	0.16	0.24	1.12	1.65
YPR191W	0.04	0.16	-0.06	0.04	0.14	0.6	0.84
YPR184W	-0.23	-0.09	-0.27	0.2	0.56	1.52	2.64
YAL017W	-0.1	-0.04	-0.15	0.32	0.43	0.71	1.48
YPR026W	-0.06	-0.04	0.11	0.2	0.2	0.6	1.56
YNL142W	-0.2	-0.1	0.07	-0.04	0.25	0.36	0.67
YOR275C	-0.23	-0.1	0.15	0.03	0.14	0.34	0.71
YJL102W	-0.4	-0.38	-0.04	0.14	0.24	0.76	1.32
YLR312C	-0.62	-0.67	0	0.19	-0.27	1.25	2.32
YOR100C	-0.81	-0.45	0.2	-0.04	-0.18	1.09	2.12
YFL030W	-0.81	-0.47	0.19	-0.27	0.03	1.06	2.25
YOL118C	-0.18	-0.38	0.14	0.08	-0.23	0.5	0.81
YIL101C	-0.42	-0.51	0.08	0.26	-0.38	1.56	1.84
YJL031C	-0.25	-0.09	0.32	-0.06	-0.06	1.22	
YML054C	-0.58	-0.1	0.43	-0.1	-0.04	2.32	2.94
YBR298C	-0.34	-0.03	0.25	-0.3	-0.01	1.48	2.12
YHL032C	-0.15	-0.1	0.24	-0.2	-0.15	1.03	1.56
YDR125C	-0.27	0.01	0.01	-0.14	-0.12	1.03	1.43
YBR116C	-0.17	0.19	0.04	-0.23	-0.42	1.79	2.4
YKL187C	0.04	0.07	0.2	-0.17	-0.4	2.12	3.32
YLR267W	-0.12	0.12	0.26	-0.1	-0.49	1.65	2.74
YGL153W	-0.14	-0.07	0.21	-0.03	-0.34	1.09	1.56
YJL137C	-0.04	0.08	0.26	0.06	-0.49	1.06	1.84
YGR022C	-0.17	-0.06	0.14	0.04	-0.15	0.54	0.86
YJL185C	-0.17	-0.07	0.16	0.15	-0.18	0.71	1.43
YDR096W	-0.25	-0.07	-0.04	0.14	-0.18	0.94	1.56
YLR311C	-0.3	-0.27	-0.09	0.06	-0.17	1.03	1.94
YEL012W	-0.09	-0.3	0.07	0.07	-0.36	1.32	2.32
YPL262W	0.01	-0.06	-0.04	-0.17	-0.1	1.03	1.89
YOL084W	-0.3	0.12		0	-0.07	1.32	2.64
YNL006W	-0.03	-0.01	-0.09	0.12	-0.04	0.52	0.97
YNL009W	-0.06	-0.58	0.01	-0.14	-0.17	1.32	2.19
YNR002C	-0.17	-0.27	0.06	-0.07	-0.23	0.78	1.18
YJL045W	-0.34	-0.18	0.41	-0.09	-0.49	1	2.32
YJR095W	-0.62	-0.47	1.09	-0.12	-0.18	1.36	3.64
YLR174W	-0.1	-0.29	0.71	0.12	-0.14	1.29	3.32
YHR096C	-0.12	-0.04	0.67	0.32	-0.32	1.43	3.06
YGR110W	0.16	0.07	0.5	-0.06	-0.38	1.09	2.12
YLR173W	0.08	0.07	0.5	-0.03	-0.23	0.78	1.43
YPL134C	0.01	-0.03	0.32	0.08	-0.18	0.86	1.18
YOL117W	-0.23	-0.07	0.38	0.29	-0.03	1.15	1.29
YHL024W	-0.23	-0.03	0.41	0.12	0.11	1.06	1.43
YGL259W	-0.14	-0.07	0.48	0.64	0.38	1.69	2.84
YBL045C	0.07	0	0.69	0.52	0.15	1.69	2.48
YKR076W	-0.04	0.04	0.38	0.24	0.01	1.65	2.25
YJL163C	0.06	0.01	0.12	0.24	0.07	1.06	1.74
YNL125C	0.06	-0.1	0.19	0	0.12	0.6	0.92
YBR039W	0.12	-0.14	0.45	0.03	0.26	1.12	1.74
YOR245C	0.11	0.16	0.26	-0.17	-0.2	0.97	1.12
YBR117C	0.36	0.64	0.69	0.04	-0.27	1.65	2.48
YDL199C	-0.04	0.5	0.41	0.19	-0.34	1.74	2.32
YDL085W	-0.1	1	0.06	-0.12	-0.27	2.06	2.84
YDL223C	-0.1	0.58	0.2	-0.14	-0.74	1.32	2.19
YBR051W	-0.15	0.2	0	-0.4	-0.94	0.32	2.64
YDL174C	0.01	0.2	0.03	-0.07	-0.15	0.15	0.76
YLL020C	-0.04	0.11	-0.1	-0.3	-0.1	0.43	1.06
YDR505C	0.2	-0.01	0	-0.27	-0.22	0.32	1.32
YCR061W	-0.17		0.41	-0.04	-0.23	0.26	1.48
YNL117W	-0.3	-0.04	0.71	-0.3	-0.27	0.76	3.18
YLR377C	-0.23	-0.03	0.25	-0.17	-0.12	0.48	3.84
YKR097W	-0.12	-0.18	0.43	-0.09	-0.25	0.41	3.84
YER065C	0.12	0.16	0.54	0.08	-0.15	0.54	3.64
YDL215C	-0.12	-0.03	-0.14	-0.35	-0.14	0.19	2.26
YNL195C	-0.32	-0.23	-0.1	-0.15	0.03	0.76	2.32
YJL089W	-0.62	-0.34	-0.23	-0.18	-0.25	1.12	3.06
YAL054C	-0.67	-0.18	0	-0.18	-0.3	1.48	3.64
YER024W	-0.27	-0.15	0.16	-0.36	-0.49	1.12	3.18
YGR067C	0.04	-0.1	0.16	-0.34	-0.38	0.6	2.4
YCR010C	-0.49	-0.36	0.24	-0.36	-0.42	0.54	2.64
YPL054W	-0.47	-0.47	0	-0.32	-0.34	0.6	1.84
YLR142W	-0.18	-0.47	-0.51	-0.27	-0.2	0.52	2.4
YJL016W	0.11	-0.03	0.32	0.04	-0.27	0.41	0.84
YER096W	-0.09	0.15	0.54	0.16	-0.58	0.52	1.79
YDR149C	-0.17	0.21	0.25	-0.01	-0.47	0.3	1.03
YLL017W	-0.06	-0.1	0.19	-0.04	-0.34	0.14	0.74
YDL247W	-0.14	-0.01	0.38	-0.07	-0.58	0.19	0.92
YOR191W	-0.12	-0.04	0.12	-0.12	-0.29	0.07	0.41
YIL057C	-0.45	-0.34	0.34	-0.29	-0.67	0.4	1.48
YBR085W	-0.36	-0.18	0.6	0.04	-0.54	0.38	0.89
YGL251C	-0.17	-0.1	0.29	0.01	-0.23	0.32	0.71
YPL109C	-0.23	0	0.43	-0.07	-0.76	0.81	1.4
YHR171W	-0.4	-0.06	0.48	0.11	-0.69	0.84	1.06
YDL194W	-0.23	0.24	0.19	-0.23	-0.47	0.43	0.92
YNL331C	-0.1	0.21	0.19	-0.32	-0.45	0.64	1.09
YER116C	-0.01	0.12	0.25	-0.18	-0.27	0.45	0.67
YGR224W	-0.14	0.12	0.4	-0.3	-0.15	0.5	0.94
YDR169C	-0.07	0.07	0.24	-0.27	-0.18	0.43	0.78
YKL107W	-0.36	-0.07	0.38	-0.42	-0.23	0.69	1.32
YOR081C	-0.03	0.07	0.34	-0.27	-0.25	0.2	0.81
YLR431C	0	-0.07	0.29	-0.38	-0.22	0.34	0.62
YJL015C	-0.32	-0.51	0.25	0.2	-0.36	0.5	0.64
YMR104C	-0.64	-0.56	0.29	0.16	-0.36	0.81	0.76
YGL250W	-0.34	-0.6	0.12	0.11	-0.38	0.78	0.67
YHR004C	-0.14	-0.38	0.29	0.03	-0.27	0.64	0.58
YDR369C	-0.09	-0.18	0.06	0.04	-0.27	0.4	0.45
YOR177C	-0.38	-0.4	0.26	0.16	-0.6	0.84	1.03
YGL158W	-0.51	-0.51	0.32	-0.12	-0.84	0.94	1.06
YJR008W	-0.74	-0.4	0.32	-0.1	-0.92	1.56	1.32
YDR254W	-0.69	-0.3	0.24	0.03	-0.25	0.76	0.5
YOR032C	-0.69	-0.69	0.67	-0.03	-0.36	1.06	0.84
YIR030C	-0.36	-0.25	0.32	-0.12	-0.27	0.62	0.45
YOL116W	-0.34	-0.4	0.43	-0.1	-0.43	0.84	0.71
YJL048C	-0.51	-0.47		0.03	-0.49	1.18	0.94
YOL096C	-0.32	-0.4	0.4	0.03	-0.3	0.81	0.48
YDL234C	-0.67	-0.51	0.48	0.08	-0.23	1.22	0.84
YDL238C		-0.36	0.34	-0.06	-0.3	0.97	0.67
YOL047C	-0.54	-0.3	0.24	-0.09	-0.23	0.92	0.6
YDR030C	-0.6	-0.58	0.26	-0.14	-0.32	1.25	0.76
YPL114W	-0.38	-0.34	0.14	-0.1	-0.1	0.69	0.4
YDR014W	-0.42	-0.18	0.3	-0.25	-0.1	0.81	0.43
YIR024C	-0.51	-0.25	0.32	-0.17	0.01	0.67	0.38
YER059W	-0.42	-0.29	0.34	-0.09	-0.01	0.69	0.34
YHL022C	-0.45	-0.18	0.19	-0.04	-0.06	0.78	0.36
YML118W	-0.58	-0.18	0.24	-0.01	-0.09	0.78	0.56
YEL069C	-0.54	-0.2	0.38	-0.18	-0.06	0.84	0.86
YEL041W	-0.56	-0.1	0.36	-0.12	-0.17	0.78	0.74
YDR179C	-0.43	-0.17	0.29	-0.12	-0.12	0.58	0.52
YHR159W	-0.51	-0.09	0.4	-0.04	-0.18	0.86	0.64
YGR052W	-0.62	-0.2	0.69	0.01	-0.17	1.48	1.29
YBR006W	-1.09	-0.27	0.38	0.26	0.08	1.29	1.29
YDR323C	-0.56	-0.18	0.25	0.08	0.03	0.64	0.64
YNL019C	-0.3	-0.27	0.2	0.04	0.01	0.43	0.43
YBR132C	-1.09	-0.58	0.45	-0.06	-0.32	1.25	1.65
YPL097W	-0.36	-0.12	0.41	0.04	0.08	0.81	0.58
YGR237C	-0.45	-0.3	0.38	0.12	0.03	0.89	0.6
YOR044W	-0.32	-0.25	0.29	0.07	0.14	0.67	0.45
YFR016C	-0.4	-0.2	0.25	0.08	0.21	0.89	0.48
YIR016W	-0.49	-0.18	0.38	-0.03	0.14	1.12	0.54
YJR130C	-0.56	-0.45	0.3	0.15	0.24	1.06	0.54
YFR014C	-0.64	-0.43	0.19		0.15	1.15	0.6
YCR030C	-0.25	-0.27	0.14	0.19	0.08	0.62	0.38
YER098W	-0.15	-0.2	0.4	0.14	-0.23	1.12	1.15
YGR201C	-0.15	-0.34	0.84	0.16	-0.1	1.89	1.65
YGR258C	-0.01	-0.07	0.26	0.08	-0.14	0.92	0.69
YJR062C	-0.1	0	0.08	0.14	-0.07	0.52	0.4
YDR219C	-0.22	0.04	0.3	0.21	-0.47	1.18	0.92
YJR080C	-0.15	0.01	0.36	0.19	-0.45	1.32	1.09
YDR255C	-0.17	-0.12	0.2	0.24	-0.38	1.06	1.12
YGL059W	-0.51	-0.36	0.56	0.21	-0.42	1.29	1.06
YOR386W	-0.58	-0.27	0.41	0.14	-0.54	1.65	1.15
YFR007W	-0.22	-0.03	0.16	0	-0.2	0.48	0.3
YDR275W	-0.51	-0.07	0.29	-0.18	-0.36	1.23	0.83
YJL153C	-0.58	-0.12	0.32	-0.18	-0.47	1.12	1.03
YOR389W	-0.18	0.06	0.26	-0.15	-0.45	1	0.89
YER142C	-0.34	-0.09	0.32	-0.01	-0.54	1.15	1
YHL020C	-0.23	0.01	0.26	-0.06	-0.27	0.64	0.5
YJR019C	-0.42	-0.07	0.38	-0.09		1.18	0.89
YJL112W	-0.3	-0.04	0.45	-0.01	-0.27	1.06	0.89
YPR027C	-0.09	0	0.26	-0.01	-0.15	0.54	0.52
YKL133C	-0.18	0.07	0.52	-0.1	-0.45	1.32	0.97
YBR285W	-0.4	0.38	0.16	-0.2	-0.51	1.52	0.92
YOR097C	-0.23	0.19	0.19	0.03	-0.29	1.52	0.94
YKR098C	-0.1	0.19	0.14	-0.04	-0.27	1.29	0.56
YOR042W	-0.34	0.14	0.29	-0.1	0.01	1.06	0.6
YBR241C	-0.97	0.06	0.41	0.19	-0.18	2.48	1.56
YJL141C	-0.4	0.11	0.07	-0.2	-0.09	1.65	1.03
YDR148C	-0.62	-0.01	0.36	-0.18	-0.2	1.84	1.4
YKL146W	-0.4	-0.1	0.21	-0.22	-0.07	1.12	0.76
YEL005C	-0.29	0.07	0.36	-0.09	-0.3	0.81	0.36
YML050W	-0.17	-0.03	0.38	-0.1	-0.34	0.78	0.34
YJR158W	-0.18	-0.07	0.3	-0.12	-0.36	0.97	0.5
YDR530C	-0.1	0.04	0.19	-0.04	-0.34	0.74	0.38
YIL093C	-0.27	-0.17	0.24	0.08	-0.3	0.71	0.25
YKL134C	-0.27	-0.29		0.14	-0.43	1	0.43
YMR023C	-0.18	-0.27	0.26	0.08	-0.4	0.81	0.41
YKR101W	-0.27	-0.42	0.16	0.08	-0.34	1.03	0.4
YLR151C	-0.12	-0.18	0.14	0	-0.27	0.97	0.45
YOR005C	-0.17	-0.3	0.14	-0.07	-0.42	1.06	0.56
YDR532C	-0.07	-0.1	0.15	-0.04	-0.15	0.4	0.25
YMR156C	-0.12	-0.1	0.08	-0.09	-0.27	0.5	0.32
YDR458C	-0.07	-0.06	0.21	-0.2	-0.2	1.25	0.6
YKL023W	-0.12	-0.07	0.29	-0.09	-0.22	1.18	0.41
YBR290W	-0.03	-0.1	0.29	0.11	-0.18	1.29	0.5
YGL108C	-0.1		0.19	0.06	-0.12	0.84	0.36
YML131W	-0.25	-0.18	0.38	0	-0.23	1.74	0.92
YDR494W	-0.18	-0.23	0.34	0	-0.1	1.12	0.54
YBR262C	-0.07	-0.27	0.14	0.06	-0.17	1.15	0.6
YJL144W	-0.4	-0.43	0.24	0.15	-0.1	2.12	1.12
YLR171W	-0.1	-0.17	0.06	0.01	0.01	0.94	0.5
YDR203W	-0.25	-0.25	0.21	-0.09	-0.15	0.97	0.54
YER014W	-0.23	-0.27	0.32	-0.01	-0.14	0.86	0.54
YOR054C	-0.06	-0.23	0.16	-0.07	-0.1	0.69	0.21
YMR210W	0.07	-0.32	0.48	0.21	-0.06	1.43	0.71
YKL155C	0.08	0.04	0.48	0.06	-0.17	0.86	0.45
YMR097C	-0.01	0.12	0.58	0.15	-0.17	0.92	0.6
YDR287W	0	0.14	0.52	0.19	-0.42	1.29	0.81
YBR122C	-0.03	0.19	0.45	0.14	-0.18	1.22	0.71
YGR231C	-0.01	0.03	0.58	0.03	-0.23	1.36	0.69
YLR298C	-0.1	0	0.41	0.07	-0.15	1.09	0.48
YDR168W	-0.09	0.04	0.36	0.16	-0.1	0.81	0.3
YFR047C	-0.14	-0.1	0.78	0.15	0.01	1.25	0.52
YDR175C	-0.1	-0.03	0.43	0.06	0.06	0.97	0.52
YGL119W	-0.12	0.03	0.4	-0.03	0.07	0.74	0.38
YLR035C	-0.09	0.16	0.4	0.06	0.04	0.81	0.43
YHR194W	-0.32	-0.12	0.43	-0.03	-0.1	0.76	0.38
YLR417W	-0.34	0	0.41	-0.03	-0.12	0.78	0.3
YER020W	-0.67	-0.01	0.62	0.03	-0.36	1.36	0.64
YJR110W	-0.43		0.36	0.11	-0.22	0.94	0.45
YKL168C	-0.34	0.04	0.25	0.14		0.69	0.34
YMR098C	-0.62		0.54	0.24	-0.3	0.94	0.74
YIR014W	-0.25	-0.1	0.26	0.04	-0.15	0.38	0.24
YCR036W	-0.38	-0.01	0.6	0.16	-0.43	0.86	0.43
YNL334C	-0.04	0.04	0.21	-0.25	-0.04	0.54	0.43
YPL173W	-0.15	0.07	0.41	-0.36	0.07	0.92	0.71
YBR272C	-0.1	-0.01	0.41	-0.2	0	0.69	0.56
YFR049W	-0.18	0.01	0.38	-0.18	-0.04	0.67	0.74
YJL036W	-0.27	0.04	0.38	-0.2	-0.15	1.03	0.86
YBL058W	-0.25	0.11	0.38	-0.22	-0.07	0.97	0.76
YDR423C	-0.12	0.07	0.3	-0.07	0.01	0.94	0.74
YHR202W	-0.15	0.03	0.26	0	0.16	0.64	0.5
YMR136W	-0.36	0.15	0.64	0.16	0.2	1.22	1.22
YDR085C	-0.43	-0.06	0.56	-0.06	0.16	1.32	1.32
YCR061W	-0.58	0.14	0.56	0.04	0.06	1.32	1.03
YOR037W	-0.43	0.08	0.43	-0.22	0.15	0.86	0.81
YOR019W	-0.34	0.11	0.71	-0.3	0.08	1.69	2.19
YGR196C	-0.04	0.15	0.36	-0.07	0.08	0.6	0.84
YMR115W	-0.25	-0.15	0.56	0.12	0.2	0.81	0.81
YBR037C	-0.06	-0.1	0.52	0.03	0.2	0.69	0.56
YDR079W	-0.09	-0.18	0.5	-0.03	0.2	0.84	0.6
YPL031C	-0.09	-0.2	0.56	-0.1	0.3	0.76	0.74
YHR140W	-0.49	-0.12	0.56	-0.04	0.14	0.58	0.62
YDR181C	-0.36	-0.1	0.43	-0.12	0.12	0.4	0.54
YNL196C	-0.4	-0.07	0.41	-0.42	0.11	0.56	0.89
YOR181W	-0.47	-0.23	0.56	-0.36	-0.12	0.76	0.94
YNL332W	-0.49	-0.22	0.58	-0.34	-0.14	0.67	0.92
YBR103W	-0.34	-0.14	0.45	-0.14	-0.06	0.38	0.74
YDR317W	-0.27	-0.01	0.32	-0.1	-0.06	0.32	0.74
YHL044W	-0.27	0.03	0.36	-0.06	-0.04	0.5	0.67
YOR003W	-0.06	-0.01	0.32	-0.3	-0.34	0.62	0.67
YLR055C	-0.15	-0.01	0.29	-0.15	-0.34	0.52	0.52
YPR093C	-0.12	-0.1	0.16	-0.18	-0.25	0.38	0.41
YJL072C	-0.18	-0.2	0.21	-0.27	-0.27	0.43	0.62
YDR131C	-0.38	-0.04	0.24	-0.38	-0.25	0.64	0.69
YIL006W	-0.36	-0.03	0.2	-0.47	-0.07	0.81	0.81
YDR473C	-0.23	-0.17	0.19	-0.47	-0.22	0.89	0.78
YBR083W	-0.18	-0.06	0.36	-0.38	-0.17	0.69	0.78
YLL056C	-0.17	-0.07	0.25	-0.1	-0.1	0.5	0.4
YOR193W	-0.17	-0.09	0.32	-0.23	-0.1	0.62	0.5
YNL270C	-0.29	-0.09	0.34	-0.27	-0.2	0.64	0.48
YDR521W	-0.07	-0.06	0.14	-0.1	-0.07	0.24	0.15
YOR111W	-0.23	-0.3	0.24	-0.3	0.04	0.69	0.58
YFL051C	-0.43	-0.43	0.29	-0.36	-0.14	0.78	0.81
YPL113C	-0.2	-0.01	0.5	-0.2	-0.23	0.69	0.6
YPR178W	-0.18	0.04	0.5	-0.18	-0.23	0.48	0.45
YHR034C	-0.14	-0.1	0.4	-0.22	-0.29	0.41	0.32
YBR293W	-0.17	-0.15	0.56	-0.07	-0.36	0.48	0.38
YPL065W	-0.15	-0.14	0.67	0.11	-0.2	0.76	0.38
YNL293W	-0.2	-0.12	0.5	-0.01	-0.2	0.67	0.41
YOR180C	-0.14	0.01	0.38	-0.01	-0.17	0.48	0.3
YBR077C	-0.01	-0.04	0.45	0.08	-0.4	0.76	0.6
YKL161C	-0.01	0.03	0.45	-0.04	-0.3	0.58	0.56
YLL060C	-0.14	0.11	0.36	0.04	-0.3	0.6	0.6
YBR129C	-0.12	0.01	0.56	0.15	-0.22	0.58	0.6
YGR016W	-0.09	-0.06	0.34	0.12	-0.18	0.3	0.29
YPL095C	-0.07	-0.09	0.54	0.04	-0.3	0.52	0.48
YBR119W	-0.04	-0.09	0.69	0.06	-0.38	0.6	0.67
YLR266C	0	0.07	0.4	0.19	-0.22	0.45	0.56
YDR456W	0.08	-0.03	0.6	-0.01	-0.17	0.54	0.56
YDR057W	0.03	-0.06	0.58	0.08	-0.12	0.78	0.6
YJL053W	0.01	0.03	0.58	0.07	-0.03	0.71	0.5
YDR319C	-0.1	-0.04	0.69	0.16	0.03	0.67	0.71
YOR387C	-0.09	0.01	0.15	0.06	-0.03	0.16	0.26
YMR262W	-0.25	-0.07	0.43	0.26	-0.2	0.6	0.74
YGL117W	-0.43	-0.22	0.67	0.21	-0.34	0.58	0.69
YDR221W	-0.34	-0.17	0.54	0.36	-0.43	0.48	0.58
YJR106W	-0.15	-0.18	0.34	0.16	-0.3	0.5	0.43
YMR155W	-0.3	-0.4	0.89	0.48	0.01	1.06	0.81
YBR287W	-0.54	-0.04	1.22	0.62	-0.04	1.74	1.06
YML034W	0.01	0.01	0.06	-0.1	0.11	0.36	0.16
YOR089C	0.06	0.07	0.06	-0.34	0.25	1.74	0.71
YOR259C	0.12	-0.06	0.11	-0.27	0.11	0.92	0.48
YLR350W	-0.14	-0.09	0.11	-0.29	0.06	1	0.43
YMR009W	-0.18	0	0.2	-0.3	0.08	1.32	0.81
YLR261C	-0.07	0.01	0.04	-0.12	-0.01	0.43	0.36
YMR180C	-0.14	-0.09	0.06	-0.3	-0.09	0.81	0.58
YOL157C	-0.01	0.01	0.12	-0.4	-0.01	1	0.69
YGR256W	0.21	0.16	0.36	-0.6	-0.07	1.74	1.43
YDR463W	0.06	-0.01	0.12	-0.17	-0.1	0.64	0.32
YGL109W	0.06	0.04	0.15	-0.12	-0.06	0.45	0.19
YPR172W	0.29	0.03	-0.07	-0.27	-0.2	1.43	0.92
YER103W	0.16	0.07	0.04	-0.17	0.04	0.97	0.54
YLL029W	0.06	0.08	-0.03	-0.1	0.04	0.67	0.38
YAL049C	0.11	0.14	-0.04	-0.17	0.12	1	0.71
YLR217W	0.21	0.14	-0.2	-0.09	0.03	2.12	1.56
YJL066C	0.08	0.07	-0.06	0.03	-0.1	0.76	0.62
YAL028W	0.19	0.2	-0.12	-0.1	-0.07	0.81	0.69
YOR041C	-0.06	-0.06	-0.29	-0.29	0.01	1.84	1
YKL189W	0.03	-0.14	-0.27	-0.42	-0.04	1.36	0.56
YJL221C	-0.18	-0.06	-0.32	-0.54	-0.1	1.18	0.71
YMR004W	0.03	-0.12	-0.1	-0.43	0.07	0.78	0.41
YNL106C	-0.01	-0.01	-0.06	0.03	-0.06	0.25	0.25
YER162C	-0.23	0.14	0.3	-0.03	-0.12	0.94	0.94
YKL093W	-0.18	0.3	0.29	-0.09	-0.32	1.89	1.84
YBL049W	-0.58	0.16	0.19	-0.15	-0.84	2.48	2.64
YBL043W	-0.51	0.07	0	-0.22	-0.54	1.94	2.32
YIL097W	-0.36	-0.01	-0.17	-0.25	-0.34	1.52	1.36
YBL048W	-0.25	0.11	-0.15	-0.23	-0.36	2.56	2.19
YGR236C	-0.12	-0.18	-0.3	-0.49	-0.64	3.47	2.84
YNL203C	-0.04	-0.1	-0.07	-0.14	-0.2	0.78	0.78
YDR216W	-0.06	0.01	-0.2	-0.12	-0.07	1.12	1.43
YPL135W	0.06	0.06	-0.04	-0.27	-0.2	1.48	1.79
YLR369W	-0.03	0	0.07	-0.18	-0.06	0.64	0.76
YGR238C	-0.12	-0.07	0.11	-0.14	-0.06	1.12	1.12
YKL217W	-0.49	-0.07	0.04	-0.34	0.12	3.47	3.84
YMR107W	-0.42	-0.27	-0.2	-0.3	-0.1	2.32	2.32
YJL067W	-0.36	-0.1	-0.18	-0.1	0.12	1.89	1.74
YGL045W	-0.29	-0.22	0.04	-0.23	0.11	1.4	1.32
YNL202W	-0.2	-0.18	-0.03	-0.27	0.03	1.03	1.06
YHR057C	0	-0.17	0.07	0.01	0.06	1.29	0.76
YMR311C	-0.03	-0.23	0.04	0.03	-0.01	2.19	1.36
YOR031W	0.03	-0.17	-0.17	-0.18	-0.01	2.06	1.36
YBL033C	0.01	-0.12	0.01	-0.1	0.07	1.06	0.84
YGR243W	-0.34	-0.27	-0.38	-0.2	-0.42	3.18	2.48
YLR164W	-0.3		-0.27	0.06	-0.18	2.19	1.69
YNR007C	-0.2	-0.23	-0.1	0.07	-0.1	2.19	1.65
YGR043C	-0.43	-0.74	-0.06	-0.1	-0.17	3.47	2.64
YLR080W	-0.42	-0.56	-0.2	0.21		2.25	1.43
YEL039C	-0.25	-0.43	-0.17	0.04	0.01	1.89	1.29
YIL113W	-0.34	-0.36	-0.3	0.04	-0.09	2.4	1.29
YPL018W	-0.1	-0.09	0.01	-0.06	-0.09	1.03	0.58
YBR280C	-0.3	-0.27	0.04	-0.04	-0.4	2	1.15
YJR119C	-0.1	-0.01	-0.01	0.03	-0.14	0.6	0.34
YCR082W	0	-0.1	-0.06	0.14	-0.12	0.84	0.54
YLR295C	-0.01	-0.18	-0.3	0.08	0.07	1.52	1.36
YLR211C	-0.06	-0.14	-0.2	-0.12	0.12	0.78	0.67
YKL016C	-0.23	-0.34	-0.25	-0.2	0.07	1.43	1.22
YJR020W	-0.27	-0.06	-0.09	-0.18	0.26	1.22	0.89
YER182W	-0.32	-0.34	-0.15	-0.25	0.29	1.94	1.12
YGR102C	-0.23	-0.23	-0.07	-0.32	0.03	1.43	0.84
YBL086C	-0.36	-0.3	0.06	-0.14	0.03	1.6	0.94
YJR050W	-0.34	-0.12	0.06	-0.18	0.08	1.32	0.74
YNL146W	-0.36	-0.34	-0.23	-0.04	0.06	0.94	0.97
YMR160W	-0.3	-0.18	-0.12	-0.1	0.06	0.84	0.6
YPR151C	-0.27	-0.23	-0.01	-0.07	0.08	0.92	0.71
YJR100C	-0.32	-0.34	-0.03	-0.12	0.08	0.78	0.62
YDL169C	-0.6	-0.79	-0.25	-0.43	-0.23	1.65	1.56
YPR150W	-0.38	-0.56	-0.27	-0.2	-0.15	1.48	1.22
YMR030W	-0.54	-0.54	-0.14	-0.18	-0.18	1.65	1.03
YJR036C	-0.47	-0.36	-0.15	-0.12	-0.15	0.92	0.74
YGL096W	-0.62	-0.23	-0.18	0	-0.22	1.22	0.81
YPL185W	-0.51	-0.47	-0.23	0.06	-0.42	1.6	1.36
YJL100W	-0.3	-0.17	-0.18	0.14	-0.36	0.97	0.81
YCR091W	-0.42	0.04	-0.18	0.03	-0.25	1.48	1.03
YML041C	-0.06	0	-0.07	-0.07	-0.2	0.56	0.36
YDR330W	-0.23	-0.07	-0.23	-0.1	-0.34	1.25	0.84
YJR039W	-0.18	-0.18	-0.27	-0.2	-0.4	1.06	0.78
YNL012W	-0.12	-0.25	-0.1	-0.2	-0.42	1.06	0.81
YPL276W	-0.17	-0.18	-0.01	-0.1	-0.25	0.84	0.56
YBR203W	-0.42	-0.43	-0.27	-0.22	-0.47	1.79	1.32
YNL077W	-0.27	-0.43	-0.34	-0.32	-0.36	1.12	0.86
YIL042C	-0.27	-0.22	-0.15	-0.17	-0.34	0.69	0.5
YGR289C	-0.51	-0.36	-0.03	-0.51	-0.42	1.52	1
YDL115C	-0.22	-0.3	-0.06	-0.34	-0.15	0.97	0.62
YMR271C	-0.32	-0.36	0.2	-0.27	0.03	1.56	1.29
YOR186W	-0.25	-0.34	0.21	-0.18	-0.1	1.25	0.92
YDR306C	-0.1	-0.17	0.15	-0.1	-0.17	1.12	0.94
YER175C	-0.34	-0.29	0.11	-0.1	-0.22	1.09	1.06
YGR066C	-0.32	-0.43	0.24	-0.3	-0.47	1.56	1.25
YHL010C	-0.29	-0.3	0.11	-0.14	-0.34	0.92	0.76
YLL055W	-0.36	-0.29	0.21	-0.17	-0.34	0.86	0.89
YAL055W	-0.56	0	-0.12	-0.06	-0.3	0.36	0.89
YDR009W	-0.49	-0.22	-0.14	-0.27	-0.23	0.5	1.18
YCR026C	-0.14	-0.06	-0.05	0.04	-0.15	0.22	0.49
YPR006C	-0.34	-0.43	-0.27	-0.4	-0.27	0.86	1.09
YKL147C	-0.18	-0.15	-0.17	-0.38	-0.17	0.62	0.84
YMR140W	-0.09	-0.17	-0.3	-0.42	-0.3	0.58	1
YDL027C	-0.01	-0.2	-0.15	-0.06	-0.4	0.6	0.97
YLL019C	-0.01	-0.12	-0.1	-0.15	-0.42	0.76	1.12
YDR043C	-0.14	-0.09	-0.01	-0.01	-0.56	1.06	1.43
YPL201C	-0.36	-0.3		-0.23	-0.15	1.09	1.43
YFR040W	-0.1	-0.1	0.03	-0.15	-0.1	0.34	0.54
YER015W	-0.38	-0.2	0.26	-0.34	-0.34	0.89	1.32
YML042W	-0.54	-0.3	0.3	-0.34	-0.64	1.6	2.12
YOR391C	-0.38	-0.43	0.11	-0.25	-0.56	1.18	1.69
YMR206W	-0.49	-0.43	-0.18	-0.18	-0.49	1.22	1.84
YPL119C	-0.4	-0.3	0.11	-0.36	-0.54	0.86	1.69
YCR005C	-0.49	-0.12	0.11	-0.38	-0.84	1.06	2.25
YLR279W	-0.2	-0.04	-0.14	-0.2	-0.34	0.67	0.92
YPR030W	-0.42	-0.18	-0.18	-0.51	-0.34	1.15	1.94
YMR118C	-0.14	-0.06	-0.15	-0.38	-0.34	0.94	1.56
YKL171W	-0.14	0.11	-0.06	-0.34	-0.18	0.86	1.32
YHL023C	-0.27	0.11	-0.1	-0.25	-0.22	0.41	0.86
YLR273C	-0.17	-0.04	-0.01	-0.34	-0.18	0.45	0.54
YDR515W	-0.25	-0.03	-0.04	-0.29	-0.17	0.5	0.56
YDL218W	-0.34	0.36	-0.1	-0.4	-0.34	1.25	1.52
YAL034C	-0.92	0.26	-0.1	-0.71	-0.56	1.84	2.19
YDR022C	-0.4	0.24	-0.07	-0.25	-0.36	0.81	0.69
YPR193C	0	-0.3	-0.36	-0.17	-0.27	0.78	0.6
YDL020C	-0.09	-0.47	-0.42	-0.51	-0.62	1.18	1
YOR383C	0.15	-0.3	-0.27	-0.4	-0.54	0.86	1.03
YKL188C	0.04	-0.34	-0.27	-0.22	-0.25	0.86	1
YDL066W	0.01	-0.1	-0.3	-0.18	-0.04	0.54	0.6
YDR313C	-0.07	0.26	0	-0.34	-0.49	1.65	1.22
YDR262W	-0.08	0.06	0	-0.36	-0.29	1.03	0.91
YOL119C	0.07	0.08	0.06	-0.3	-0.42	0.81	0.89
YJR155W	0.2	-0.01	-0.2	-0.36	-0.4	1.52	1.43
YGR146C	-0.01	0.12	-0.15	-0.84	-0.56	1.48	1.79
YGR046W	-0.01	-0.03	-0.23	-0.36	-0.25	0.89	1
YOR027W	0.2	0.07	-0.3	-0.47	-0.17	1.22	1.52
YHR199C	0.12	0.19	-0.29	-0.34	-0.3	0.78	1.06
YOL165C	0.07	0	-0.12	-0.4	-0.54	0.81	0.76
YIL050W	0	-0.01	-0.03	-0.18	-0.29	0.52	0.38
YNL180C	0.25	-0.04	0	-0.38	-0.32	0.74	0.69
YNL074C	0.08	-0.1	0.07	-0.23	-0.18	0.36	0.29
YHR180W	0.04	-0.17	0.12	-0.1	-0.22	0.56	
YHR017W	-0.03	-0.18	0.16	-0.18	-0.45	0.81	
YPL156C	-0.03	-0.09	0.21	-0.17	-0.3	0.6	0.78
YDL245C	-0.06	-0.2	0.3	0.01	-0.47	1.03	1.09
YBR059C	-0.03	-0.1	0.11	0.03	-0.18	0.41	0.4
YOL126C	0	-0.1	-0.04	-0.43	0.14	1.09	1.4
YLL027W	-0.04	0.01	-0.17	-0.22	0.01	0.52	0.64
YLR165C	0.06	-0.04	-0.14	-0.06	0.14	0.56	0.52
YPL203W	0.11	-0.01		-0.1	0.24	0.92	0.69
YPL240C	0.04	-0.06	-0.42	-0.09	0.3	1.06	0.76
YPL077C	-0.06	0.11		0.03	0.15	0.52	0.41
YMR302C	-0.23	0.16	-0.25	0.08	0.41	1.22	0.81
YDR003W	-0.18	0.84	-0.12	0.21	0.16	1.4	1.03
YNL093W	-0.51	0.69	0.07	0.08	-0.23	1.65	1.29
YOR256C	-0.07	0.21	0.01	-0.04	0.03	0.54	0.36
YDL204W	-0.36	0.92	-0.51	0.26	0.08	4.06	3.06
YBR046C	-0.2	0.67	-0.43	-0.06	-0.18	1.6	1.32
YDR435C	0.08	0.03	-0.01	0.04	-0.4	0.92	0.48
YBL096C	-0.03	-0.07	0.04	-0.12	-0.34	1.03	0.48
YJR056C	-0.07	-0.1	0.07	-0.18	-0.54	0.76	0.41
YPL182C	-0.04	-0.03	-0.03	-0.06	-0.32	0.4	0.19
YBL094C	-0.12	0.04	-0.23	-0.17	-0.49	0.92	0.41
YDR214W	-0.1	0.04	0	0.19	-0.1	0.2	0.38
YBR001C	0.06	-0.06	0.52	0.62	-0.18	1.06	1.6
YEL073C	-0.04	0.06	0.11	0.19	-0.4	0.64	0.78
YJL094C	0	-0.1	0.14	0.2	-0.25	0.43	0.48
YDR027C	-0.07	-0.1	0.03	0.19	-0.23	0.36	0.36
YLR001C	0.3	0.21	0.14	0.29	-0.23	0.84	0.81
YKL027W	-0.07	0.19	0.2	0.81	-0.18	1.15	0.74
YNL294C	0.11	0.07	0.25	0.26	-0.27	0.32	0.34
YJR115W	0.12	0.07	0.2	0.16	0.01	0.32	0.48
YOL109W	0.5	0.44	0.74	0.38	0.29	1.02	1.24
YLR023C	0.19	0.54	0.52	0.14	0.26	0.41	0.84
YKR018C	0.24	0.36	0.25	0.08	0.11	0.38	0.48
YLR203C	0.2	0.5	0.5	0.11	0.29	0.71	0.56
YKL157W	0.24	0.58	0.24	0.06	0.24	0.89	0.97
YML117W	0.06	0.29	0.29	0.01	0.41	0.71	0.48
YOL082W	-0.01	0.58		0.21	0.41	1.65	0.81
YML004C	0.14	0.54	0.29	0.2	0.41	1.79	1.09
YPL004C	0.21	0.48	0.24	0.52	0.81	1.84	1.29
YCR004C	0.25	0.32	0.56	0.3	0.6	1.29	0.78
YNL045W	0.11	0.29	0.58	0.36	0.58	1.52	1.12
YBL102W	0.15	0.36	0.32	0.07	0.32	1.09	0.78
YCR069W	0.16	0.16	0.19	0.07	0.19	0.54	0.48
YPR140W	0.15	0	0.3	0.03	-0.17	0.76	0.67
YMR255W	0.15	0.08	0.38	-0.03	-0.1	0.89	0.76
YER004W	0.2	0.14	0.41	-0.07	-0.04	1.09	0.97
YOR007C	0.25	0.25	0.43	-0.07	0.08	1.12	0.94
YKL163W	0.4	0.48	0.62	-0.03	0.12	1.32	1.25
YJL159W	0.15	0.19	0.24	0	0.01	0.54	0.64
YHR161C	0.03	0.24	0.36	0.16	0.11	0.81	0.76
YOL053W	-0.1	0.25	0.74	0.24	0.03	1.29	1.22
YKL005C	0	0.25	0.34	0.03	-0.09	0.54	0.58
YOR219C	0.26	0.25	0.38	0.15	-0.09	0.71	0.58
YOR171C	0.14	0.21	0.38	-0.12	0.03	0.69	0.45
YDR129C	0.24	0.52	0.43	-0.01	0.14	1.09	0.67
YLL006W	0.16	0.4	0.21	-0.1	0.15	1.03	0.74
YCR039C	0.15	0.67	0.38	0.25	0.15	1.48	1.22
YCL033C	-0.06	0.56	0.24	0.24	-0.06	1.12	0.76
YJL020C	0.16	0.14	0.21	0.19	0.07	0.5	0.41
YBR053C	0.19	0.2	0.6	0.45	-0.04	1.32	1.09
YKL064W	0.19	0.16	0.41	0.3	-0.01	1.15	0.76
YGR132C	0.3	0.16	0.52	0.36	0	1.32	0.64
YBR256C	0.29	0.24	0.71	0.54	0.12	1.48	0.69
YAR028W	0.3	0.36	0.74	0.41	0.21	1.52	0.58
YPR148C	0.19	0.24	0.69	0.34	0.24	1.09	0.69
YGL131C	0.14	0.24	0.52	0.25	0.04	0.76	0.54
YGL095C	0.03	0.16	0.36	0.08	0.07	0.52	0.38
YLR201C	0.07	0.24	0.41	0.06	0.08	0.84	0.52
YKL012W	0.14	0.12	0.26	0.03	0	0.62	0.3
YGR232W	0.21	0.01	0.52	0.16	0.16	0.86	0.54
YDR461W	0.11	0.03	0.6	0.11	0.19	0.94	0.36
YGR215W	-0.15	-0.04	0.12	0.15	0.26	0.71	-0.09
YNL315C	-0.18	-0.03	0.24	0.29	0.48	1.09	0.04
YKL170W	-0.23	-0.06	0.26	0.21	0.36	0.81	0.04
YML030W	-0.17	0.01	0.16	0.04	0.29	0.58	
YDR028C	-0.14	0.03	0.16	0.03	0.26	0.52	0.01
YKR020W	-0.14	-0.03	0.3	0.12	0.24	0.94	0.15
YMR278W	-0.25	0.24	0.36	0.25	0.45	1.74	0.25
YOL065C	-0.23	0.11	0.26	-0.04	0.21	1.06	0.07
YMR158W	-0.23	-0.14	0.15	0	0.11	1.06	0.06
YKL003C	-0.04	-0.27	0	0.07	0.16	1.09	0.2
YBR177C	-0.1	-0.27	0.14	0.06	0.34	1.29	0.29
YPL020C	0.06	-0.14	0.24	0.08	0.26	0.94	0.14
YPL120W	-0.07	-0.09	0.25	0.11	0.04	0.69	0.15
YGL196W	-0.06	-0.09	0.16	0.11	0.08	0.69	0.16
YPR115W	0	-0.04	0.04	0.06	-0.01	0.24	0.03
YOR036W	-0.25	0.03	0.25	0.15	0.14	1.22	0.64
YOR125C	-0.27	-0.09	0.4	0.43	0.08	1.18	0.6
YBR052C	-0.47	0	0.71	1.12	0.56	2.25	1.29
YBR183W	-0.36	-0.4	0.4	1.06	0.86	2.56	1.43
YOR161C	-0.04	0.19	0.45	0.86	0.67	2.19	1.29
YDR516C	-0.14	0.26	0.41	0.78	0.71	2.32	1.03
YAR027W	-0.04	0.36	0.41	0.62	0.48	1.79	0.67
YDR041W	-0.04	0.2	0.32	0.48	0.48	1.25	0.52
YNR037C	-0.03	0.21	0.36	0.4	0.41	1.25	0.41
YDL072C	0	0.14	0.36	0.48	0.5	1.43	0.43
YJR104C	0.14	0.01	0.4	0.52	0.26	1.6	0.6
YDR358W	-0.1	-0.15	0.5	0.62	0.38	1.79	0.64
YDL046W	-0.1	-0.14	0.29	0.26	0.4	1.36	0.48
YJR099W	0	0.01	0.36	0.2	0.26	0.89	0.32
YDR337W	-0.09	0.06	0.52	0.2	0.38	1.32	0.64
YJR051W	-0.14	-0.14	0.54	0.26	0.5	1.22	0.67
YOR131C	-0.06	0.03	0.32	0	0.32	0.76	0.45
YMR197C	-0.09	-0.03	0.5	0.03	0.67	1.48	0.86
YBR157C	-0.2	-0.1	0.38	0.07	0.45	1.25	0.64
YMR090W	-0.18	0.08	0.58	0.32	0.97	2.32	1.03
YNL305C	-0.12	0.11	0.5	0.14	0.89	2.4	1.12
YEL066W	-0.06	0.04	0.15	0.01	0.24	0.62	0.26
YMR188C	-0.14	0.04	0.5	0.04	0.89	1.89	0.78
YCR075C	-0.09	-0.14	0.21	0.01	0.32	0.56	0.29
YIL157C	-0.23	-0.23	0.3	0.07	0.32	0.92	0.36
YDR276C	-0.23	-0.1	0.07	0.3	0.36	1.06	0.41
YLR252W	-0.12	-0.12	0	0.74	0.71	1.94	0.64
YDL124W	-0.06	-0.12	-0.06	0.52	0.58	1.89	0.67
YKL065C	-0.04	-0.22	0	0.36	0.76	1.89	0.54
YLR290C	-0.06	-0.23	0.01	0.3	0.5	1.52	0.38
YOR020C	0.11	0.03	0.06	0.34	0.62	1.32	0.38
YBR126C	0.24	0.07	-0.04	0.56	0.67	1.79	0.6
YGR167W	0.12	0.07	0.06	0.24	0.34	0.89	0.43
YMR195W	-0.17	0.19	0.21	0.25	0.84	1.79	1
YHR016C	-0.06	0.15	0.15	0.19	0.78	1.65	0.81
YKL142W	-0.07	0.21	0.24	0.5	1.03	2.48	1.15
YJR034W	-0.06	0.07	0.25	0.25	0.52	1.79	0.84
YJR096W	-0.42	0.21	0.2	0.34	0.94	2.84	1.43
YLR251W	-0.23	-0.03	0	0.32	0.74	2.12	1
YER035W	-0.1	-0.14	-0.1	-0.1	0.64	2.19	1.22
YKL193C	-0.06	-0.12	-0.27	0.19	0.52	2.48	1.43
YKR014C	-0.03	-0.27	-0.01	0.14	0.34	1.32	0.58
YKL067W	-0.06	-0.2	-0.1	0.38	0.58	2.12	0.94
YGL047W	-0.15	-0.15	-0.01	0.14	0.43	1.89	0.71
YHR087W	-0.42	-0.42	-0.1	0.11	0.89	2.94	0.97
YLL009C	-0.18	-0.1	0.14	0.12		1.03	0.4
YPL196W	-0.1	-0.14	0.26	0.2	0.24	1.69	0.74
YDR031W	-0.29	-0.09	0.19	0.14	0.54	2.32	1.25
YLR283W	-0.15	-0.22	0.2	0.01	0.5	1.36	0.71
YOL143C	-0.01	-0.09	0.14	0.08	0.62	1.4	0.48
YBR151W	0.04	0.12	-0.04	-0.04	0.36	1.22	0.48
YEL021W	0.01	0.11	0.45	0.07	0.64	1.03	0.36
YER133W	0.16	0.14	0.3	0.16	0.67	0.94	0.3
YLR250W	0.07	0.15	0.32	0.45	0.69	1.32	0.38
YIL111W	-0.09	0.14	0.67	1.09	1.48	2.94	1.09
YLR248W	0.03	0.11	0.29	0.21	0.74	1.18	0.56
YLR257W	0.04	0.07	0.19	0.32	0.92	1.6	0.62
YBR111C	0.08	0.11	0.2	0.45	0.84	1.4	0.64
YNL266W	-0.07	-0.03	0.12	0.25	0.6	0.89	0.48
YNL306W	-0.01	-0.06	0.15	0.21	0.76	0.86	0.36
YFR053C	0.19	0.32	0.4	1	1.48	2.56	0.38
YJL055W	0.06	0.15	0.54	0.29	0.45	1.25	0.34
YKR062W	0.12	0.19	0.32	0.21	0.34	1	0.38
YKL137W	0.15	0.19	0.26	0.11	0.3	0.97	0.29
YER044C	0.24	0.29	0.36	0.2	0.6	1.6	0.45
YDR115W	0.07	0.19	0.24	0.11	0.19	0.89	0.19
YMR178W	0	0.16	0.4	0.06	0.29	1.15	0.25
YOL159C	-0.06	-0.1	0.12	-0.18	0.24	0.56	0.43
YJL206C	-0.14	0.06	0.19	-0.12	0.16	0.48	0.34
YNL115C	-0.38	0.06	0.29	-0.18	0.52	1.65	1.22
YMR027W	0.01	0.11	-0.01	-0.22	0.43	1.29	0.81
YKL036C	-0.1	0.15	0.19	-0.1	0.4	1.69	0.89
YGL051W	-0.01	0.25	0.32	0.01	0.4	1.29	0.67
YGR076C	-0.1	-0.18	0.06	-0.27	0.4	1.32	0.62
YPL013C	-0.27	-0.22	0.16	-0.06	0.24	1.12	0.34
YDR493W	-0.29	-0.12	0.11	-0.2	0.25	0.89	0.36
YIL136W	-0.97	-0.27	0.21	-0.25	1.32	3.47	1.79
YLR128W	-0.23	-0.18	-0.01	-0.03	0.29	0.76	0.52
YOR261C	0.26	0.01	0.4	-0.15	0.15	1.4	0.86
YEL060C	0.21	-0.3	0.29	-0.01	-0.04	1.69	0.97
YLR025W	0.25	-0.06	0.11	-0.1	-0.12	1.4	0.67
YLR239C	0.08	-0.04	0.12	-0.1	-0.04	1.43	0.41
YOR244W	0.07	-0.15	0.15	0.06	0.04	1.15	0.43
YBL090W	0.04	0.01	0.03	0.11	0.14	1.25	0.41
YMR173W	0.21	0.03	0.07	0.24	0.11	1.6	0.58
YDR453C	0.29	0.12	0.34	0.25	-0.03	1.65	0.64
YDR008C	0	0.06	0.19	0.06	0.08	0.69	0.24
YHR209W	-0.07	-0.04	0.45	-0.01	0.24	1.74	0.58
YDR051C	-0.1	0.08	0.15	0.25	-0.12	1	0.38
YHR147C	0.08	0.2	0.08	0.24	0.11	0.97	0.4
YIR037W	0.14	-0.06	0.3	0.32	0.12	0.97	0.54
YNL159C	0.2	-0.04	0.07	0.21	0.03	0.62	0.34
YLR038C	0	-0.1	0.08	-0.1	0.56	1.06	1.32
YCR097W	-0.18	-0.1	0.21	-0.09	0.54	0.97	1.32
YOR035C	-0.3	0.26	0.2	-0.09	0.38	1.06	1.32
YLR097C	-0.01	0.25	0.21	0.07	-0.04	1.09	0.62
YIL162W	0.06	0.38	0.78	0.38	0.04	2.74	1.36
YHR195W	-0.01	0.21	0.6	0.14	0.16	2.12	1.22
YNL156C	0.2	0.24	0.2	0.03	0.14	1.18	0.74
YLR216C	0.36	0.25	0.26	0.29	0.14	2.12	1.25
YGR130C	0.19	0.15	0.25	0.3	0.08	1.48	1.06
YOL032W	-0.07	-0.03	0.29	0.19	0.08	2.56	1.69
YKL094W	0.06	0.04	0.16	0.19	0.04	1.36	0.76
YBL050W	0.07	-0.03	0.24	0.14	0.11	1.56	0.84
YLR270W	0.11	-0.03	0.21	0.62	0.38	3.06	1.52
YOR052C	0.06	0.24	0.41	0.38	0.24	2.19	1.12
YCL035C	0.03	0.32	0.54	0.67	0.26	2.56	1.52
YLL023C	0.08	0.07	0.54	0.52	0.4	2.12	1.29
YDR272W	0.02	0.1	0.43	0.46	0.38	2.44	1.37
YNL274C	0.01	0.06	0.36	0.64	0.5	2.74	1.69
YGR044C	0.07	0.15	0.26	0.34	0.4	1.48	0.89
YHR104W	0.29	0.26	0.56	0.64	0.58	2.4	1.25
YLR193C	0.01	-0.14	0.36	0.07	0.2	1.36	0.97
YMR181C	-0.01	-0.06	0.64	0.58	0.11	1.56	1.6
YOR289W	-0.09	-0.18	0.56	0.43	0.21	1.74	1.6
YBR214W	-0.06	0.15	0.48	0.48	-0.03	1.89	1.43
YKL151C	-0.12	0.24	0.58	0.62	0.25	2.56	1.79
YER067W	-0.07	0.15	0.76	1.03	0.38	3.18	2.56
YMR148W	0.01	0	0.4	0.34	0.11	1.32	0.94
YOR220W	0.06	-0.15	0.48	0.41	0.19	1.94	1.48
YOL071W	-0.03	-0.06	0.43	0.3	0.24	1.79	1.36
YPL186C	-0.01	-0.12	0.4	0.16	0.08	1.65	1.65
YOR178C	-0.18	-0.07	0.48	0.26	0.14	2.32	2.06
YDR533C	-0.07	0.06	0.58	0.41	0.01	2.74	2.4
YKR058W	-0.03	0	0.32	0.41	0.21	1.94	1.69
YOL048C	-0.09	0.04	0.25	0.32	0.26	1.6	1.4
YLR271W	-0.12	0.11	0.07	0.24	0.16	1.36	1.15
YLL001W	0.01	0.11	0.25	0.26	0.06	1.12	1.12
YJR127C	-0.01	0.08	0.11	0.24	-0.01	0.76	0.89
YLR168C	-0.06	0.36	0.36	0.15	-0.03	1.56	1.56
YBR067C	0.11	0.14	0.32	0.12	0.04	1.65	1.84
YBR101C	0.11	0.08	0.19	0.04	0.15	1.43	1.52
YDR329C	0	0.06	0.32	0	0.2	1.6	1.29
YLR219W	-0.03	0.12	0.21	0.06	0.06	1.6	1.32
YLR189C	-0.03	0.01	0.06	0.06	0.04	0.6	0.52
YNL194C	-0.29	0.03	0.14	-0.17	0.3	3.84	3.32
YBR147W	-0.1	0.34	-0.03	0.07	0.25	3.06	2.48
YNL134C	0.14	0.08	0.07	0.11	0.26	2.32	2.06
YDR070C	0.01	0.07	0.06	0.01	0.25	2.4	1.69
YKL026C	-0.18	-0.15	0.03	0.26	0.54	3.64	2.74
YNL037C	-0.03	0.15	0.04	0.26	0.2	1.65	1.69
YMR139W	-0.04	0.16	-0.09	0.2	0.08	1.12	1.03
YEL011W	-0.29	0.12	0.5	0.84	0.5	2.64	2.84
YDR178W	-0.18	-0.03	0.6	0.89	0.84	2.56	2.64
YLR345W	-0.12	0.19	0.25	0.74	0.74	2	2
YGR008C	-0.06	0.04	0.5	1.12	1.06	2.74	2.06
YDR001C	0.14	0.03	0.45	0.86	0.67	2.06	1.89
YML128C	-0.12	0.2	0.97	1.56	1.36	4.32	3.47
YKR016W	-0.03	0.08	0.52	0.52	0.6	1.79	1.56
YHL021C	-0.43	0.12	0.64	1	0.78	2.94	2.48
YGR194C	-0.4	0.04	0.3	0.58	0.54	1.48	1.25
YPL150W	-0.22	0.01	0.21	0.48	0.41	0.89	0.89
YOR273C	-0.1	-0.01	0.38	0.76	0.64	1.48	1.6
YFR015C	-0.23	0.04	0.41	1.56	1.03	2.74	2.74
YMR196W	-0.18	-0.14	-0.06	0.78	0.78	1.79	1.29
YLR178C	-0.23	-0.22	-0.06	0.76	1.25	2.64	1.79
YNL200C	-0.23	-0.03	0.36	1.25	1.52	3.84	2.56
YNL173C	-0.07	-0.25	0.11	0.86	0.78	2.64	1.69
YLR327C	-0.18	-0.34	0.08	0.92	1.09	3.32	2.64
YBR169C	-0.1	-0.06	0.04	0.67	0.81	2.19	1.94
YNL055C	-0.03	-0.23	0.19	0.36	0.3	1.36	1.06
YNL015W	-0.07	-0.32	0.52	0.81	0.92	3.06	2.25
YLR356W	-0.1		0.54	0.86	0.81	2.84	1.89
YPR100W	0	-0.1	0.21	0.3	0.38	1.03	0.67
YJL166W	-0.07	-0.27	0.19	0.38	0.43	1.74	0.94
YGR248W	-0.3	-0.4	0.43	0.67	1.4	4.06	2.48
YGL199C	0.06	-0.12	0.11	0.24	0.52	1.79	1.03
YLR093C	0.21	0.01	0.08	0.2	0.38	1.74	0.97
YMR170C	0.19	0.24	0.2	0.43	0.71	3.64	2.25
YKL121W	0.06	0.15	0.11	0.16	0.32	1.18	0.84
YJL151C	0.04	0.2	0.26	0.11	0.45	1.84	1.29
YGL121C	0	0.25	0.26	0.24	0.52	1.4	1.12
YBR149W	0.06	0.24	0.15	0.38	0.76	1.84	1.43
YKL150W	0.07	0.24	0.11	0.41		1.79	1.43
YBR072W	-0.01	0.4	0.36	1	1.43	3.47	2.84
YAL060W	0.12	0.3	0.2	0.52	0.45	1.94	1.43
YBL064C	0.38	0.04	0.74	0.89	0.76	3.47	2.84
YDR513W	0.07	0.06	0.29	0.3	0.81	2.19	1.84
YMR110C	0.04	0.21	0.26	0.32	0.76	2.12	1.89
YDR171W	0.07	0.14	0.43	0.84	0.94	3.64	3.32
YOR215C	0.07	0	0.38	0.78	0.94	3.47	2.84
YGR088W	0.15	0.06	0.21	0.74	0.97	3.64	2.94
YBL038W	0.04	-0.03	0.12	0.3	0.5	1.56	1.18
YDL004W	0.04	-0.04	0.2	0.38	0.54	1.74	1.22
YFR033C	0.06	-0.1	0.03	0.32	0.62	2.4	1.89
YLL026W	0.01	0.01	-0.18	0.84	1	2.4	2.64
YDR258C	-0.23	0.03	-0.25	0.76	0.77	2.38	2.44
YIL107C	-0.15	-0.09	-0.1	0.43	0.71	1.65	1.69
YGL006W	-0.15	-0.07	-0.09	0.62	0.67	1.4	1.29
YLR299W	-0.14	0.07	-0.15	0.19	0.86	1.65	1.89
YGL191W	0.04	-0.07	0.03	0.03	0.89	2.48	2.32
YPR158W	0.01	-0.12	-0.18	0.11	0.34	1.09	0.92
YBR269C	-0.14	-0.27	-0.12	0.14	0.34	1.52	1.06
YLR170C	-0.04	-0.3		0.12	0.24	1.06	0.71
YLR294C	-0.06	-0.34	-0.04	0.06	0.29	1.36	1.06
YLR152C	-0.17	-0.09	0.15	0.07	0.41	1.36	1
YHR138C	-0.2	-0.14	0	0.07	0.34	1.18	0.94
YBL078C	-0.4	-0.17	0.14	0.24	0.32	2.32	2.12
YGR174C	-0.2	-0.18	0.11	0.32	0.45	2.19	1.84
YIL087C	-0.34	-0.3	0.25	0.41	0.45	1.94	1.69
YDR231C	-0.25	-0.29	0.08	0.24	0.48	1.6	1.52
YGR019W	-0.1	-0.15	0.21	0.29	0.29	1.32	1.29
YPR020W	-0.1	-0.17	0.14	0.14	0.41	1.74	1.89
YDL091C	-0.23	-0.18	-0.12	0	0.25	1.4	1.22
YML120C	-0.22	-0.58	-0.23	0.15	0.45	1.74	2
YNL144C	-0.4	-0.47	-0.14	0.2	0.67	1.94	1.94
YNL100W	-0.3	-0.34	-0.1	0.32	0.54	1.43	1.29
YPL230W	-0.29	-0.15	-0.27	0.41	0.16	1.43	1.4
YLR149C	-0.27	-0.12	-0.18	0.6	0.29	2.48	2.74
YPL223C	-0.18	-0.3	0	0.11	0.04	1.6	1.94
YBL075C	0.08	-0.14	0.03	-0.04	0.03	1.29	1.43
YJL161W	0.01	-0.15	0.07	0.21	0.15	1.94	1.89
YBL015W	-0.1	0.06	0.01	0.11	0.3	2.74	3.32
YGR070W	-0.22	0.06	-0.18	0.06	0.43	1.79	2.06
YJL103C	-0.38	0.03	-0.06	0.03	0.4	1.89	2.25
YGR142W	-0.22	-0.07	0.15	0.15	0.36	1.4	2
YNL052W	-0.23	-0.23	-0.1	0.08	0.64	1.79	2.32
YJR048W	-0.12	-0.22	-0.01	-0.1	0.32	1.18	1.74
YDL067C	-0.2	-0.18	0.19	0.16	0.34	0.94	1.18
YNL033W	-0.2	-0.18	0.16	0.15	0.11	0.76	0.92
YER079W	-0.3	-0.51	0.25	0.14	0.11	1.36	1.84
YER039C	-0.42	-0.14	0.29	0.03	0.36	0.89	0.97
YOR049C	-0.38	-0.42	0.58	0.21	0.64	1.84	1.69
YER033C	-0.18	-0.1	0.3	0.25	0.4	0.89	0.94
YJL155C	-0.29	0.07	0.48	0.25	0.45	1.48	1.4
YCL067C	-0.15	0.07	0.3	0.08	0.34	0.76	0.74
YLR423C	-0.43	-0.06	0.6	0.19	0.67	1.65	1.32
YDR277C	-0.27	0	0.34	0.19	0.78	1.84	1.43
YMR133W	-0.45	-0.07	0.16	0.15	0.5	1.36	1.15
YGL198W	-0.3	0.11	0.56	0.41	0.4	1.4	0.84
YMR193W	-0.32	0.07	0.45	0.15	0.21	0.97	0.56
YGR222W	-0.12	0.03	0.56	0.15	0.25	0.86	0.5
YDR391C	-0.1	0.04	0.62	0.16	0.3	0.97	0.69
YJL032W	-0.01	0.07	0.43	0.14	0.14	0.67	0.5
YLR220W	0.11	0.12	0.45	0.29	0.3	0.71	0.6
YPL087W	0.15	0.26	1.22	1.12	0.89	2.12	2
YER037W	-0.01	-0.01	0.54	0.5	0.36	1.06	0.92
YJL068C	-0.04	0.04	0.5	0.34	0.26	0.97	0.84
YIR038C	0.08	0.24	0.81	0.67	0.52	1.94	1.6
YDR298C	-0.17	0.11	0.69	0.29	0.4	1.12	1.09
YFR011C	-0.22	0.11	0.45	0.3	0.2	0.92	0.94
YCR021C	-0.79	0.01	1.89	1.56	0.86	3.64	3.32
YGR149W	-0.12	-0.04	0.58	0.54	0.3	1.06	1.15
YJL211C	0.07	0.15	0.16	0.26	0.12	0.52	0.54
YDL181W	-0.17	0.4	0.41	0.67	0.21	1.48	1.74
YLR297W	-0.34	0.67	0.62	0.6	0.54	1.74	1.43
YGR230W	-0.14	0.34	0.24	0.14	0.11	0.58	0.58
YLR133W	-0.17	0.26	0.2	0.04	0.24	0.64	0.71
YMR089C	-0.06	0.24	0.25	0.08	0.29	0.58	0.6
YPR098C	0.25	0.29	0.69	0.58	0.62	1.03	1.43
YBL099W	0.34	0.38	0.94	0.6	1.12	1.4	2.19
YIL169C	0.32	0.32	0.32	0.3	0.69	1	1.52
YPL078C	0.07	0.06	0.29	0.21	1.03	1.25	1.4
YDR377W	0.11	0.2	0.36	0.14	0.64	0.97	1.15
YKL109W	0.24	0.58	1.03	0.67	0.62	2.56	3.18
YMR191W	-0.01	0.15	0.6	0.52	0.38	1.84	2.32
YHR051W	0.2	0.03	0.2	0.41	0.76	2.19	2.48
YPL165C	-0.18	0.12	0.26	0.19	0.34	1.36	1.48
YGR183C	-0.01	0.07	0.14	0	0.14	0.58	0.56
YMR081C	0.03	-0.07	0.74	0.21	0.74	2.06	2.25
YKL148C	-0.01	0.19	0.48	0.3	0.89	2.06	2.06
YOL083W	-0.15	0.11	0.4	0.25	0.62	1.18	1.48
YLR395C	0.08	0.03	0.41	0.34	0.86	1.32	1.65
YGR250C	0.3	0.15	0.6	0.41	0.86	1.52	1.94
YKL141W	0.36	0.16	0.64	0.78	1.15	1.94	2.64
YNR001C	0.19	0.45	0.64	0.71	1.22	2.64	3.18
YGL187C	0.12	0.29	0.52	0.62	0.94	2.06	2.19
YEL024W	0.08	0.26	0.56	0.89	0.94	1.94	2.32
YPR149W	0.15	0.12	0.4	0.81	0.92	2.06	2.32
YDR529C	0.16	0.03	0.38	0.86	0.81	2.19	2.56
YBR139W	0.12	0.52	0.43	1.09	0.89	2	2.4
YLR304C	0.2	0.56	0.5	1.03	1.22	1.94	2.64
YOR065W	0.16	0.11	0.32	0.29	0.94	1.69	2.4
YJR121W	0.07	0.04	0.26	0.38	0.58	1.29	2.12
YBL100C	0.14	0.21	0.41	0.58	0.89	1.29	2.4
YMR031C	-0.1	0.03	0.36	0.38	0.81	1.09	1.89
YBR230C	-0.14	-0.18	0.34	0.25	0.76	0.89	1.69
YMR056C	-0.2	-0.2	0.26	0.29	0.71	1.29	2.19
YDR059C	-0.04	-0.18	0.45	0.19	0.54	1.06	1.43
YDL021W	-0.22	-0.07	0.52	0.86	1.03	1.6	1.29
YJR073C	-0.1	0.04	0.71	0.97	1.32	2.19	1.69
YOR136W	0.06	0.3	0.56	0.52	0.78	1.43	1.22
YGR244C	0.04	0.26	0.76	0.94	1.48	2.4	2.06
YNL160W	0.24	0.34	1.12	1.48	1.74	3.06	2.84
YER150W	-0.01	0.19	1.15	1.52	1.6	3.47	3.32
YMR250W	-0.09	0.48	1.03	1.79	2.12	3.06	3.18
YER053C	-0.18	0.36	1.03	1.52	1.65	2.19	2.64
YKR067W	0.01	0.07	0.21	0.43	0.71	1.06	1.25
YFL014W	-0.15	0.38	0.62	1.6	2.25	3.64	3.47
YOR374W	0	0.5	0.34	1	1.32	2.48	2.48
YKL085W	0.04	0.01	0.29	0.92	1.36	2.84	2.56
YLL041C	-0.06	-0.1	0.5	1.06	1.43	2.56	2.64
YBR204C	-0.07	-0.15	0.19	0.5	0.52	1.12	1.12
YDL022W	0.19	0.07	0.16	0.97	0.92	2.06	1.65
YDR074W	0.15	0.2	0.25	1.03	0.97	2	1.18
YLR081W	0.06	0.11	0.21	0.56	0.6	1.43	0.84
YGL037C	0.2	0.38	0.29	1.15	1.48	2.84	1.84
YLR258W	0.11	0.43	0.45	1.89	2	3.32	2.56
YMR105C	0.14	0.54	0.71	1.74	1.48	3.18	2.64
YKL103C	-0.07	0.38	0.48	0.89	1.32	2.4	1.69
YDR077W	0.29	0.48	0.52	1.03	1.48	2.12	1.65
YDL023C	0.16	0.2	-0.07	0.86	0.97	1.65	1.6
YML100W	0.03	0.24	0.07	1.03	1	1.69	1.94
YOR317W	0.26	0.52	0.45	0.62	0.78	1.25	1.32
YOR135C	0.11	0.36	0.32	0.5	0.58	1.03	0.94
YCR011C	0.01	0.29	0.19	0.43	0.41	0.74	0.58
YGR028W	-0.17	0.32	0.56	0.41	0.58	1.22	1.12
YDL025C	-0.27	0.14	0.41	0.29	0.5	0.84	0.92
YIL088C	-0.1	0.14	0.32	0.26	0.64	0.81	
YOR347C	-0.15	0.32	0.54	0.69	0.92	1.4	1.03
YJL079C	-0.25	0.36	0.97	0.78	1.18	1.52	1.09
YBR026C	-0.56	-0.14	0.4	0.5	-0.12	1.4	1
YKR009C	-0.1	-0.2	0.25	0.19	0.16	0.67	0.69
YIR039C	-0.36	-0.69	0.62	1	0.52	1.94	2
YBR056W	-0.54	-0.32	0.5	0.89	0.4	1.6	1.32
YLR246W	-0.1	-0.17	0.26	0.34	0.08	0.94	0.62
YNL321W	0.03	-0.23	0.24	0.38	-0.03	0.86	0.6
YPL166W	-0.04	-0.34	0.14	0.58	-0.01	1.18	0.81
YHR080C	0.07	-0.12	0.12	0.43	0.08	0.92	0.86
YKL091C	-0.3	-0.51	0.01	0.69	0.2	1.74	0.92
YJL164C	-0.47	-0.56	0.21	1.06	0.21	1.74	1.15
YJL210W	-0.2	-0.2		0.3	0.01	0.48	0.21
YGR111W	-0.22	-0.22	0.34	0.54	0.34	1.12	0.32
YOR285W	-0.25	-0.2		0.6	0.92	1.74	0.97
YOL016C	-0.2	-0.09	0.47	0.4	0.64	1	0.56
YCL040W	-0.64	-0.23	0.81	0.78	1.84	1.94	1.25
YCL042W	-0.42	-0.18	0.14	0.24	1.48	1.4	0.48
YOL087C	-0.2	0.03	-0.18	0.21	0.62	0.67	0.43
YNL284C	-0.09	0.26	0.15	0.14	0.4	0.69	0.32
YDR021W	-0.17	0.25	0.16	-0.03	0.36	0.47	0.56
YGR100W	-0.09	0.11	0.11	0.03	0.24	0.26	0.48
YLR233C	-0.12	0.2	0.3	0.08	0.3	0.3	0.56
YMR317W	-0.04	0.07	0.08	0.11	0.14	0.11	0.3
YOL155C	0.07	0.2	0.26	0.29	0.58	0.32	0.81
YPR194C	-0.14	0.15	0.15	0.12	0.69	0.32	0.92
YDL229W	0.06	0.24	0.14	-0.07	0.29	0.24	0.64
YBL108W	0.04	0.08	0.4	0.21	0.97	0.89	2.4
YCL025C	0	-0.03	0.43	0.04	0.64	0.67	2.48
YKR046C	0.04	0.32	0.26	0.12	0.16	0.5	1.65
YIL125W	0.24	0.56	0.38	0.12	0.5	1.43	2.94
YBR222C	0.24	0.34	0.48	0.08	0.3	0.81	1.48
YMR145C	0.15	0.32	0.54	0.12	0.34	0.58	1.29
YLR253W	-0.03	0.03	0.32	-0.06	0.2	0.38	0.78
YBL107C	0.03	0.04	0.58	0.11	0.3	0.76	1.25
YOL153C	-0.18	0.11	0.52	0.06	0.54	1.18	1.74
YPL147W	0.24	0.14	0.62	-0.04	0.5	0.58	1.03
YGR182C	0.11	-0.27	0.25	0.25	0.32	0.76	1.22
YJR077C	0.01	-0.3	0.3	0.36	0.58	0.54	1.03
YER158C	-0.23	0.01	0.94	0.74	0.86	1.15	1.84
YCL049C	-0.12	0	0.62	0.15	0.32	0.58	0.86
YOR059C	-0.45	0.12	0.81	0.26	0.26	0.94	1.12
YJL059W	-0.18	0.16	0.84	0.43	0.36	0.81	0.71
YMR204C	0.07	-0.22	0.38	-0.18	0.21	0.32	0.36
YGR266W	0.08	-0.22	0.24	-0.1	0.03	0.3	0.41
YLR207W	0.08	-0.09	0.08	-0.17	0.12	0.26	0.32
YOR057W	0.14	-0.14	0.3	-0.36	-0.14	0.5	0.25
YER159C	-0.04	0.24	0.45	-0.32	-0.1	0.36	0.41
YPL003W	-0.01	0.21	0.32	-0.15	0.24	0.45	0.48
YDR455C	0.14	0.08	0.21	0.24	-0.14	0.19	0.78
YKL039W	0.26	0.19	0.2	0.01	-0.1	0.38	0.74
YER069W	0.14	0.29	0.26	-0.03	-0.22	0.24	0.54
YDR477W	0.14	0.19	0.14	0.03	-0.09	0.06	0.24
YOR038C	0.15	0.16	0.15	-0.07	-0.12	0.04	0.43
YGR276C	0.24	0.15	0.38	-0.07	-0.1	0.08	0.69
YBR212W	0.16	0.48	0.5	0.03	-0.07	0.25	1.29
YPL015C	0.07	0.36	0.62	-0.04	0.12	0.21	0.97
YNL104C	0.5	0.26	1	0.36	-0.04	0.11	1.29
YJR117W	0.2	0.38	0.6	0	-0.03	0.56	0.58
YER088C	0.32	0.32	0.74	0.12	-0.1	0.45	1.06
YOL075C	0.12	0.3	0.41	0.15	-0.18	0.41	0.69
YDR411C	0.12	0.19	0.4	0.2	-0.15	0.3	0.52
YDR357C	-0.03	0.21	0.54	0.3	-0.27	0.26	0.58
YHR050W	-0.04	0.25	0.54	0.26	-0.07	0.26	0.64
YMR114C	-0.49	0.14	1.06	-0.14	-0.09	0.41	1.09
YHR124W	-0.07	-0.04	0.67	-0.06	-0.23	0.52	0.92
YJL016W	-0.1		0.52	0.06	-0.14	0.43	0.84
YPL133C	-0.12	0.16	0.56	-0.01	-0.23	0.56	0.94
YGL145W	-0.09	0.14	0.45	0	-0.15	0.48	0.92
YGL192W	-0.1	0.2	0.62	0.12	-0.09	0.86	1.12
YPL155C	-0.18	0.29	0.52	-0.09	0.08	0.4	0.48
YMR167W	-0.1	0.14	0.34	0	0.03	0.24	0.36
YDR111C	0.01	0.3	0.62	0.01	0.04	0.36	0.69
YDR205W	0.01	0.21	0.6	-0.03	-0.03	0.4	0.69
YPL057C	0	0.2	0.74	0.01	0.14	0.6	0.97
YML119W	0.03	0.2	0.54	-0.1	0.14	0.58	0.62
YHR086W	-0.03	0.29	0.6	-0.04	0.19	0.58	0.58
YDR177W	0.03	0.01	0.56	-0.07	0.14	0.34	0.56
YOR107W	-0.15	0.26	0.67	-0.23	0.24	0.3	0.89
YER041W	-0.09	-0.04	0.3	0.01	0.07	0.03	0.52
YBR021W	0	-0.1	0.69	-0.06	-0.1	0.01	0.89
YDR503C	0.11	0.06	0.56	0.07	0.2	0.24	0.34
YKL175W	0.12	0.41	0.76	0.08	0.04	0.07	0.38
YOR149C	0.24	0.43	0.97	0.36	0.12	0.38	0.56
YLR047C	0.3	0.3	0.52	0.19	-0.01	0.19	0.45
YEL013W	0.12	0.38	0.52	0.4	-0.01	0.07	
YOR092W	-0.09	0.19	0.54	0.32	0.04	0.08	0.41
YKL034W	0.08	0.3	0.69	0.36	0.69	0.14	1
YBL030C	0.6	0.54	0.92	0.4	0.86	0.78	1.79
YBR286W	0.56	0.52	0.89	0.54	0.4	0.4	1.25
YER092W	0.21	0.01	0.48	0.45	0.2	0.24	0.5
YGR138C	0.26	0.52	2.06	1.48	0.76	0.58	1.36
YDR033W	0.2	0.4	0.81	0.62	0.56	0.19	0.78
YPR156C	0.03	0.5	1.65	1.22	1.22	0.81	1.6
YMR272C	0	0.34	0.94	0.64	0.86	0.74	0.92
YDR155C	0.07	0.06	0.34	0.29	0.5	0.34	0.19
YJR044C	0.12	0.25	0.58	0.48	0.64	0.56	0.4
YBR145W	0.36	0.24	0.92	0.38	0.4	0.62	0.32
YJL026W	0.2	0.69	1.18	0.48	0.64	0.67	0.45
YDR345C	0.25	0.74	1.09	0.58	0.56	0.74	0.56
YFR044C	0.43	0.64	1.25	0.71	0.48	0.92	0.41
YDL125C	0.16	0.36	0.6	0.32	0.14	0.43	0.19
YGL053W	0.21	0.41	0.62	0.25	0.3	0.71	0.25
YOR394W	0.16	0.43	0.5	0.26	0.32	0.6	0.29
YOR228C	-0.04	0.69	0.84	0.41	0.45	1	0.84
YHL048W	0.3	0.62	0.92	0.64	0.69	0.94	0.67
YOR187W	0.15	0.64	0.92	0.5	0.84	0.78	0.64
YOR230W	0.12	0.86	1	0.64	0.97	1.12	0.92
YML132W	0.14	0.38	0.58	0.36	0.62	0.78	0.69
YMR258C	0.06	0.19	0.48	0.19	0.4	0.5	0.32
YDR105C	0.04	0.4	0.86	0.36	0.54	0.64	0.76
YDL048C	-0.09	0.41	1.18	0.5	0.54	0.81	0.67
YNL330C	0.11	0.26	0.56	0.11	0.36	0.62	0.29
YOR307C	0.12	0.21	0.64	0.07	0.26	0.6	0.3
YML028W	0.06	0.14	0.6	0.16	0.2	0.48	
YLR157C	0.03	0.14	0.62	0.19	0.24	0.56	0.32
YDR285W	0.11	0.14	0.78	0.34	0.3	0.84	0.45
YDL237W	0.08	0.19	0.81	0.32	0.45	0.81	0.6
YLR241W	0.25	0.2	0.56	0.19	0.26	0.58	0.48
YDL149W	0.29	0.34	0.81	0.54	0.45	0.76	0.71
YDR055W	0.19	0.32	1.12	0.76	0.62	1.09	0.78
YDL190C	0.12	0.19	0.5	0.4	0.21	0.62	0.3
YIR044C	0.19	0.25	0.5	0.52	0.26	0.76	0.48
YHR028C	0.11	0.48	0.76	0.52	0.19	1.06	1
YIL119C	0	0.41	0.67	0.64	0.32	1.12	0.74
YER141W	0	0.5	0.76	0.94	0.48	1.4	1.22
YDR343C	0.15	0.76	1.29	1.94	1.52	2.19	2.64
YMR297W	0.2	0.76	1.09	1.22	1.4	1.69	1.94
YFL018C	0.03	0.19	0.45	0.38	0.54	0.71	0.78
YLL028W	0.01	0.38	0.81	0.69	0.71	0.94	0.97
YJR085C	0.19	0.16	0.74	0.71	0.58	1.09	0.86
YBR054W	0.2	0.25	1.06	1.22	1.06	1.84	1.52
YPL154C	0.24	0.64	1.22	1.29	1.52	2	1.52
YDR032C	0.12	0.3	0.89	1	1.03	1.79	1.06
YDR342C	0.19	0.43	0.94	1.52	1.65	2.32	1.6
YHR092C	-0.04	0.3	0.74	1.22	1.18	1.79	0.94
YML110C	-0.04	0.29	0.62	0.41	0.5	1.15	0.5
YKL035W	0.26	0.56	0.81	1.12	0.81	2.12	1
YAL026C	0.19	0.6	0.48	0.78	0.74	1.52	0.76
YKL062W	0.15	0.54	0.48	0.54	0.38	0.86	0.48
YDL248W	0.2	0.54	0.45	0.45	0.38	0.86	0.43
YJR161C	0.48	0.34	0.64	0.64	0.67	1.09	0.69
YIR043C	0.2	0	0.76	0.76	0.58	0.92	0.36
YIL121W	0.04	0.04	0.64	0.56	0.3	0.74	0.34
YIL124W	0.03	0.25	0.71	0.92	0.69	1.4	0.56
YPR028W	-0.06	0.08	0.48	0.62	0.62	0.97	0.26
YNL336W	0.12	0.26	0.54	0.3	0.69	0.94	0.5
YBR302C	0.12	0.14	0.5	0.14	0.64	0.74	0.52
YKL100C	-0.01	0.11	0.67	0.24	0.56	0.92	0.56
YBR035C	0.11	0	0.6	0.16	0.48	0.89	0.67
YAR042W	-0.03	-0.1	0.15	0.32	0.15	0.32	0.24
YOL129W	0	-0.1	0.34	0.52	0.67	0.58	0.71
YOL122C	0.07	-0.23	0.4	0.62	0.6	0.4	0.67
YJL214W	0.01	0.14	0.3	0.5	0	0.34	0.19
YNL056W	-0.03	0.04	0.25	0.19	-0.01	0.01	-0.09
YEL017W	0.01	0.19	0.76	0.38	0.07	0.16	-0.14
YER130C	-0.3	0.21	1.25	0.67	0.24	0.3	-0.07
YPR157W	-0.38	0.07	1.12	0.24	0.26	0.5	-0.09
YOR045W	-0.18	-0.03	0.71	0.2	0.36	0.5	0.01
YPL092W	-0.18	-0.07	1.03	0.5	0.36	0.41	0.14
YGL084C	-0.07	-0.07	0.52	0.38	0.3	0.25	0.11
YMR119W	-0.04	0.24	0.56	0.45	0.74	0.14	0.34
YLR231C	0.16	0.5	0.67	0.36	0.94	0.6	0.14
YDR019C	-0.01	0.43	0.89	1.29	1.94	0.54	0.21
YKL097C	0	0.15	0.62	0.56	1	0.45	-0.18
YDR109C	-0.03	-0.06	0.3	0.25	0.34	0.19	0.04
YJL091C	-0.1	0.08	0.4	0.29	0.36	0.26	0.01
YKR093W	-0.14	0.36	0.69	0.58	0.41	0.54	0.01
YKL219W	0.04	0.38	0.86	0.38	0.54	0.3	0.11
YDR133C	0.11	0.19	0.71	0.6	0.4	0.38	-0.12
YKL098W	0.19	0.36	0.86	0.64	0.74	0.38	0.04
YKL108W	0.16	0.5	1.03	0.81	1.03	0.78	-0.07
YKL096W	0.15	0.71	1.36	1.56	1.32	0.43	0.01
YBR221C	0.16	0.08	0.6	0.58	0.62	0.08	-0.03
YCR013C	0.12	0.19	0.2	0.12	0.2	0.12	-0.1
YKR088C	0.07	0.21	0.36	0.3	0.36	0.21	-0.23
YJL097W	0.11	0.16	0.48	0.25	0.4	0.38	-0.23
YNL307C	0.07	0.19	0.54	0.41	0.52	0.58	-0.25
YDL137W	0.34	0.26	0.41	0.29	0.64	0.48	-0.32
YOR124C	-0.1	0.04	0.11	0.38	0.58	0.64	-0.17
YGR295C	0.04	0.08	0.38	0.52	0.64	0.67	-0.23
YDL019C	-0.07	-0.06	0.24	0.3	0.3	0.36	-0.12
YJL171C	-0.27	0.26	0.58	0.84	0.81	1.25	-0.01
YAL044C	0.08	0.07	0.4	0.71	1.29	0.48	-0.54
YMR315W	0.08	0.03	0.16	0.34	0.4	0.07	-0.23
YPR185W	0.03	-0.27	0.45	0.5	0.04	0.78	-0.07
YLR028C	0.06		0.48	0.41	0.12	0.84	-0.04
YNL224C	0.04	-0.23	0.26	-0.01	-0.03	0.43	-0.01
YOR385W	0.11	-0.1	0.41	0.04	0.04	0.38	0.01
YER063W	0.12	-0.14	0.36	-0.09	0.08	0.56	-0.14
YPL045W	0.07	0.01	0.41	-0.06	-0.06	0.5	-0.1
YDR286C	-0.01	-0.04	0.45	-0.1	-0.04	0.6	-0.04
YOR264W	0.11	-0.1	0.5	0.03	-0.12	0.62	-0.27
YPR049C	0.14	-0.07	0.2	0.01	-0.07	0.36	-0.12
YGL115W	0.26	-0.07	0.41	0.15	-0.23	0.48	-0.17
YPR067W	0.25	-0.1	0.32	-0.09	-0.2	0.58	0.01
YPR147C	0.11	0.07	0.2	0.14	0.01	0.11	-0.03
YLR459W	0.26	-0.1	0.58	0.43	-0.06	0.45	-0.06
YGR135W	0.07	-0.06	0.45	0.2	-0.01	0.58	-0.17
YDR284C	-0.1	-0.14	0.74	0.2	-0.03	0.62	-0.27
YEL016C	-0.06	0	0.45	0.14	0.06	0.38	-0.12
YPL014W	-0.01	0	1.48	0.62	-0.07	0.78	-0.2
YLR414C	0.04	-0.1	0.58	0.24	-0.09	0.29	-0.04
YOR201C	-0.03	0.06	0.54	0.26	-0.36	0.32	-0.06
YPL041C	-0.06	0.01	0.76	0.25	-0.34	0.48	-0.04
YGL114W	-0.06	-0.06	0.64	0.07	-0.25	0.38	-0.15
YPL184C	0.12	0.03	0.43	0.01	-0.18	0.26	-0.01
YDR084C	-0.22	-0.06	0.38	0.24	-0.14	0.29	-0.18
YMR220W	-0.1	0.24	0.41	0.03	0.08	0.3	-0.01
YOR176W	0.01	0.04	0.89	0.01	0.01	0.64	0.03
YGL186C	0.06	0.14	0.69	0	-0.04	0.48	0.14
YPR106W	0.16	0.32	0.78	-0.03	-0.1	0.62	0.21
YJL051W	0.06	0.19	0.41	-0.03	0.06	0.32	0.01
YPR176C	0.08	0.38	0.86	-0.01	0.32	0.34	0.06
YGR252W	0.01	0.19	0.45	0.06	0.16	0.14	0.04
YPR146C	0.03	0.12	0.54	0.11	0.16	0.2	0.15
YPL176C	0.03	0.06	0.38	0.01	0.06	0.21	0.11
YOL107W	-0.01	0.11	0.64	0.14	0.2	0.5	0.19
YGR216C	0.08	0.32	0.97	0.12	0.25	0.56	0.2
YPL053C	0.04	0.32		0.11	0.32	0.74	0.19
YBL056W	0.01	0.41	0.56	0.12	0.12	0.56	0.14
YJL004C	-0.03	0.43	0.69	0.21	0.19	0.4	0.24
YHR030C	0.07	0.34	0.86	0.21	0	0.25	0.11
YOR002W	0.16	0.2	1.03	0.41	0.16	0.52	0.03
YEL047C	0.21	0.64	0.97	0.52	0.32	0.67	0.01
YDL126C	0.25	0.43	0.52	0.45	0.26	0.54	0
YFL031W	0.16	0.5	0.64	0.45	0.45	0.71	-0.1
YFL062W	0.16	0.34	0.76	0.67	0.64	0.86	0.06
YFL039C	0.34	0.2	0.5	0.36	0.41	0.48	-0.04
YIR022W	0.19	0.2	0.36	0.11	0.3	0.56	-0.2
YKR100C	0.19	0.3	0.36	0.06	0.19	0.58	-0.04
YBR010W	0.48	0.36	0.48	0.08	0.34	1.03	-0.09
YOR155C	0.06	0.48	0.4	0.19	0.29	0.64	0.08
YGR282C	0.19	0.52	0.6	0.64	0.52	1.22	0.16
YOL030W	0.4	0.38	0.74	0.54	0.71	1.48	0.03
YHR110W	0.12	0.16	0.29	0.16	0.43	0.6	0.04
YGL069C	0.04	0.29	0.36	0.15	0.36	0.78	0.06
YLR351C	0.06	0.16	0.48	0.16	0.25	0.45	0.03
YGR026W	0.15	0.34	0.69	0.24	0.25	0.67	-0.1
YPR108W	0.24	0.29	0.58	0.14	0.21	0.67	-0.01
YFR042W	0.19	0.26	0.64	0.41	0.21	0.89	0.08
YGR209C	0.16	0.04	0.84	0.36	0.48	1.18	0.25
YDL128W	-0.09	0.24	0.48	0.21	0.24	0.76	0.15
YKL051W	0	0.2	0.64	0.25	0.45	1	0.07
YKL119C	0.08	0.16	0.45	0.14	0.19	0.62	0.08
YGL032C	0	0.25	0.81	0.14	0.26	0.89	0.03
YGL142C	0.06	0.06	0.48	0.16	0.07	0.64	0
YKR090W	0.14	0.14	0.24	-0.04	0.07	0.26	-0.14
YOR323C	0.16	0.43	0.62	0.07	0.19	0.6	-0.3
YDR373W	0.15	0.34	0.34	-0.01	0.15	0.38	-0.12
YNL267W	0	0.26	0.36	0.01	0.19	0.32	-0.3
YDR139C	0.04	0.3	0.54	0.16	0.04	0.5	-0.27
YGR172C	0.11	0.3	0.56	0.3	0.06	0.4	-0.4
YMR218C	-0.1	0.15	0.26	0.11	0.11	0.36	-0.23
YDR065W	-0.06	0.14	0.24	0.14	0.07	0.38	-0.15
YLR418C	-0.1	0.25	0.4	0.06	-0.17	0.64	-0.27
YGL011C	0.14	0.38	0.34	0.08	-0.22	0.92	-0.34
YML105C	0.16	0.26	0.48	-0.1	-0.23	0.64	-0.18
YOL038W	0.15	0.15	0.4	-0.1	-0.07	0.58	-0.27
YMR005W	0.06	0.19	0.4	-0.1	-0.03	0.45	-0.23
YOR117W	0.07	0.32	0.38	-0.15	-0.04	0.81	-0.18
YHL034C	0.29	0.19	0.64	-0.22	0	0.92	-0.06
YGR024C	0.2	0.25	0.3	0.01	-0.01	0.45	0.01
YMR099C	0.41	0.36	0.41	0.04	-0.12	0.64	-0.07
YML053C	0.24	0.2	0.29	0	-0.12	0.52	-0.09
YGR180C	0.54	0.26	0.58	-0.04	0.08	0.76	-0.22
YBR020W	0.15	0.11	0.29	0.11	-0.03	0.48	-0.23
YDR071C	0.26	0.21	0.56	0.29	-0.1	0.78	-0.3
YMR236W	0.24	0.08	0.36	0.08	-0.1	0.56	-0.09
YBR234C	0.16	0.25	0.54	0.24	-0.06	0.58	-0.06
YHR188C	0.15	0.19	0.54	0.04	-0.04	0.38	-0.07
YJR087W	0.2	0.15	0.56	0.16	0.04	0.43	-0.2
YCL027W	0.36	0.45	0.52	0.26	-0.2	0.56	-0.07
YGL048C	0.29	0.2	0.24	0.04	0.11	0.89	0.21
YLR390W-A	0.26	0.03	0.32	-0.12	0.26	1.06	0.11
YLR421C	0.15	0.12	0.2	-0.22	0.26	0.86	0.15
YKL040C	0.16	-0.07	0.11	-0.17	0.25	0.6	0.12
YKR085C	-0.1	0.01	0.11	-0.03	0.25	0.56	-0.32
YGL243W	-0.09	0.03	0.15	-0.09	0.11	0.45	-0.18
YDR016C	-0.17	0	0.15	-0.03	0.06	0.5	-0.27
YDR468C	-0.12	-0.03	0.26	-0.14	-0.17	0.76	-0.15
YHR044C	-0.12	0.07	0.19	-0.03	0	0.6	-0.1
YML015C	-0.06	-0.01	0.29	-0.09	-0.03	0.69	-0.22
YIL005W	-0.04	0	0.21	-0.09	0.04	0.54	-0.2
YPL269W	-0.1	0.04	0.24	-0.23	0.06	0.58	-0.17
YLR330W	0.04	-0.06	0.11	-0.14	0.06	0.41	-0.17
YPR188C	0.03	-0.1	0.14	-0.12	0.03	0.48	-0.09
YMR203W	0.12	-0.17	0.19	0.14	0	0.58	-0.01
YDL135C	0.16	-0.09	0.29	0.06	0.16	0.67	-0.14
YLR163C	0.04	-0.01	0.11	-0.01	0.08	0.3	-0.03
YDR452W	0.12	-0.1	0.32	0.14	0.32	0.92	-0.06
YGR207C	0.04	-0.12	0.38	0.14	0.15	0.89	-0.04
YKL160W	0.12	0.01	0.48	0.12	0.07	0.92	0.08
YNL155W	0.2	0.04	0.36	0.21	0.03	1.15	0.06
YDR063W	0.24	0.08	0.41	0.21	0.26	1.06	0.03
YIL062C	0.24	0	0.4	0.36	0.29	1	0.14
YKR074W	0.16	-0.03	0.11	0.19	0.2	0.92	-0.06
YOL026C	0.07	0.01	0.08	0.07	0	0.62	0.07
YFR024C-A	0.01	-0.03	0.2	0.03	-0.01	0.69	-0.03
YKL117W	0.14	-0.06	0.4	0.08	-0.12	1.79	0.04
YNL181W	0.08	-0.06	0.15	0.01	-0.1	0.86	0.04
YER030W	-0.03	0.01	0.11	-0.01	-0.1	0.74	-0.04
YLR262C	0.03	0.03	0.5	0.15	-0.22	1.09	0
YMR074C	-0.06	0.07	0.26	0.24	0.04	0.92	-0.09
YLR069C	0.01	0.07	0.07	0.07	-0.06	0.41	-0.1
YKL138C	-0.01	0.15		0.15	-0.04	0.97	-0.15
YML070W	0.07	0.15	0.2	0.19	-0.06	0.97	-0.1
YKL140W	0.07	0.19	0.12	0.14	-0.07	0.58	-0.06
YDL029W	0.08	0.03	0.07	0.01	-0.1	0.56	-0.14
YKL013C	0.01	-0.07	0.06	0.19	0.12	0.81	-0.4
YLR118C	0.12	-0.06	0.14	0.12	0.06	0.67	-0.23
YMR226C	0.06	-0.03	0.11	0.01	0.15	0.94	-0.23
YNL031C	0.12	-0.06	0.03	-0.01	0.06	0.84	-0.25
YNL098C	0.25	0.16	0.2	0.07	0.43	1.15	-0.4
YDR328C	-0.04	0.04	0.16	0.16	0.19	0.94	-0.23
YFL038C	-0.03	0.19	0.12	0.25	0.24	1	-0.18
YJL104W	-0.1	0.24	0.19	0.07	0.24	0.76	-0.23
YPR183W	-0.15	0.21	0.64	-0.01	0.52	1.18	-0.23
YHR043C	-0.15	0.08	0.41	-0.04	0.25	0.89	-0.09
YOL108C	-0.04	0.29	0.52	0.01	0.08	0.97	0.01
YPL206C	0.03	0.16	0.32	0.12	0.12	0.64	-0.06
YOR087W	-0.14	0.15	0.3	0.11	0.16	0.6	-0.01
YGR165W	-0.15	0.25	0.29	0.12	0.07	0.78	-0.07
YBR282W	-0.12	0.25	0.26	0.2	0.06	0.94	0.06
YPR099C	-0.1	0.34	0.38	0.4	0.21	1.15	0.07
YDL178W	-0.15	0.24	0.24	0.3	-0.03	0.71	-0.07
YOR060C	-0.42	0.38	0.56	0.34	0.11	0.92	-0.1
YDR476C	-0.56	-0.07	0.52	0.07	-0.18	0.45	0.2
YHR177W	-0.4	0.03	0.56	-0.01	-0.3	0.45	0.32
YIL120W	-0.43	0.29	0.84	0.06	-0.3	0.71	0.34
YPL076W	-0.23	0.15	0.5	-0.18	0.01	0.45	0.12
YDR541C	-0.22	0.04	0.62	-0.2	0.04	0.4	0.14
YBL082C	-0.23	0.08	0.71	-0.3	-0.09	0.36	0.2
YOR229W	-0.34	0.08	0.56	-0.2	-0.1	0.34	0.2
YHR032W	-0.54	0.12	0.89	-0.12	0.04	0.41	0.38
YLR343W	-0.42	-0.12	0.58	-0.01	-0.17	0.38	0.36
YMR111C	-0.4	-0.15	0.71	-0.15	-0.18	0.52	0.45
YOR351C	-0.6	-0.03	0.86	-0.18	-0.12	0.71	0.56
YPL055C	-0.38	0	0.81	-0.14	-0.1	0.67	0.4
YBR065C	-0.29	-0.17	0.5	-0.17	0.01	0.52	0.38
YGL005C	-0.06	-0.12	0.38	-0.34	0.06	0.74	0.45
YHR090C	-0.07	-0.07	0.26	-0.2	0.11	0.78	0.34
YHL002W	-0.01	0.14	0.36	-0.25	0.08	0.81	0.43
YPR127W	0	0.11	0.25	-0.2	0.06	0.41	0.19
YGL091C	-0.07	0.06	0.34	-0.04	-0.15	0.58	0.19
YKR103W	-0.1	0.03	0.52	-0.04	-0.15	0.69	0.16
YEL052W	-0.04	-0.07	0.54	-0.18	-0.14	0.67	0.3
YMR222C	-0.1	-0.07	0.3	-0.1	0	0.4	0.14
YLR034C	-0.1	-0.09	0.3	-0.14	-0.09	0.34	0.07
YDL161W	-0.03	0.06	0.5	-0.22	0.04	0.48	0.24
YHR114W	-0.1	0.11	0.45	-0.23	-0.04	0.56	0.26
YOR205C	-0.15	0.24	0.62	-0.23	-0.09	0.52	0.3
YMR264W	-0.1	0.21	0.54	-0.06	0.07	0.6	0.26
YPR162C	-0.06	0.24	0.54	-0.01	0	0.5	0.25
YJL081C	-0.06	0.26	0.54	-0.06	0.06	0.41	0.2
YPL129W	-0.12	0.26	0.54	-0.12	0.15	0.5	0.08
YKR066C	-0.07	0.32	0.76	0.08	0.45	1.25	0.52
YGR220C	-0.06	0.21	0.58	0.08	0.25	0.92	0.48
YOR069W	-0.04	0.08	0.69	-0.1	0.24	0.71	0.48
YHR112C	-0.1	0.14	0.58	-0.18	0.12	0.67	0.43
YGR246C	-0.06	0.11	0.41	-0.07	0.16	0.54	0.32
YPL103C	-0.09	0.11	0.5	-0.07	0.11	0.71	0.32
YGR168C	-0.1	0.11	0.41	-0.03	0	0.58	0.26
YPR079W	-0.18	0.19	0.54	-0.07	0.03	0.71	0.43
YLR120C	-0.23	0.34	1	0.2	-0.2	1.18	0.32
YML002W	-0.1	0.15	0.41	0.07	0.03	0.6	0.15
YHR012W	-0.18	0.2	0.5	0.08	0.04	0.74	0.29
YJL020C	-0.34	0.34	0.58	0.24	0	1.06	0.41
YOR040W	-0.34	0.12	0.4	0.01	0.07	0.84	0.4
YIR036C	-0.42	0.16	0.56	-0.09	0.11	1.03	0.4
YGR077C	-0.2	0.01	0.5	-0.01	0.11	0.74	0.26
YOR137C	-0.18	0.04	0.4	-0.06	0.01	0.56	0.16
YBR005W	-0.3	0.03	0.62	0.03	-0.04	0.84	0.34
YER061C	-0.56	-0.03	0.69	0.06	0.12	0.89	0.5
YPL107W	-0.27	-0.09	0.56	-0.17	0.36	0.64	0.26
YPR045C	-0.1	-0.07	0.32	0	0.19	0.38	-0.01
YOR179C	-0.09	-0.18	0.54	0.19	0.38	0.78	0.16
YLR155C	-0.09	-0.14	0.5	0.06	0.2	0.48	0.25
YKR022C	-0.1	-0.04	0.5	0.04	0.08	0.56	0.14
YOL154W	-0.03	-0.06	0.3	0.01	0.12	0.6	0.16
YDR375C	-0.07	-0.06	0.2	-0.04	-0.01	0.48	0.01
YOL013C	-0.12	-0.1	0.2	-0.09	-0.04	0.71	0.11
YIL152W	-0.2	-0.07	0.14	-0.12	-0.06	0.67	0.14
YMR113W	-0.2	0.07	0.2	-0.09	0	0.54	0.12
YOR350C	-0.4	0.01	0.26	-0.01	0.06	0.56	0.14
YGR193C	-0.34	-0.04	0.32	-0.04	-0.12	0.52	0.15
YGR122W	-0.36	0.07	0.41	-0.17	-0.09	0.62	0.21
YMR198W	-0.42	-0.03	0.5	-0.14	-0.01	0.78	-0.04
YHR153C	-0.25	-0.09	0.4	-0.01	0.03	0.54	0.04
YFR010W	-0.29	-0.06	0.41	0.07	-0.09	0.67	0.04
YOR192C	0.04	-0.14	0.69	-0.01	-0.3	0.41	0.19
YER083C	0.03	-0.06	0.67	0	-0.14	0.6	0.21
YCR020C	0.08	-0.07	0.52	0.11	-0.1	0.52	0.26
YEL004W	-0.09	-0.15	0.74	0.19	-0.23	0.52	0.34
YLR341W	-0.3	-0.06	0.76	0.19	-0.25	0.45	0.15
YDR315C	-0.04	0.15	0.62	0.19	-0.29	0.45	0.4
YOR267C	0.19	0	0.71	0.19	-0.01	0.56	0.58
YDL009C	0.08	0	0.41	0.12	0.01	0.29	0.41
YHR214W	0.08	0.04	0.67	0.32	-0.04	0.56	0.67
YDR387C	0.07	0.07	0.89	0.5	0	0.56	0.74
YCR023C	0.15	0.12	0.86	0.62	0.11	1.06	0.94
YGL229C	0.04	0.12	0.32	0.36	-0.1	0.45	0.45
YAR068W	-0.22	0.26	0.58	0.41	-0.01	0.5	0.6
YDR061W	-0.15	0.12	0.74	0.14	-0.07	0.69	0.38
YMR087W	-0.07	0.03	0.48	0.11	-0.03	0.34	0.15
YBR036C	-0.27	0.03	0.81	0.29	0.06	0.67	0.29
YHR113W	-0.12	0.14	0.6	0.3	0.14	0.62	0.29
YER026C	-0.03	0.29	0.97	0.56	0.01	1.03	0.6
YDR107C	-0.12	0.24	0.81	0.43	-0.06	0.45	0.3
YHL028W	-0.23	0.07	1.18	0.84	0.21	0.74	0.41
YDR363W	-0.03	0.08	0.48	0.19	-0.2	0.52	0.21
YBR068C	0	0.01	0.64	0.34	-0.3	0.94	0.21
YPL118W	-0.03	-0.14	0.45	0.3	-0.22	1	0.2
YLR166C	0.03		0.2	0.14	-0.12	0.6	0.12
YOR090C	-0.12	0.38	0.29	0.03	-0.09	0.4	0.16
YHR146W	-0.06	0.56	0.58	0.01	-0.15	0.74	0.3
YKL145W	0.12	0.5	0.41	0	-0.01	0.81	0.14
YER048C	0.19	0.52	0.5	0.07	-0.17	1.09	0.32
YGL161C	0.16	0.29	0.5	0.14	-0.07	0.78	0.07
YBL001C	-0.04	0.5	0.48	0.32	-0.1	0.81	0.21
YAR031W	-0.14	0.41	0.36	0.26	-0.17	0.97	0.2
YAL008W	0.03	0.56	0.32	0.3	-0.15	1.09	0.43
YAR033W	0.03	0.36	0.4	0.19	-0.29	0.54	0.54
YNL252C	-0.1	0.38	0.4	0.19	-0.45	0.97	0.36
YMR152W	0.06	0.43	0.45	-0.03	-0.25	0.97	0.48
YDR073W	0.03	0.19	0.32	0.07	-0.38	0.62	0.3
YGR170W	0	0.06	0.16	0.01	-0.14	0.29	0.14
YGL219C	0.04	0.11	0.25	0.03	-0.18	0.4	0.26
YBR003W	-0.03	0.15	0.45	0.08	-0.34	0.62	0.41
YER094C	0.14	0.11	0.43	-0.01	-0.15	0.54	0.34
YPR061C	0.08	0.19	0.3	0.04	-0.17	0.36	0.16
YJR131W	0.16	0.26	0.43	0.07	-0.18	0.67	0.36
YDL147W	0.26	0.3	0.5	0.24	-0.34	0.89	0.48
YER050C	0.25	0.16	0.6	0.25	-0.3	0.92	0.32
YDR251W	0.25	0.29	0.36	0.45	-0.17	0.71	0.38
YML121W	0.21	0.3	0.54	0.04	-0.07	0.64	0.34
YPL091W	0.32	0.25	0.52	0.06	0.04	0.74	0.24
YML078W	0.2	0.16	0.4	0	0.11	0.43	0.19
YCR069W	0.11	0.11	0.32	-0.07	0.03	0.56	0.15
YGR143W	0.06	0.03	0.24	-0.04	0.12	0.32	0.11
YFR003C	-0.03	0.67	0.03	0.01	0.06	1.29	0.34
YDL079C	0.03	1.03	0.12	-0.1	-0.01	1.74	0.94
YDL107W	-0.14	0.58	0.16	-0.18	-0.06	0.81	0.29
YOL073C	-0.09	0.16	0.15	-0.18	-0.04	0.81	0.29
YJL099W	-0.04	0.14	0.14	-0.15	0.04	0.74	0.26
YLR107W	-0.03	0.36	0.24	-0.1	0.11	1.22	0.52
YGL185C	-0.03	0.34	0.19	-0.03	0.07	1.09	0.58
YOL151W	0.26	0.36	0.07	-0.17	-0.1	1.09	0.45
YNL322C	0.26	0.25	0.25	-0.1	-0.14	0.86	0.43
YGR253C	0.15	0.24	0.32	-0.18	-0.09	1.15	0.3
YAL031C	0.08	0.25	0.08	-0.18	-0.17	0.71	0.14
YOR075W	-0.01	0.29	0.26	-0.32	-0.2	0.81	0.34
YBR105C	0	0.56	0.29	-0.51	-0.15	0.84	0.34
YBR200W	0.16	0.25	0.06	-0.12	-0.01	0.32	0.04
YPR086W	-0.04	0.36	0.54	-0.32	-0.12	0.71	0.06
YML115C	0.08	0.32	0.3	-0.14	0.03	0.41	0
YHL046C	0.07	0.16	0.11	-0.04	-0.03	0.16	0.03
YHR132C	0.2	0.29	0.26	-0.06	-0.12	0.32	0.07
YLL036C	0.15	0.2	0.2	-0.23	-0.12	0.3	0.11
YBL105C	0.19	0.3	0.29	-0.29	-0.03	0.29	-0.03
YLR227C	0.08	0.2	0.26	-0.2	-0.07	0.11	0.07
YDR167W	-0.1	0.41	0.36	-0.18	-0.04	0.24	0.06
YHR207C	-0.1	0.14	0.25	-0.17	0.01	0.29	-0.18
YLR321C	-0.12	0.14	0.45	-0.17	0.06	0.32	-0.23
YPL083C	-0.07	0.06	0.41	-0.1	0.03	0.41	-0.25
YNL188W	-0.09	0.11	0.54	-0.27	0.04	0.45	-0.07
YJR072C	0	0.25	0.48	-0.42	0.24	0.52	-0.06
YDR539W	0.04	0	0.38	-0.23	0.06	0.41	0.08
YIL063C	0.07	0.06	0.32	-0.27	-0.04	0.29	-0.01
YOR353C	0.03	0.04	0.52	-0.29	-0.1	0.29	0.07
YBL036C	-0.1	-0.09	0.48	-0.34	-0.09	0.3	0.04
YJR074W	-0.04	-0.04	0.2	-0.23	0.32	0.38	0.03
YPR082C	-0.03	0.07	0.38	-0.09	0.54	0.43	0.16
YLR375W	-0.34	0.19	0.48	-0.23	0.36	0.48	0.19
YJR068W	-0.43	0.36	0.43	-0.1	0.5	0.62	-0.14
YJL060W	-0.23	0.16	0.43	0.06	0.32	0.4	-0.18
YOL088C	-0.14	0.07	0.3	-0.01	0.19	0.34	-0.18
YOR246C	-0.14	-0.03	0.48	-0.04	0.54	0.5	-0.34
YOR189W	-0.04	-0.18	0.2	-0.03	0.32	0.45	-0.14
YMR086W	-0.04	-0.14	0.19	0.11	0.36	0.34	-0.04
YGR125W	-0.18	-0.22	0.19	0.24	0.38	0.24	-0.1
YBL006C	-0.1	-0.18	0.34	0	0.24	0.11	-0.1
YNL177C	-0.49	0.03	0.52	0.38	0.21	0.62	0
YCL038C	-0.38	0.16	0.12	0.11	0.11	0.54	-0.03
YHR018C	0.24	0.36	0.14	0.07	0.19	0.54	0.16
YJL034W	0.38	0.38	0.07	-0.04	0.07	0.54	0.5
YJR148W	0.04	0.08	-0.23	-0.36	0.07	0.54	0.3
YKL038W	0.06	0.04	-0.23	-0.42	0.29	0.56	0.6
YJR038C	-0.04	-0.04	-0.18	-0.27	0.38	0.64	0.45
YIL010W	-0.1	0.14	0.2	-0.18	0.32	0.81	0.24
YAL061W	-0.49	0.2	-0.23	-0.3	0.76	1.89	0.6
YOL018C	-0.09	-0.01	0.03	-0.1	0.16	0.36	0
YPL099C	-0.03	-0.1	-0.03	-0.22	0.15	0.76	0.14
YMR029C	-0.1	-0.04	-0.06	-0.47	0.26	0.94	0.36
YDR327W	-0.06	-0.03	0.04	-0.3	0.26	0.64	0.11
YJR144W	-0.18	0.01	-0.03	-0.2	0.12	0.5	0.08
YPR166C	-0.12	-0.06	-0.03	-0.07	0.04	0.36	0.06
YHR116W	-0.1	-0.23	0.07	-0.07	0.15	0.41	0.03
YPR180W	-0.27	-0.27	0.14	-0.25	0.24	0.76	-0.1
YJL152W	-0.58	-0.4	0.08	-0.32	0.3	1.06	-0.06
YJL057C	-0.42	-0.32	-0.01	-0.3	0.03	0.6	0.07
YHR059W	-0.22	-0.3	-0.04	-0.3	-0.03	0.52	0.01
YDR229W	-0.23	-0.25	-0.03	-0.36	-0.03	0.81	-0.06
YDL139C	-0.2	-0.2	0.11	-0.27	0.01	0.67	-0.03
YLR392C	-0.54	-0.32	-0.29	-0.56	0.32	0.69	-0.07
YNL046W	-0.36	-0.03	0.08	-0.25	0.04	0.25	0.03
YGL132W	-0.56	-0.36	0.2	-0.29	0.11	0.43	-0.09
YJL003W	-0.23	-0.25	0.04	-0.25	-0.07	0.29	0.07
YMR245W	-0.29	-0.34	0.08	-0.3	-0.1	0.3	
YNL285W	-0.34	-0.38	0.2	-0.34	-0.17	0.43	-0.07
YPR081C	-0.18	-0.22	0.14	-0.3	-0.09	0.12	-0.04
YKR023W	-0.27	-0.15	0.14	-0.36	0.01	0.3	-0.06
YOL113W	-0.3	-0.1	0.32	-0.45	-0.12	0.43	-0.06
YJL199C	-0.23	-0.14	0.26	-0.06	0	0.24	0.11
YBR180W	-0.58	-0.23	0.26	-0.2	-0.03	0.56	0.24
YIR003W	-0.67	-0.15	0.25	-0.22	0.11	0.94	0.32
YMR135C	-0.58	-0.07	0.5	-0.23	0.32	1	0.58
YMR253C	-0.14	-0.15	0.24	-0.14	0.04	0.43	0.15
YDR288W	-0.34	-0.4	0.45	-0.09	0.14	0.81	0.25
YNL265C	-0.3	-0.27	0.52	-0.04	0.11	0.84	0.48
YJL131C	-0.62	-0.51	0.6	0.01	0.38	0.89	0.67
YJL037W	-0.58	-0.64	0.48	-0.15	0.41	0.78	0.48
YFR039C	-0.56	-0.3	0.4	0.11	0.26	0.81	0.21
YMR018W	-0.36	-0.67	0.36	0.06	0.03	0.84	0.24
YGL248W	-0.23	-0.47	0.32	0.04	-0.06	0.62	0.3
YHR001W	-0.27	-0.45	0.48	0.14	-0.06	0.84	0.25
YGL104C	-0.27	-0.32	0.38	0.25	-0.01	0.67	0.21
YGR223C	-0.42	-0.43	0.16	0.36	-0.18	0.74	0.19
YPL072W	-0.54	-0.27	0.2	0.2	-0.06	0.34	-0.09
YJL046W	-0.67	-0.47		0.12	-0.18	0.71	0.07
YHR166C	-0.62	-0.32		0.15	-0.27	0.6	0.08
YDR176W	-0.38	-0.23	0.29	0.06	-0.22	0.5	-0.03
YPL104W	-0.34	-0.18	0.19	0	0.07	0.58	-0.06
YMR267W	-0.38	-0.27	0.3	-0.12	0.25	0.6	-0.22
YLR158C	-0.27	-0.18	0.25	0	0.2	0.45	-0.09
YLR160C	-0.27	-0.25	0.26	0.08	0.26	0.41	-0.1
YOL148C	-0.25	-0.07	0.19	0.06	0.15	0.34	-0.1
YDR294C	-0.15	-0.04	0.3	0.08	0.04	0.5	-0.17
YPR047W	-0.18	-0.23	0.41	0.15	-0.04	0.71	-0.15
YJL096W	-0.34	-0.29	0.5	0.15	-0.25	0.97	-0.04
YCL032W	-0.47	-0.22	0.11	0	-0.25	0.81	-0.23
YDR122W	-0.4	-0.3	0.03	0.04	-0.27	0.81	-0.14
YGL002W	-0.12	-0.2	0.11	-0.01	-0.2	0.67	-0.23
YDL002C	-0.27	-0.2	0.26	0.03	-0.09	0.89	-0.32
YMR282C	-0.1	-0.22	0.08	0.06	0	0.69	-0.12
YBR014C	-0.23	-0.25	0.12	0.04	0.12	0.74	-0.15
YGL082W	-0.14	-0.38	0.19	0.21	-0.12	0.58	-0.1
YNR008W	-0.04	-0.27	-0.04	0.04	-0.07	0.4	-0.03
YOL166C	-0.18	-0.4	0.04	0.12	-0.03	0.3	-0.04
YGL130W	-0.27	-0.69	0.3	0.08	-0.07	0.69	-0.29
YGR047C	-0.18	-0.43	0.06	-0.06	-0.09	0.64	-0.23
YKL049C	-0.17	-0.27	0.07	-0.07	0.07	0.32	-0.09
YJL114W	-0.56	-0.34	0	0.25	0.19	0.62	0.19
YNL122C	-0.25	-0.18	-0.01	0.07	0.36	0.76	0.15
YKL169C	-0.27	-0.34	0	0.19	0.24	0.92	0.24
YIL070C	-0.1	-0.1	-0.14	0.16	0.21	0.58	0.25
YJR125C	-0.15	-0.14	-0.2	0.14	0.16	1.29	0.38
YKL167C	-0.12	-0.18	-0.15	0.08	0.19	1	0.45
YLR218C	-0.12	-0.34	-0.15	0.07	0.15	1.22	0.52
YJR079W	-0.1	-0.47	-0.1	0.2	0.24	1.32	0.69
YGR219W	-0.1	-0.27	-0.07	0.14	0.15	0.81	0.24
YNL007C	0.04	-0.54	0.08	-0.03	0.06	1.36	0.74
YHR097C	-0.22	-0.42	0	0.12	0.01	1.03	0.64
YMR124W	-0.07	-0.18	0	0.01	-0.06	0.4	0.21
YLR284C	-0.42	-0.71	-0.27	-0.09	-0.49	1.15	0.34
YIL071C	-0.18	-0.4	-0.17	-0.06	-0.25	0.74	0.14
YIL077C	-0.43	-0.54	-0.18	-0.15	-0.29	1.29	0.32
YGR205W	-0.27	-0.4	-0.12	-0.27	-0.29	0.86	0.26
YBR062C	-0.42	-0.67	-0.07	-0.29	-0.47	1.18	0.32
YCL016C	-0.42	-0.51	-0.01	-0.07	-0.27	0.97	0.12
YCL052C	-0.56	-0.54	-0.01	-0.03	-0.43	0.89	0.16
YCL036W	-0.38	-0.3	-0.04	-0.1	-0.49	1.03	0.12
YGR247W	-0.3	-0.43	0.24	-0.18	-0.27	0.94	0.4
YGL152C	-0.25	-0.42	0.21	-0.15	-0.34	0.86	0.26
YIR032C	-0.14	-0.19	0.1	-0.01	-0.15	0.3	0.04
YGL228W	-0.23	-0.34	0.2	0.01	-0.25	0.56	0.19
YJR084W	-0.36	-0.6	0.32	-0.04	-0.23	0.78	0.2
YGR129W	-0.18	-0.54	0.11	-0.12	-0.23	0.74	0.14
YOR170W	-0.1	-0.23	0.04	-0.06	-0.18	0.45	0.06
YIL098C	-0.34	-0.62	0.43	0.21	-0.32	1.65	0.15
YLR324W	-0.29	-0.34	0	0.03	-0.18	0.97	0.11
YBR185C	-0.36	-0.32	0.14	0.01	-0.14	0.86	0.06
YDR512C	-0.34	-0.27	0.14	-0.01	-0.15	0.76	0.14
YKL079W	-0.22	-0.25	0.11	0.01	-0.06	0.54	-0.04
YDL045C	-0.15	-0.1	-0.03	0.11	0	0.43	0.04
YJR059W	-0.2	-0.43	-0.25	0.24	0.07	1.03	-0.04
YML079W	-0.06	-0.32	-0.12	0.01	-0.07	1	-0.18
YLR011W	-0.06	-0.25	-0.1	0.04	0.01	0.64	-0.07
YDR462W	-0.25	-0.36	-0.04	-0.06	0.19	0.97	0.12
YKL087C	-0.1	-0.25	-0.07	0	0	0.67	0.07
YJL170C	-0.36	-0.79	-0.09	-0.03	-0.1	1.6	
YNL051W	-0.18	-0.42	-0.1	-0.09	-0.01	0.94	0.24
YGL004C	-0.51	-0.58	-0.07	-0.07	-0.06	1.29	0.24
YDR058C	-0.51	-0.62	-0.23	0.01	-0.04	1.09	0.19
YOR028C	-0.38	-0.3	-0.3	-0.2	-0.32	1.4	-0.12
YKL002W	-0.27	-0.25	-0.07	-0.18		1.25	0.08
YLR254C	-0.38	-0.27	-0.12	-0.14	-0.1	1.32	0
YNL073W	-0.25	-0.38	-0.15	-0.07	-0.09	1.12	0.03
YDL230W	-0.36	-0.4	-0.23	-0.04	-0.2	1.29	0.15
YML129C	-0.12	-0.22	-0.27	0.04	-0.12	1.06	0
YDL193W	-0.09	-0.2	-0.12	0.06	0.06	1	0.14
YMR284W	-0.17	-0.23	-0.1	-0.03	0.06	1.29	0.19
YMR157C	-0.17	-0.25	0.03	0.04	-0.04	1.22	0.2
YDR486C	-0.09	-0.23	-0.1	-0.23	-0.1	1.18	0.14
YKR049C	-0.06	-0.23	-0.03	-0.1	-0.09	1.43	0.12
YKL105C	0.03	-0.17	-0.04	-0.17	0.07	1.06	0.07
YNL005C	-0.09	-0.3	-0.17	0.2	-0.04	1.09	0.12
YNL084C	-0.06	-0.27	-0.04	0.12	-0.18	1.06	0.14
YNL157W	0	-0.23	-0.06	0.14	-0.14	0.67	0.01
YBR251W	-0.23	-0.25	0	0.15	-0.32	1	0.15
YIL156W	-0.1	-0.01	0	-0.04	-0.07	0.5	0.06
YGL087C	-0.1	-0.07	-0.09	-0.1	-0.14	0.69	0.15
YGL190C	-0.17	-0.12	-0.09	-0.1	-0.42	1.03	0.24
YKL162C	-0.23	-0.15	0.03	0	-0.29	1.22	0.36
YPR155C	-0.23	-0.23	-0.17	-0.09	-0.03	1	0.41
YJL042W	-0.17	-0.17		-0.07	0	0.67	0.21
YNR071C	-0.62	-0.36	-0.23	-0.09	-0.32	1.94	0.58
YIR001C	-0.25	-0.27	0.06	-0.12	-0.1	1	0.36
YOR120W	-0.43	-0.38	-0.09	-0.14	-0.17	1.79	0.62
YFL054C	-0.67	-0.36	-0.14	-0.27	-0.18	2.48	0.97
YNR073C	-0.42	-0.42	-0.2	-0.34	-0.29	2.19	1
YJL142C	-0.18	-0.3	-0.07	-0.06	-0.18	1.22	0.5
YLR408C	-0.07	-0.2	0.03	-0.01	-0.12	0.76	0.32
YJL219W	-0.01	-0.1	-0.06	-0.06	-0.1	0.71	0.29
YLR240W	-0.07	-0.18	-0.23	-0.03	-0.18	1.03	0.4
YLR102C	-0.09	-0.15	-0.07	-0.07	-0.27	0.69	0.29
YKL186C	-0.09	-0.17	-0.01	-0.1	-0.29	0.67	0.3
YLR260W	-0.18	-0.3	-0.04	-0.15	-0.38	1.09	0.43
YOR064C	-0.18	-0.22	-0.04	-0.1	-0.25	0.67	0.26
YGR127W	-0.23	-0.42	-0.1	-0.25	-0.32	1.06	0.41
YOL150C	-0.1	-0.36	-0.17	-0.18	-0.18	0.92	0.34
YPL260W	-0.06	-0.18	-0.15	-0.23	-0.14	0.84	0.24
YIL165C	-0.29	-0.01	-0.2	-0.34	-0.22	1.06	0.36
YDL097C	-0.03	-0.17	-0.1	-0.43	-0.27	1.03	0.29
YIL045W	-0.03	-0.17	-0.1	-0.25	-0.25	0.64	0.19
YNL215W	-0.04	-0.2	-0.09	-0.3	-0.23	0.62	0.16
YNR034W	-0.17	-0.36	-0.43	-0.4	-0.47	1.52	0.24
YJR022W	-0.14	-0.17	-0.15	-0.32	-0.15	0.67	0.11
YNR014W	-0.38	-0.29	-0.2	-0.56	-0.2	1.52	0.2
YOR121C	-0.29	-0.32	-0.06	-0.36	-0.27	1.22	0.29
YKL218C	-0.27	-0.25	0	-0.3	-0.12	0.86	0.06
YDR421W	-0.09	-0.2	-0.17	-0.12	0	0.41	0.07
YAL015C	-0.07	-0.22	-0.22	-0.15	0.07	0.84	0.19
YOR352W	-0.23	-0.1	-0.14	-0.15	-0.06	1.03	-0.2
YLR204W	-0.09	-0.07	-0.15	0.03		1.09	-0.12
YLR082C	-0.09	-0.06	0.04	-0.01		0.6	-0.12
YKL201C	-0.1	0.01	-0.01	-0.04	-0.18	0.84	-0.2
YGR206W	-0.01	0.03	0	-0.09	-0.17	0.6	-0.09
YKR064W	0.04	0	0.06	-0.1	-0.03	0.86	-0.01
YFL010C	0.01	0.01	0.12	-0.17	-0.15	0.84	0.06
YJL123C	-0.03	-0.03	0.11	-0.22	-0.03	0.74	-0.01
YGR048W	0.04	-0.04	0.07	-0.27	-0.09	0.71	-0.01
YML020W	-0.01	-0.1	-0.04	-0.29	-0.07	0.84	-0.12
YLR079W	0.03	-0.07	-0.22	-0.43	-0.23	1.09	-0.18
YLR370C	0.07	0.11	0	-0.27	0.08	0.92	-0.14
YGR120C	0.01	0.14	-0.01	-0.12	0.07	0.4	0
YLR132C	-0.04	0.14	-0.09	0.04	-0.07	0.69	0.06
YGL098W	-0.15	0.07	-0.07	0.01	-0.17	0.69	0.01
YKL213C	-0.15	0.08	-0.01	0.14	-0.1	0.67	0.01
YDR230W	-0.3	0.06	-0.06	0.14	0.11	1.22	
YNL137C	-0.15	-0.01	-0.04	0	0.04	0.6	0.03
YNL040W	-0.15	0.01	-0.01	-0.04	0.14	0.94	0.26
YBR137W	-0.17	0.38	-0.14	0	0.01	1.74	0.58
YLR422W	-0.2	-0.09	-0.27	-0.06	-0.1	0.5	0.21
YLR390W	-0.03	-0.42	0.01	0.03	-0.23	0.56	0.12
YGL129C	0.07	-0.49	0.11	-0.15	-0.36	0.78	0.36
YKR011C	0.04	-0.49	0.15	-0.25	-0.29	0.86	0.15
YLR455W	0.04	-0.34	0.11	-0.07	-0.22	0.34	0
YJR011C	0.21	-0.56	0.15	0.01	-0.51	0.78	0
YMR025W	0.03	-0.34	0.11	0.07	-0.56	0.71	0.01
YLR289W	-0.09	-0.45	0.08	0.08	-0.58	0.81	0.03
YKR051W	0	-0.23	0.12	0.03	-0.23	0.58	0
YGR137W	0.29	-0.32	0.08	0.12	-0.04	0.86	0.21
YMR044W	0.12	-0.12	-0.07	0	-0.1	0.21	-0.04
YNR035C	0.06	0.01	-0.1	-0.04	-0.15	0.29	0
YLR309C	0.19	-0.03	-0.54	-0.07	-0.09	0.69	0.14
YMR002W	0.48	0.08	-0.23	-0.15	-0.04	1.09	0.45
YJR045C	0.25	0.21	-0.22	-0.01	0.04	0.69	0.41
YHR162W	0.12	0.03	0.03	-0.01	0.24	0.2	
YBL007C	0.16	-0.1	0.08	0.19	0.29	0.48	-0.04
YFR026C	-0.3	0.11	-0.01	-0.22	0.21	0.54	-0.18
YER135C	-0.51	0.34	0.06	-0.32	0.19	0.69	0
YER161C	-0.34	0.16	0.3	-0.49	0.2	0.64	0.01
YDR347W	-0.09	0.15	0.15	-0.18	0.15	0.38	0.04
YPL096W	-0.45	0.3	0.3	-0.23	-0.09	0.67	0
YGL019W	-0.17	0.43	0.14	-0.06	-0.18	0.5	-0.14
YCR083W	-0.12	0.71	0	-0.36	-0.4	0.62	-0.2
YJL184W	-0.1	0.29	0.03	-0.23	-0.27	0.48	-0.29
YJR112W	-0.27	0.43	0.21	-0.06	-0.6	0.56	-0.34
YHR150W	-0.1	0.38	0.19	-0.14	-0.38	0.29	-0.22
YDL200C	-0.27	0.41	0.04	-0.17	-0.36	0.32	-0.01
YML047C	-0.62	0.6	0.25	-0.18	-0.42	0.34	-0.58
YHL019C	-0.47	0.32	0.11	-0.12	-0.23	0.41	-0.27
YBR066C	-0.56	0.25	0.03	-0.04	-0.23	0.45	-0.34
YBL091C	-0.79	0.21	0.71	0.06	-0.49	0.52	-0.34
YBR217W	-0.45	0.34	0.4	0.07	-0.56	0.21	-0.18
YER005W	-0.42	0.15	0.32	-0.14	-0.62	0.36	-0.27
YJR128W	-0.49	0.48	0.84	-0.36	-0.62	0.26	-0.22
YML051W	-0.25	0.41	0.54	-0.18	-0.36	0.4	-0.4
YOL070C	-0.15	0.38	0.5	-0.27	-0.34	0.34	-0.25
YNL250W	-0.18	0.12	0.3	-0.18	-0.23	0.2	-0.17
YDR266C	-0.22	0.23	0.41	-0.31	-0.35	0.17	-0.41
YHR144C	-0.34		0.52	-0.18	-0.43	0.26	-0.42
YOR105W		0.15	0.26	-0.06	-0.18	0.06	-0.23
YGR038W	-0.22	0.21	0.45	0.19	-0.14	0.15	-0.15
YBL089W	-0.34	0.24	0.52	0	-0.3	0.01	0.03
YDR379W	-0.09	0.14	0	0.14	-0.1	0.16	0.15
YDR517W	-0.29	0.16	0.01	0.12	-0.14	0.3	0.4
YDR259C	-0.29	0.04	-0.25	0.24	-0.6	0.48	0.58
YFL029C	-0.07	0.06	0	0.03	-0.18	0.04	0.12
YBR076W	-0.51	0.12	0.12	0.11	-0.54	0.36	0.43
YML029W	-0.23	0	0.04	0.07	-0.18	0.06	0.16
YCR105W	-0.62	-0.27	0.34	0.52	-0.3	0.52	0.29
YHR160C	-0.38	-0.25	0.15	0.38	-0.51	0.43	
YDR088C	-1.06	-0.54	-0.15	0.19	-0.64	0.54	0.12
YDR263C	-0.4	-0.33	-0.05	0.03	-0.57	0.22	0.05
YHL041W	-0.38	-0.27	-0.22	0.19	-0.47	0.25	0.04
YFR012W	-0.49	-0.49	-0.25	0.32	-0.56	0.45	0.08
YDR102C	-0.3	-0.36	-0.1	0.3	-0.74	0.5	-0.06
YNL011C	-0.17	-0.36	-0.14	0.03	-0.4	0.32	-0.01
YDR220C	-0.32	-0.1	-0.17	-0.18	-0.47	0.4	-0.09
YJR154W	-0.27	0.03	-0.04	-0.04	-0.49	0.45	-0.14
YBR211C	-0.4	-0.06	0	-0.17	-0.62	0.41	-0.29
YDR252W	-0.25	-0.12	0.03	-0.18	-0.56	0.26	-0.18
YDR360W	-0.18	0.03	-0.04	-0.12	-0.6	0.2	-0.22
YMR151W	-0.3	-0.1	-0.18	-0.17	-0.56	0.11	-0.23
YAR029W	-0.51	0.04	-0.34	0.07	-0.58	0.26	-0.23
YBR231C	-0.76	0.48	-0.3	-0.12	-0.81	0.4	-0.29
YDR078C	-0.43	0.3	-0.12	-0.07	-0.54	0.36	
YCR040W	-0.69	0.67	-0.22	-0.62	-0.74	0.2	0.04
YBL073W	-0.56	0.32	-0.18	-0.67	-0.69	0	-0.01
YBR213W	-0.69	0.29	-0.18	-0.51	-0.71	0.12	-0.06
YGL240W	-0.74	0.36	-0.18	-0.67	-0.56	0.08	-0.23
YER084W	-0.51	-0.01	-0.27	-0.36	-0.62	0.21	-0.12
YBR239C	-0.64	0.2	-0.25	-0.64	-0.89	0.34	-0.17
YDR332W	-0.43	0.11	0	-0.36	-0.43	0.2	-0.09
YBR207W	-0.43	-0.01	-0.06	-0.2	-0.43	0.24	-0.04
YAL010C	-1.18	-0.1	0.04	-0.89	-0.92	0.36	-0.18
YAL013W	-0.76	-0.29	-0.1	-0.71	-0.64	0.21	-0.1
YIR029W	-1.03	0.08	-0.29	-0.64	-0.51	0.34	0.12
YML101C	-0.42	-0.01	-0.27	-0.45	-0.23	0.08	0.06
YKR002W	-0.62	0.08	0.14	-0.29	-0.22	0.26	-0.04
YHR122W	-1.12	0.07	0.29	-0.42	-0.4	0.32	-0.09
YBR044C	-0.49	0	0.24	-0.1	-0.6	0.19	-0.01
YBR184W	-0.6	0.2	0.25	0	-0.71	0.01	-0.03
YCL010C	-0.34	0.41	0.12	-0.18	-0.54	0	0.11
YCL004W	-0.34	0.12	0.07	-0.29	-0.49	0.06	0.16
YFR027W	-0.58	0.2	0.14	-0.29	-0.71	0.2	0.29
YAR062W	-0.42	0.2	0.14	-0.1	-0.67	0.24	0.43
YBL097W	-0.4	0.15	0.32	-0.3	-0.58	0.3	0.41
YMR265C	-0.67	0.41	0.38	-0.4	-0.67	0.32	0.19
YER095W	-0.84	0.36	0.48	-0.38	-0.56	0.25	0.58
YNL230C	-0.29	-0.18	0.58	0.03	-0.54	0.06	0.12
YDR316W	-0.64	-0.14	0.54	-0.1	-0.58	0.15	0.26
YBL069W	-0.56	-0.04	0.48	-0.22	-0.47	0	0.16
YLR296W	-0.58	-0.23	0.56	-0.43	-0.56	-0.03	0.07
YIR031C	-0.6	-0.43	0.69	-0.51	-0.34	0.19	0.04
YLR366W	-0.42	-0.42	0.71	-0.36	-0.56	0.25	0.06
YMR106C	-0.27	-0.1	0.43	-0.56	-0.38	0.21	0.04
YGR156W	-0.04	-0.27	0.29	-0.22	-0.3	0.15	-0.1
YMR227C	-0.1	-0.34	0.32	-0.45	-0.54	0.32	-0.14
YGR188C	0	-0.25	0.25	-0.23	-0.42	0.24	-0.04
YDR128W	0.01	-0.18	0.21	-0.14	-0.34	0.16	-0.18
YDR140W	-0.1	-0.23	0.29	-0.3	-0.71	0.32	-0.18
YNL240C	-0.06	-0.12	0.32	-0.3	-0.47	0.21	-0.14
YBL029W	-0.07	-0.1	0.29	-0.25	-0.43	0.21	-0.18
YPL194W	0	-0.17	0.3	-0.27	-0.47	0.15	-0.23
YBR061C	-0.1	-0.15	0.38	-0.43	-0.58	0.15	-0.3
YKR034W	-0.07	-0.1	0.45	-0.18	-0.6	0.19	-0.23
YBR228W	-0.07	-0.1	0.08	-0.17	-0.34	0.08	-0.14
YKR053C	-0.14	-0.2	0.14	-0.29	-0.56	0.29	-0.27
YMR177W	-0.07	-0.32	0.12	-0.4	-0.6	0.32	-0.22
YFL034C-B	-0.29	-0.42	0.21	-0.45	-0.79	0.4	-0.23
YPL108W	-0.23	-0.34	0.12	-0.36	-0.42	0.25	-0.14
YGL244W	-0.34	-0.25	0.16	-0.43	-0.51	0.19	-0.1
YBR271W	-0.42	-0.27	0.3	-0.67	-0.69	0.21	-0.42
YEL072W	-0.25	-0.06	0.14	-0.34	-0.43	0.08	-0.25
YBL081W	-0.38	-0.29	0.52	-0.49	-0.56	0.08	-0.36
YBR058C	-0.32	-0.23	0.34	-0.29	-0.34	0.12	-0.3
YDR292C	-0.36	-0.49	0.52	-0.34	-0.64	0.11	-0.4
YLR364W	-0.23	-0.34	0.3	-0.23	-0.3	0.04	-0.3
YAL042W	-0.67	-0.56	0.48	-0.51	-0.45	0.32	-0.74
YGR169C	-0.49	-0.29	0.24	-0.23	-0.27	0.32	-0.2
YBL055C	-0.71	-0.43	0.52	-0.4	-0.43	0.32	-0.23
YBL057C	-0.67	-0.38	0.41	-0.3	-0.54	0.3	-0.18
YDR488C	-0.36	-0.34	0.21	-0.2	-0.38	0.21	-0.1
YOL054W	-0.36	-0.43	0.26	-0.3	-0.45	0.41	-0.12
YJL162C	-0.38	-0.43	0.38	-0.4	-0.62	0.38	-0.4
YMR233W	-0.51	-0.3	0.36	-0.47	-0.6	0.41	-0.22
YHR031C	-0.4	-0.18		-0.38	-0.49	0.38	-0.23
YKR041W	-0.43	-0.15	0.36	-0.45	-0.51	0.48	-0.27
YIL150C	-0.4	-0.23	0.29	-0.42	-0.49	0.58	-0.32
YCL028W	-0.3	-0.17	0.19	-0.14	-0.27	0.25	-0.23
YDR348C	-0.42	-0.18	0.2	-0.27	-0.36	0.25	-0.34
YMR276W	-0.92	-0.29	0.78	-0.67	-0.97	0.38	-0.36
YGL063W	-0.43	-0.07	0.4	-0.2	-0.43	0.19	-0.04
YDR162C	-0.09	0.06	0.12	-0.36	-0.54	0.24	-0.18
YDR164C	-0.1	0.08	0.26	-0.3	-0.6	0.24	-0.18
YHL027W	-0.03	0.06	0.11	-0.23	-0.51	0.21	0
YIR020C	-0.18	0.06	0.24	-0.15	-0.47	0.19	0
YML060W	-0.2	0.11	0.21	-0.17	-0.43	0.16	-0.03
YGR004W	-0.15	0.08	0.36	-0.3	-0.45	0.25	-0.09
YER140W	-0.23	0.08	0.38	-0.34	-0.43	0.26	-0.09
YJR153W	0.01	0.06	0.34	-0.32	-0.56	0.32	0.16
YOR393W	0	0.03	0.26	-0.27	-0.54	0.3	0.14
YOR316C	-0.14	0.11	0.36	-0.27	-0.71	0.36	0.32
YMR187C	-0.15	0.01	0.4	-0.18	-0.47	0.26	0.3
YLR332W	-0.3	-0.12	0.5	-0.43	-0.76	0.45	0.24
YDR090C	-0.12	-0.06	0.24	-0.17	-0.49	0.19	-0.01
YGL183C	-0.32	-0.18	0.26	-0.15	-0.94	0.45	0.08
YBR170C	-0.23	-0.09	0.38	-0.14	-0.89	0.48	0.19
YGL085W	-0.04	-0.22	0.32	-0.06	-0.56	0.36	0.01
YKR032W	-0.03	-0.12	0.14	-0.23	-0.56	0.24	0.25
YLR263W	-0.1	-0.18	0.14	-0.34	-0.54	0.15	0.21
YOL024W	-0.18	-0.22	0.16	-0.42	-0.54	0.06	0.06
YLR352W	-0.22	-0.23		-0.69	-0.71	0.21	0.06
YGL057C	-0.18	0.01	0.12	-0.32	-0.38	0.11	0.06
YER019W	-0.34	-0.03	0.2	-0.43	-0.62	0.12	0.08
YDR234W	-0.29	0.06	0.12	-0.81	-1.12	0.34	0.26
YCL004W	-0.06	0.12	0.07	-0.34	-0.54	0.14	0.24
YKL095W	-0.1	-0.14	0.24	-0.27	-0.54	0.01	0.11
YDR414C	-0.23	-0.1	0.36	-0.32	-0.56	-0.09	0.04
YGR023W	-0.22	0.01	0.32		-0.27	0.32	0.15
YPL049C	-0.4	0.01		-0.42	-0.42	0.52	0.14
YOR255W	-0.54	0.04	0.41	-0.47	-0.32	0.43	0.24
YOR301W	-0.4	0.06		-0.3	-0.36	0.32	0.11
YHL042W	-0.2	0.03	0.08	-0.2	-0.23	0.16	0.08
YCR068W	-0.56	-0.01	0.2	-0.64	-0.69	0.41	0.15
YER028C	-0.64	-0.09	0.32	-0.62	-0.76	0.6	0.11
YCR066W	-0.76	-0.12	0.16	-0.58	-0.92	0.69	0.08
YHR126C	-0.3	-0.1	0.12	-0.29	-0.42	0.19	0.08
YCL069W	-0.6	-0.3	0.26	-0.51	-0.62	0.45	0.24
YDR183W	-0.42	-0.2	0.26	-0.42	-0.42	0.45	0.19
YGL075C	-0.47	-0.36	0.3	-0.42	-0.43	0.6	0.14
YPL174C	-0.18	-0.18	0.19	-0.18	-0.22	0.26	0.01
YDR336W	-0.4	-0.29	0.45	-0.51	-0.54	0.48	0.08
YOL164W	-0.14	-0.27	0.12	-0.6	-0.4	0.48	0.14
YNL018C	-0.18	-0.12	0.26	-0.47	-0.27	0.24	0.26
YOR223W	-0.36	-0.18	0.29	-0.56	-0.49	0.34	0.3
YJR097W	-0.18	-0.15	0.03	-0.45	-0.47	0.32	0.41
YLR460C	-0.6	-0.4	0.03	-0.76	-0.79	0.56	0.41
YEL019C	-0.18	-0.17	-0.01	-0.42	-0.49	0.32	0.11
YIL061C	-0.23	-0.1	-0.03	-0.45	-0.43	0.43	0.14
YHL016C	-0.36	-0.1	0.21	-0.81	-0.62	0.56	0.45
YJL083W	-0.29	-0.03	0.07	-0.67	-0.36	0.4	0.25
YKL118W	-0.36	0	-0.04	-0.51	-0.36	0.32	0.26
YGL165C	-0.25	-0.14	0.06	-0.43	-0.1	0.3	0.12
YJL043W	-0.23	-0.29	0.06	-0.45	-0.22	0.19	0.19
YFL013C	-0.32	-0.17	0.01	-0.54	-0.27	0.14	0.07
YJR146W	-0.32	-0.18	0.11	-0.56	-0.3	0.11	0.24
YCR051W	-0.43	-0.17	0.08	-0.6	-0.17	0.12	0.29
YDR445C	-0.09	-0.14	0.06	-0.32	-0.12	0.12	-0.04
YBR107C	-0.09	-0.15	0.14	-0.42	-0.3	0.14	-0.1
YLR411W	-0.18	0.03	-0.01	-0.47	-0.34	0.19	-0.01
YMR224C	-0.18	0	0.06	-0.34	-0.14	0.11	-0.1
YML062C	-0.1	0.03	0.03	-0.36	-0.12	0.24	-0.1
YKL029C	-0.23	0.04	0.67	-0.49	-0.36	0.41	-0.3
YPR091C	-0.03	-0.14	0.34	-0.03	-0.18	0.34	-0.04
YMR283C	0.08	-0.06	0.36	-0.09	-0.23	0.4	-0.07
YDL001W	-0.03	-0.09	0.3	-0.17	-0.27	0.36	0
YKL037W	-0.04	0.01	0.19	-0.07	-0.2	0.21	-0.01
YDR478W	-0.06	-0.04	0.38	-0.1	-0.36	0.38	-0.15
YLR183C	0.06	0.06	0.41	-0.18	-0.17	0.41	-0.17
YLR181C	0.04	0.07	0.38	-0.18	-0.29	0.54	-0.22
YLR015W	-0.1	0.07	0.32	-0.17	-0.25	0.36	-0.25
YGR036C	-0.1	0.14	0.43	-0.17	-0.3	0.38	-0.27
YHR118C	-0.03	0.11	0.43	-0.27	-0.42	0.41	-0.1
YDL189W	0.11	0.15	0.41	-0.23	-0.32	0.32	-0.1
YGR040W	-0.1	0.12	0.54	-0.12	-0.38	0.19	-0.04
YPR084W	-0.1	0.12	0.64	-0.12	-0.29	0.41	-0.1
YBR128C	-0.2	-0.1	0.54	-0.1	-0.27	0.24	-0.06
YGL179C	-0.1	-0.09	0.58	-0.1	-0.4	0.15	-0.1
YBR110W	-0.23	-0.1	0.6	-0.2	-0.49	0.26	-0.27
YCL018W	-0.3	-0.1	0.58	-0.01	-0.32	0.41	-0.18
YCR044C	-0.25	-0.01	0.78	0.08	-0.56	0.67	-0.3
YEL058W	-0.4	0.11	0.62	-0.07	-0.54	0.64	-0.29
YFL027C	-0.27	0.19	0.56	-0.09	-0.29	0.67	0.04
YHR134W	-0.18	0.14	0.45	-0.14	-0.27	0.41	0
YOR380W	-0.34	0.25	0.67	-0.12	-0.4	0.6	-0.09
YER077C	-0.27	0.12	0.38	-0.18	-0.32	0.34	0.03
YOL069W	-0.25	0.06	0.34	-0.18	-0.3	0.45	0.06
YPR116W	-0.25	0.16	0.45	-0.1	-0.62	0.45	0.06
YDR267C	-0.26	-0.07	0.23	-0.16	-0.57	0.31	-0.14
YHR005C	-0.17	-0.18		-0.07	-0.47	0.32	-0.2
YEL056W	-0.27	-0.18	0.34	-0.2	-0.64	0.54	-0.3
YMR100W	-0.23	-0.29	0.43	-0.18	-0.62	0.71	-0.27
YOR262W	-0.09	-0.17	0.34	-0.29	-0.4	0.43	-0.23
YNL279W	-0.14	-0.1	0.29	-0.3	-0.47	0.38	-0.34
YDR072C	-0.17	0.01	0.4	-0.23	-0.42	0.4	-0.1
YBR257W	-0.29	-0.1	0.4	-0.3	-0.54	0.45	-0.1
YHL014C	-0.3	-0.03	0.32	-0.2	-0.45	0.45	-0.2
YOR034C	-0.15	0.04	0.16	-0.18	-0.23	0.3	-0.09
YLR137W	-0.27	-0.07	0.25	-0.25	-0.45	0.48	0.07
YDR004W	-0.36	-0.12	0.38	-0.27	-0.51	0.67	0.04
YDR068W	-0.23	-0.09	0.25	-0.17	-0.42	0.45	0
YDR182W	-0.25	0.01	0.32	-0.14	-0.47	0.67	0.04
YDR268W	-0.43	-0.22	0.29	-0.06	-0.52	0.64	-0.12
YIR010W	-0.14	-0.18	0.3	-0.36	-0.3	0.71	-0.22
YDR498C	-0.23	-0.27	0.26	-0.32	-0.43	0.62	-0.17
YNR004W	-0.06	-0.18	0.08	-0.15	-0.23	0.36	-0.03
YOR006C	0	-0.4	0.34	-0.23	-0.47	0.67	-0.07
YPL067C	-0.14	-0.27	0.32	-0.36	-0.2	0.54	0.06
YIL168W	-0.23	-0.47	0.4	-0.47	-0.36	0.67	0.21
YNL304W	-0.15	-0.56	0.34	-0.3	-0.36	0.52	0
YGR249W	-0.06	-0.36	0.3	-0.22	-0.36	0.45	0.21
YGR057C	-0.1	-0.23	0.19	-0.23	-0.3	0.34	0.24
YBR063C	-0.23	-0.4	0.4	-0.36	-0.43	0.32	0.34
YBL060W	-0.27	-0.12	0.21	-0.17	-0.23	0.29	0.24
YBR057C	-0.3	-0.1	0.36	-0.25	-0.34	0.4	0.24
YDL159W	-0.18	-0.07	0.38	-0.23	-0.43	0.5	0.2
YGR239C	-0.2	-0.07	0.24	-0.15	-0.42	0.38	0.25
YJR129C	-0.34	-0.18	0.69	-0.2	-0.67	0.48	0.21
YHL036W	-0.17	-0.18	0.54	-0.27	-0.36	0.43	0.2
YJR152W	-0.15	-0.18		-0.3	-0.36	0.5	0.15
YBR008C	-0.25	-0.14	0.54	-0.29	-0.34	0.38	-0.04
YBR152W	-0.6	-0.27	0.62	-0.47	-0.49	0.62	-0.03
YJL063C	-0.2	-0.18	0.3	-0.23	-0.15	0.29	-0.03
YDR126W	-0.67	-0.51	0.48	-0.27	-0.69	0.52	0.07
YHR003C	-0.49	-0.36	0.56	-0.23	-0.47	0.43	0.03
YER109C	-0.36	-0.29	0.45	-0.14	-0.42	0.45	0.12
YLR457C	-0.38	-0.43	0.41	-0.03	-0.51	0.5	0.01
YMR144W	-0.12	-0.17	0.26	-0.12	-0.17	0.25	-0.14
YFR020W	-0.23	-0.47	0.41	-0.18	-0.49	0.56	-0.09
YOR190W	-0.15	-0.42	0.38	0.03	-0.4	0.48	-0.1
YGL252C	-0.14	-0.3	0.4	0.06	-0.12	0.43	-0.1
YMR153W	-0.23	-0.32	0.58	-0.01	-0.2	0.45	-0.12
YNL317W	-0.25	-0.18	0.36	0.01	-0.15	0.36	0.01
YJR058C	-0.23	-0.18	0.25	-0.03	-0.1	0.29	-0.03
YOR313C	-0.22	-0.4	0.52	-0.06	-0.18	0.52	0.12
YCR015C	-0.32	-0.43	0.43	0.19	-0.47	0.6	0.14
YHL009C	-0.18	-0.3	0.5	0.06	-0.4	0.6	0.12
YOL146W	-0.27	-0.22	0.45	0	-0.32	0.54	0.12
YEL064C	-0.36	-0.12	0.4	0.04	-0.34	0.41	0.11
YBR176W	-0.17	-0.04	0.34	-0.06	-0.23	0.32	0.04
YHR192W	-0.14	-0.15	0.45	-0.1	-0.3	0.58	0.04
YLR362W	-0.18	-0.18	0.5	-0.2	-0.27	0.76	0.14
YOR196C	-0.07	-0.1	0.32	-0.09	-0.27	0.64	0.06
YFR004W	-0.15	-0.2	0.36	-0.2	-0.38	0.78	-0.04
YDR092W	-0.1	-0.18	0.21	0.01	-0.23	0.5	0.01
YNL325C	-0.12	-0.2	0.29	0.07	-0.22	0.64	0.15
YGR226C	-0.27	-0.27	0.32	-0.1	-0.54	0.64	0.25
YDR475C	-0.1	-0.22	0.21	0.06	-0.42	0.48	0.11
YLR054C	-0.12	-0.25		-0.01	-0.51	0.62	0.16
YLR453C	-0.07	-0.27	0.32	-0.01	-0.71	0.69	0.08
YIR042C	-0.18	-0.2	0.19	-0.07	-0.54	0.5	0.08
YOR026W	-0.06	-0.3	0.21	-0.18	-0.56	0.71	0.11
YGR154C	0	-0.12	0.16	-0.14	-0.4	0.38	0.15
YER022W	-0.18	0.16	0.16	0.21	-0.36	0.56	-0.1
YER163C	-0.2	0.16	0.24	0.07	-0.49	0.84	-0.17
YOL128C	-0.01	0.21	0.29	0.12	-0.34	0.5	-0.1
YOL156W	-0.06	0.06	0.36	0.24	-0.3	0.5	0
YBL041W	-0.01	0.04	0.41	0.16	-0.43	0.62	-0.1
YFR041C	-0.15	-0.14	0.43	0.2	-0.34	0.62	-0.14
YLR360W	-0.18	0.06	0.34	0.16	-0.27	0.5	-0.1
YGR263C	-0.3	0.03	0.43	0.14	-0.29	0.58	-0.12
YGR147C	-0.2	-0.01	0.21	0.04	-0.17	0.52	-0.14
YGR179C	-0.51		0.36	0.14	-0.36	0.78	-0.38
YDR066C	-0.34	0.11	0.12	0.08	-0.32	0.43	-0.27
YFL048C	-0.34	-0.04	0.21	0.04	-0.18	0.32	-0.18
YMR263W	-0.45	-0.1	0.3	-0.04	-0.36	0.41	-0.23
YER051W	-0.51	0.08	0.2	0.14	-0.4	0.38	-0.01
YNL128W	-0.32	0.12	0.2	-0.09	-0.12	0.32	0.26
YJL023C	-0.43	0.29	0.34	-0.06	-0.3	0.71	0.29
YBR138C	-0.97	0.24	0.25	-0.36	-0.81	0.67	0.11
YKR004C	-1.12	0.15	0.52	-0.01	-0.56	0.69	0.07
YOR204W	-0.69	0.15	0.38	-0.15	-0.45	0.43	-0.07
YHR184W	-1	0.01	0.3	-0.3	-0.4	0.6	
YNL333W	-0.4	-0.01	0.2	-0.15	-0.23	0.32	0.11
YKL149C	-0.4	0.07	0.29	-0.14	-0.23	0.45	0.08
YML068W	-0.45	-0.04	0.34	-0.12	-0.3	0.54	-0.01
YGL172W	-0.84	-0.18	0.26	-0.03	-0.6	0.69	0.14
YBL019W	-1.06	-0.23	0.41	-0.27	-0.81	0.81	0.04
YML112W	-0.54	-0.18	0.3	-0.1	-0.49	0.54	0.12
YPR201W	-0.43	-0.1	0.36	-0.12	-0.45	0.6	0.16
YEL037C	-0.76	-0.12	0.34	-0.36	-0.71	0.69	0.32
YGL181W	-0.54	-0.14	0.24	-0.23	-0.49	0.38	0.2
YDR160W	-0.62	-0.3	0.21	-0.3	-0.62	0.56	0.32
YER152C	-0.67	-0.1	0.32	-0.42	-0.23	0.34	0.25
YOL132W	-0.81	-0.18	0.58	-0.4	-0.34	0.62	0.21
YDR118W	-0.84	-0.42	0.4	-0.12	-0.47	0.89	0.08
YDR200C	-0.71	-0.34	0.34	-0.27	-0.27	0.76	0.07
YGL263W	-0.6	-0.27	0.26	-0.12	-0.17	0.5	0.15
YDR130C	-0.92	-0.56	0.29	-0.1	-0.36	0.69	0.11
YHR011W	-0.86	-0.49	0.38	-0.18	-0.34	0.52	
YDR132C	-1.03	-0.47	0.54	-0.36	-0.34	0.62	0.15
YML102W	-1.18	-0.27	0.6	-0.14	-0.4	0.67	0.16
YBR102C	-0.71	-0.3	0.26	-0.27	-0.49	0.43	0.2
YMR244W	-0.71	-0.42	0.29	-0.34	-0.36	0.48	0.29
YBL010C	-0.92	-0.56	0.34	-0.42	-0.32	0.38	0.14
YEL036C	-0.69	-0.27	0.45	-0.15	-0.42	0.26	0.07
YER106W	-0.67	-0.36	0.26	-0.42	-0.23	0.48	0.48
YJR122W	-0.79	-0.18	0.2	-0.23	-0.27	0.34	0.43
YGR053C	-1.15	-0.62	0.19	-0.18	-0.34	0.84	0.6
YFL011W	-0.92	-0.58	0.32	-0.36	-0.47	0.89	0.84
YDR322W	-0.76	-0.47	0.26	-0.18	-0.62	0.74	0.74
YDR076W	-0.79	-0.42	0.38	-0.01	-0.6	0.6	0.67
YDR273W	-0.92	-0.36	0.24	-0.11	-0.5	0.52	0.57
YPL060W	-0.86	-0.42	0.21	-0.04	-0.56	0.78	0.54
YGL134W	-0.86	-0.56	0.4	-0.1	-0.67	0.69	0.41
YEL023C	-0.54	-0.3	0.26	0	-0.34	0.62	0.26
YHL038C	-0.43	-0.17	0.25	-0.1	-0.3	0.58	0.2
YOL114C	-0.36	-0.27	0.3	-0.25	-0.2	0.45	0.24
YOR388C	-0.51	-0.42	0.48	-0.27	-0.3	0.74	0.32
YIL166C	-0.79	-0.6	0.74	-0.27	-0.51	1.09	0.62
YBR273C	-0.64	-0.49	0.52	-0.15	-0.32	0.67	0.36
YMR232W	-0.4	-0.38	0.3	-0.12	-0.42	0.56	0.4
YDR362C	-0.3	-0.25	0.4	-0.03	-0.23	0.43	0.25
YJL038C	-0.36	-0.32	0.6	-0.06	-0.36	0.58	0.48
YBR297W	-0.92	-0.34	0.69	-0.32	-0.54	0.64	0.97
YDR223W	-0.74	-0.3	0.76	-0.07	-0.32	0.62	0.94
YGR288W	-0.49	-0.06	0.48	-0.18	-0.2	0.64	0.54
YGL143C	-0.62	-0.23	0.43	-0.17	-0.09	0.64	0.58
YHR156C	-0.56	-0.14	0.34	-0.17	-0.18	0.54	
YPR152C	-0.79	-0.27	0.54	-0.27	-0.34	0.69	0.52
YFR022W	-0.71	-0.3	0.67	-0.09	-0.3	0.78	0.6
YHR014W	-0.56	-0.06	0.41	-0.12	-0.17	0.52	0.29
YKR048C	-0.47	-0.12	0.43	-0.2	-0.12	0.43	0.34
YOR237W	-0.67	-0.12	0.52	-0.42	-0.14	0.54	0.45
YLR399C	-0.51	0.12	0.24	-0.18	0.03	0.29	0.2
YOR017W	-0.27	0.08	0.15	-0.4	-0.03	0.34	0.38
YBR278W	-0.2	0	0.15	-0.27	-0.03	0.32	0.25
YBR270C	-0.34	-0.06	0.32	-0.43	-0.17	0.6	0.45
YHR009C	-0.17	-0.02	0.14	-0.14	-0.03	0.25	0.15
YOR274W	-0.49	0.14	0.32	-0.49	-0.12	0.84	0.41
YKL124W	-0.49	-0.09	0.16	-0.4	-0.09	0.64	0.2
YGL184C	-0.86	-0.03	0.19	-0.56	-0.25	0.97	0.48
YLR349W	-0.4	0.04	0.06	-0.15	-0.06	0.32	0.19
YDR204W	-0.56	0.16	0.03	-0.3	-0.1	0.81	0.3
YDL233W	-0.79	-0.18	0.25	-0.22	-0.23	0.67	0.67
YBL080C	-0.64	-0.03	0.14	-0.17	0.03	0.48	0.5
YFL059W	-0.62	-0.2	-0.03	-0.18	-0.03	0.56	0.58
YDR506C	-0.49	0.01	0.06	-0.03	0.16	0.52	0.36
YDR201W	-0.36	-0.1	0.01	-0.17	0.15	0.26	0.26
YMR017W	-0.42	-0.25	0.24	-0.3	-0.01	0.16	0.36
YDR535C	-0.43	-0.34	0.11	-0.36	-0.2	0.34	0.64
YPR177C	-0.17	-0.49	0.04	-0.04	-0.14	0.19	0.15
YER179W	-0.67	-1.12	0.12	-0.15	-0.4	0.78	0.38
YJL116C	-0.4	-0.49	-0.07	-0.15	-0.1	0.38	0.24
YGR141W	-0.36	-0.47	0.03	-0.22	-0.07	0.29	0.25
YML058W	-0.27	-0.3	-0.04	-0.22	-0.06	0.26	0.2
YGR021W	-0.56	-0.56	0.03		0	0.62	0.56
YIL084C	-0.4	-0.49	0	-0.01	0.01	0.56	
YJL132W	-0.36	-0.47	-0.12	-0.06	0	0.45	0.36
YPL271W	-0.4	-0.51	-0.06	-0.14	0.24	0.48	0.41
YLR306W	-0.34	-0.36	0.01	-0.01	-0.06	0.5	0.03
YMR068W	-0.47	-0.42	-0.12	0.08	-0.3	1.03	0.56
YFL042C	-0.67	-0.54	-0.04	0.07	-0.34	0.92	0.62
YGL212W	-0.86	-0.76	0.07	-0.4	-0.09	1	0.54
YDR282C	-0.67	-0.45	0	-0.25	-0.23	0.89	0.5
YGL194C	-0.54	-0.45	-0.1	-0.18	-0.3	0.71	0.26
YLR307W	-0.71	-0.42	-0.09	-0.23	-0.22	0.94	0.19
YBR024W	-0.89	-0.18	-0.03	-0.01	-0.43	1.25	0.41
YGL146C	-1.15	-0.64	-0.04	0.08	-0.36	0.76	0.71
YMR159C	-0.64	-0.56	-0.04	0.03	-0.36	0.43	0.52
YGL160W	-0.34	-0.56	0.16	-0.03	-0.64	0.74	0.38
YDR426C	-0.29	-0.22	0.06	-0.32	-0.42	0.54	0.24
YGR065C	-0.27	-0.34	0.11	-0.32	-0.47	0.54	0.26
YFL044C	-0.34	-0.45	0.16	-0.4	-0.62	0.76	0.21
YIL144W	-0.47	-0.58	0.01	-0.38	-0.67	0.86	0.19
YER181C	-0.54	-0.58	-0.15	-0.27	-0.67	0.48	0.3
YGR153W	-0.38	-0.54	-0.07	-0.27	-0.62	0.38	0.19
YHL025W	-0.38	-0.56	0.12	-0.27	-0.56	0.48	0.19
YGL023C	-0.51	-0.62	0.21	-0.42	-0.58	0.52	0.34
YNL086W	-0.4	-0.34	0.04	-0.3	-0.56	0.36	0.25
YGL090W	-0.43	-0.42	0.07	-0.23	-0.58	0.48	0.4
YOR022C	-0.3	-0.27	0	-0.09	-0.34	0.41	0.26
YOR392W	-0.43	-0.4	-0.14	-0.14	-0.54	0.56	0.24
YGR101W	-0.18	-0.2	-0.07	-0.12	-0.23	0.26	0.14
YDR265W	-0.37	-0.31	0.11	-0.12	-0.52	0.5	0.2
YIL171W	-0.38	-0.3	0.12	-0.12	-0.34	0.41	0.12
YBL059W	-0.69	-0.64	0.11	-0.23	-0.47	0.56	0.4
YOR134W	-0.49	-0.58	-0.03	-0.23	-0.45	0.5	0.26
YOR366W	-0.29	-0.3	0.07	-0.18	-0.36	0.34	0.14
YJR021C	-0.86	-0.86	0.24	-0.4		1	0.36
YHR139C	-0.4	-0.42	0.14	-0.3	-0.27	0.4	
YDR256C	-0.64	-0.18	0.2	-0.49	-1.03	0.67	0.94
YHR157W	-0.27	-0.17	0.04	-0.18	-0.56	0.41	0.21
YHR182W	-0.2	-0.1	0.11	-0.18	-0.3	0.25	
YEL020C	-0.43	-0.23	0.15	-0.27	-0.6	0.56	0.32
YIR018W	-0.34	-0.17	0.14	-0.3	-0.58	0.69	0.4
YJR156C	-0.42	-0.36	0	-0.23	-0.58	0.92	0.54
YAL034W-A	-0.4	-0.15	0.07	-0.23	-0.49	0.86	0.38
YEL070W	-0.89	-0.45	0.32	-0.36	-0.71	1.48	0.89
YDR350C	-0.3	-0.1	0.2	-0.12	-0.42	0.64	0.29
YIL155C	-0.41	-0.07	0.05	-0.04	-0.43	0.54	0.41
YKR105C	-0.2	-0.18	0.12	-0.2	-0.18	0.45	0.19
YIL172C	-0.38	-0.33	0.24	-0.32	-0.23	0.67	0.38
YJL106W	-0.38	-0.18	-0.06	-0.34	-0.29	0.56	0.26
YDL244W	-0.69	-0.34	0.01	-0.94	-0.67	1	0.69
YBR178W	-0.15	-0.07	0.03	-0.15	-0.09	0.2	0.16
YHR185C	-0.51	-0.22	0.25	-0.47	-0.36	0.62	0.5
YGL175C	-0.47	-0.32	0.06	-0.36	-0.27	0.38	0.4
YFL052W	-0.94	-0.71	-0.06	-0.76	-0.76	0.69	1.03
YLR346C	-0.62	-0.58	-0.09	-0.51	-0.67	0.86	0.74
YDL113C	-0.18	-0.1	-0.06	-0.15	-0.1	0.3	0.26
YKL050C	-0.54	-0.3	-0.12	-0.51	-0.42	0.76	1
YFL055W	-0.71	-0.32	-0.07	-0.38	-0.47	0.64	0.92
YNL223W	-0.56	-0.36	-0.06	-0.12	-0.47	0.78	0.67
YGL045W	-0.51	-0.4	0.04	-0.18	-0.43	0.84	0.81
YMR322C	-0.67	-0.6	-0.42	-0.34	-0.84	1.32	1.52
YIL146C	-0.15	-0.42	-0.14	-0.64	-0.62	0.69	1.09
YGL182C	-0.14	-0.09	-0.06	-0.3	-0.3	0.26	0.5
YIL167W	-0.25	-0.12	0.04	-0.3	-0.45	0.48	0.64
YGR290W	-0.17	-0.18	-0.03	-0.25	-0.32	0.56	0.56
YGL180W	-0.1	-0.12	-0.06	-0.25	-0.54	0.74	0.86
YNL179C	-0.1	-0.17	-0.1	-0.2	-0.36	0.48	0.36
YFL056C	-0.23	-0.25	-0.18	-0.4	-0.51	0.64	0.5
YHR033W	-0.15	-0.27		-0.49	-0.54	0.6	0.52
YDR338C	-0.22	-0.23	0.01	-0.49	-0.4	0.54	0.54
YDL183C	-0.09	-0.17	0.01	-0.51	-0.29	0.54	0.5
YMR137C	-0.23	-0.51	0	-0.51	-0.25	0.69	0.34
YNL237W	-0.34	-0.4	-0.06	-0.34	-0.1	0.62	0.48
YNL214W	-0.18	-0.36	-0.17	-0.34	-0.04	0.58	0.45
YIL122W	-0.47	-0.67	-0.36	-0.56	-0.25	1.52	0.81
YOR132W	-0.27	-0.29	-0.07	-0.27	-0.07	0.69	0.32
YOR257W	-0.22	-0.34	-0.04	-0.47	0.01	1.18	0.64
YPL005W	-0.49	-0.3	-0.29	-0.38	-0.04	0.67	0.52
YDR511W	-0.36	-0.34	-0.23	-0.34	0.19	0.58	0.36
YCR071C	-0.27	-0.1	-0.12	-0.23	0.11	0.34	0.15
YDR015C	-0.67	-0.32	-0.23	-0.38	0.06	0.4	0.25
YJR052W	-0.38	-0.25	-0.17	-0.43	-0.07	0.4	0.15
YMR053C	-0.47	-0.62	-0.36	-0.3	-0.22	0.41	-0.01
YPR005C	-0.36	-0.58	-0.36	-0.29	-0.09	0.52	0.03
YIL089W	-0.17	-0.34	-0.23	-0.1	-0.12	0.3	0.16
YNL133C	-0.18	-0.6	-0.3	-0.27	-0.23	0.5	0.15
YMR041C	-0.29	-0.62	-0.4	-0.29	-0.25	0.74	0.11
YIL017C	-0.17	-0.42	-0.18	-0.25	-0.15	0.56	0.01
YJR082C	-0.18	-0.42	-0.1	-0.1	-0.06	0.54	0
YKR007W	-0.22	-0.6	-0.29	-0.14	-0.07	0.78	0.2
YNR072W	-0.47	-0.18	-0.2	-0.29	-0.36	0.74	0.2
YOR279C	-0.36	-0.18		-0.22	-0.27	0.52	0.2
YKR017C	-0.32	-0.3	-0.27	-0.3	-0.38	0.56	0.08
YHR029C	-0.36	-0.4		-0.3	-0.3	0.62	0.07
YLR438W	-0.64	-0.49	-0.29	-0.67	-0.38	1.06	-0.07
YNL083W	-0.18	-0.45	-0.34	-0.3	-0.47	0.38	0.07
YPR025C	-0.18	-0.36	-0.3	-0.25	-0.42	0.36	0.2
YIL024C	-0.25	-0.58	-0.49	-0.62	-0.74	0.92	0.38
YOR030W	-0.2	-0.23	-0.23	-0.23	-0.43	0.4	0.26
YKL123W	-0.14	-0.17	-0.18	-0.34	-0.3	0.26	0.26
YKL052C	-0.23	-0.29	-0.27	-0.51	-0.29	0.41	0.29
YDL089W	-0.27	-0.36	-0.49	-0.49	-0.34	0.5	0.34
YOL044W	-0.14	-0.3	-0.2	-0.4	-0.22	0.52	0.26
YNR019W	-0.42	-0.49	-0.3	-0.71	-0.38	0.86	0.38
YDR405W	-0.2	-0.51	-0.04	-0.49	-0.51	0.45	0.38
YOR053W	-0.04	-0.1	-0.18	-0.38	-0.32	0.58	0.3
YJR005W	-0.04	-0.1	-0.27	-0.3	-0.14	0.62	0.2
YIL108W	-0.12	-0.22	-0.43	-0.42	-0.3	0.74	0.11
YIL033C	-0.18	-0.34	-0.27	-0.34	-0.29	0.76	0.15
YKL129C	0	-0.18	-0.27	-0.36	-0.01	0.5	0.2
YOR382W	0.03	-0.49	-0.69	-0.71	-0.42	0.89	0.12
YOR008C	0.11	-0.14	-0.3	-0.3	-0.18	0.38	-0.01
YPL199C	-0.12	-0.1	-0.03	-0.27	-0.1	0.14	-0.1
YOR338W	-0.45	-0.07	0.01	-0.56	-0.3	0.41	-0.3
YJL147C	-0.3	-0.12	-0.04	-0.42	-0.22	0.43	-0.22
YCR076C	-0.51	-0.34	0.01	-0.6	-0.34	0.74	-0.25
YER153C	-0.71	-0.34	-0.14	-0.62	-0.43	0.5	-0.22
YOR139C	-0.4	-0.18	-0.07	-0.22	-0.18	0.14	-0.1
YGR050C	-0.34	-0.1	-0.15	-0.27	-0.09	0.15	-0.18
YOR268C	-0.47	-0.06	-0.49	-0.43	-0.4	0.41	-0.34
YNL241C	-0.36	-0.09	-0.18	-0.36	-0.27	0.4	
YPR077C	-0.34	-0.01	-0.1	-0.17	-0.23	0.36	-0.29
YBR258C	-0.12	0.07	0.06	-0.18	-0.45	0.41	-0.03
YEL057C	-0.32	-0.06	0.16	-0.29	-0.97	0.86	0.06
YJL108C	-0.45	-0.18	-0.07	-0.23	-0.64	0.86	0.08
YKR069W	-0.34	-0.04	0.01	-0.23	-0.43	0.6	-0.06
YER040W	-0.42	-0.07	0.07	-0.34	-0.56	0.64	-0.09
YBR255W	-0.27	-0.06	0.06	-0.3	-0.49	0.56	0.07
YGL018C	-0.23	-0.2	0.06	-0.36	-0.64	0.67	0.01
YNL187W	-0.27	-0.22	0.07	-0.3	-0.42	0.45	-0.01
YOL162W	-0.34	-0.22	0	-0.3	-0.62	0.52	-0.01
YCR020C-A	-0.43	-0.22	0	-0.43	-0.74	0.5	-0.06
YEL062W	-0.34	-0.14	-0.06	-0.42	-0.67	0.58	-0.07
YDR460W	-0.51	-0.23	-0.03	-0.58	-0.71	0.74	0
YHR036W	-0.27	-0.1	0.08	-0.47	-0.42	0.38	-0.04
YDR198C	-0.42	-0.38	0.03	-0.62	-0.69	0.54	-0.23
YDR442W	-0.18	-0.29	-0.01	-0.42	-0.3	0.34	-0.01
YER173W	-0.34	-0.34	-0.01	-0.4	-0.36	0.52	0.03
YDR142C	-0.62	-0.42	0.03	-0.67	-0.56	0.74	0.16
YOR050C	-0.36	-0.4	-0.04	-0.34	-0.38	0.4	0.01
YGR059W	-0.58	-0.62	0.04		-0.67	0.64	0.14
YPR153W	-0.18	-0.2	0.01	-0.18	-0.3	0.2	0.01
YOR068C	-0.27	-0.23	-0.07	-0.15	-0.38	0.3	-0.07
YDR136C	-0.54	-0.56	-0.03	-0.22	-0.67	0.71	-0.1
YFL046W	-0.51	-0.43	0.07	-0.3	-0.6	0.56	-0.15
YHR035W	-0.58	-0.42	0.04	-0.32	-0.54	0.74	-0.17
YJL216C	-0.62	-0.47	0.06	-0.36	-0.56	0.97	-0.03
YBR277C	-0.29	-0.23	0.07	-0.18	-0.25	0.4	0.01
YGR213C	-0.32	-0.27	0.2	-0.2	-0.34	0.5	-0.04
YIR011C	-0.29	-0.42	0.08	-0.3	-0.51	0.74	-0.23
YJL086C	-0.23	-0.34	0.07	-0.29	-0.43	0.52	-0.23
YGR144W	-0.27	-0.07	0.08	-0.27	-0.23	0.4	-0.01
YLR205C	-0.3	-0.1	0.12	-0.34	-0.27	0.36	0.03
YMR213W	-0.51	-0.1	0.03	-0.4	-0.42	0.78	0.12
YER034W	-0.38	-0.06	0.11	-0.23	-0.3	0.6	0.14
YPL124W	-0.3	-0.15	0.03	-0.15	-0.27	0.43	-0.17
YGL166W	-0.49	-0.3	0.2	-0.23	-0.29	0.6	-0.23
YER007W	-0.54	-0.36	0.25	-0.4	-0.36	0.58	-0.34
YDR439W	-0.4	-0.12	0.07	-0.34	-0.36	0.32	-0.17
YNL097C	-0.67	-0.34	0.16	-0.38	-0.62	0.56	-0.22
YDR386W	-0.56	-0.18	0.11	-0.25	-0.56	0.58	-0.1
YML083C	-0.62	-0.34	0.07	-0.32	-0.62	0.41	0.07
YER147C	-0.58	-0.27	0.15	-0.36	-0.62	0.43	-0.01
YCR019W	-0.92	-0.47	0.36	-0.3	-0.92	0.54	0
YDR082W	-0.92	-0.27	0.21	-0.36	-0.84	0.41	
YBR114W	-0.74	-0.27	0.06	-0.38	-0.67	0.32	-0.27
YDR228C	-0.62	-0.17	0.11	-0.47	-0.69	0.2	-0.17
YOR011W	-0.23	-0.14	0.04	-0.18	-0.18	0	-0.06
YER076C	-0.64	-0.49	0.06	-0.58	-0.67	0.21	-0.22
YBL031W	-1.09	-0.71	0.21	-0.71	-0.81	0.34	-0.07
YCL048W	-0.81	-0.54	0.03	-0.6	-0.56	0.25	-0.1
YCR098C	-1	-0.79	-0.01	-0.74	-0.89	0.26	-0.15
YMR048W	-0.69	-0.58	0	-0.38	-0.49	0.15	-0.06
YBR223C	-0.92	-0.54	-0.07	-0.54	-0.56	0.38	-0.01
YGL162W	-1.03	-0.51	0.04	-0.81	-0.71	0.56	0.08
YCR052W	-0.67	-0.47	0.24	-0.49	-0.43	0.34	-0.12
YCR048W	-0.79	-0.67	0.26	-0.56	-0.64	0.56	0.06
YFR018C	-0.74	-0.43	0.21	-0.58	-0.56	0.41	-0.03
YPL088W	-0.69	-0.42	0.21	-0.62	-0.6	0.52	-0.01
YDR392W	-0.56	-0.49	0.07	-0.4	-0.51	0.48	-0.1
YAL018C	-1.22	-1.06	0.15	-0.92	-0.58	0.67	0.24
YDL024C	-1.12	-1.03	-0.04	-0.56	-0.64	0.48	0.29
YJR098C	-0.67	-0.64	-0.09	-0.54	-0.58	0.38	0.11
YIL170W	-0.79	-0.56	0.12	-0.58	-0.69	0.41	0.32
YBL103C	-0.84	-0.62	0.19	-0.3	-0.56	0.26	0.03
YDR106W	-1.09	-0.49	-0.1	-0.36	-0.69	0.58	0.06
YFR054C	-0.47	-0.18	0.01	-0.27	-0.32	0.32	0.11
YDR318W	-0.79	-0.49	0.15	-0.18	-0.54	0.48	-0.15
YDL216C	-0.45	-0.34	0.08	-0.04	-0.42	0.38	-0.14
YDL186W	-0.62	-0.47	0.15	-0.17	-0.51	0.54	-0.43
YIL132C	-0.6	-0.42	-0.09	-0.25	-0.45	0.48	-0.25
YIR005W	-0.62	-0.36	-0.1	-0.18	-0.34	0.43	-0.32
YCL024W	-0.43	-0.36	0.01	-0.12	-0.29	0.26	-0.27
YCL061C	-1.09	-0.79	-0.03	-0.43	-0.67	0.4	-0.45
YBR040W	-1	-0.62	0.03	-0.23	-0.81	0.26	-0.45
YJR017C	-1.09	-0.67	-0.06	-0.64	-0.1	0.32	-0.27
YJR113C	-0.69	-0.54	-0.07	-0.36	-0.18	0.15	0.01
YOR358W	-1.51	-1.36	-0.32	-0.84	-0.47	0.14	-0.23
YPR064W	-0.64	-0.56	-0.23	-0.2	-0.23	0.12	0.01
YLR329W	-0.34	-0.47	-0.07	-0.27	-0.14	0.24	-0.03
YGR031W	-0.17	-0.56	-0.1	-0.15	-0.32	0.16	-0.04
YOR140W	-0.38	-0.84	-0.1	-0.3	-0.3	0.15	-0.14
YGL230C	-0.67	-0.81	-0.18	-0.3	-0.45	0.4	-0.1
YMR251W	-0.79	-1.09	-0.17	-0.38	-0.62	0.21	0
YCL075W	-1.09	-1.12	-0.1	-0.62	-0.97	0.34	-0.3
YGR273C	-0.6	-0.71	-0.22	-0.34	-0.51	0.08	-0.27
YOR138C	-0.49	-0.64	-0.4	-0.34	-0.23	-0.04	0.03
YFL061W	-0.36	-0.29	-0.27	-0.23	-0.3	0.01	0.03
YOR348C	-0.62	-0.36	-0.18	-0.23	-0.38	0.2	0.04
YOR084W	-0.74	-0.4	-0.32	-0.27	-0.64	0.26	-0.17
YLR308W	-0.42	-0.22	-0.34	-0.22	-0.29	0.26	0
YGR126W	-0.43	-0.23	-0.2	-0.4	-0.42	0.26	-0.18
YCL066W	-0.51	-0.6	-0.27	-0.42	-0.71	0.43	-0.25
YLR013W	-0.47	-0.54	-0.22	-0.47	-0.51	0.32	-0.06
YDR104C	-0.43	-0.51	-0.15	-0.49	-0.58	0.4	-0.07
YOL025W	-0.38	-0.36	-0.12	-0.51	-0.58	0.32	-0.1
YGL138C	-1.15	-0.69	-0.4	-0.89	-0.92	0.71	-0.12
YIR017C	-0.62	-0.51	-0.22	-0.47	-0.51	0.6	-0.04
YLR365W	-0.27	-0.3	-0.23	-0.25	-0.27	0.16	0
YGL222C	-0.58	-0.81	-0.6	-0.81	-0.71	0.67	-0.03
YGL126W	-0.12	-0.23	-0.18	-0.17	-0.15	0.12	-0.01
YIL025C	-0.49	-0.74	-0.56	-0.67	-0.56	0.24	-0.27
YOR114W	-0.49	-0.58	-0.27	-0.58	-0.38	0.21	-0.18
YOR029W	-0.4	-0.36	-0.14	-0.43	-0.2	0.34	0.19
YFL012W	-0.56	-0.47	-0.2	-0.64	-0.42	0.43	0.12
YIR027C	-0.76	-0.36	-0.2	-0.62	-0.67	0.3	0.08
YDR402C	-0.84	-0.56	-0.18	-0.71	-0.94	0.52	0.24
YFL058W	-0.76	-0.49	-0.18	-0.56	-0.74	0.5	0.21
YCR024C	-0.71	-0.38	-0.27	-0.42	-0.69	0.48	0.12
YLR012C	-0.58	-0.58	-0.36	-0.43	-0.58	0.2	0.14
YMR326C	-0.4	-0.34	-0.12	-0.4	-0.34	0.06	0.11
YAL067C	-1.12	-0.97	-0.42	-1.03	-0.89	0.43	0.24
YCL076W	-0.56	-0.4	-0.23	-0.51	-0.36	0.24	0.16
YCR006C	-0.43	-0.34	-0.23	-0.4	-0.34	0.19	0.32
YNL072W	-0.27	-0.36	-0.27	-0.34	-0.38	0.19	0.25
YCR102C	-0.62	-0.54	-0.36	-0.76	-0.84	0.38	0.32
YHR189W	-0.3	-0.23	-0.18	-0.29	-0.4	0.07	0.19
YKL177W	-0.29	-0.36	-0.3	-0.51	-0.27	0.08	0.19
YPR154W	-0.4	-0.54	-0.42	-0.6	-0.4	0.14	0.04
YPL021W	-0.3	-0.36	-0.29	-0.54	-0.47	-0.03	-0.04
YPR042C	-0.3	-0.1	-0.14	-0.27	-0.32	-0.03	0.08
YJL027C	-0.84	-0.23	-0.51	-0.6	-0.79	0.2	
YGL262W	-0.81	-0.23	-0.64	-0.62	-0.89	0.29	0.14
YDR218C	-1.32	-0.09	-0.1	-0.79	-0.74	0.74	0.69
YBR018C	-1.25	-0.67	-0.07	-0.54	-0.79	0.34	0.58
YJR078W	-1.43	-0.56	-0.47	-0.38	-0.43	0.5	0.78
YFL053W	-0.94	-0.43	-0.23	-0.34	-0.4	0.67	0.38
YOL163W	-0.51	-0.3	0.01	-0.38	-0.12	0.41	0.25
YCR079W	-1.43	-0.62	0.3	-0.54	-0.32	0.94	0.43
YFL003C	-0.74	-0.54	0.11	-0.36	-0.25	0.56	0.19
YGL170C	-1.32	-0.67	-0.01	-0.45	-0.27	0.74	0.2
YFL040W	-1	-0.43	0.11	-0.56	-0.42	0.43	0.21
YCL074W	-1.06	-0.47	0.06	-0.47	-0.43	0.41	0.26
YIL160C	-1.6	-0.74	-0.01	-0.81	-0.34	0.56	0.21
YAL066W	-0.58	-0.22	0.03	-0.25	-0.18	0.08	0.06
YAR042W	-0.51	-0.32	-0.04	-0.38	-0.18	0.11	0.12
YLR316C	-0.34	-0.36	0.08	0.04	-0.27	0.14	-0.1
YGL258W	-0.62	-0.81	0.19	-0.03	-0.58	0.56	0.01
YGR131W	-0.3	-0.67	-0.04	0.03	-0.42	0.32	-0.18
YML122C	-0.2	-0.42	0.04	-0.1	-0.06	0.26	-0.12
YJR006W	-0.6	-1.15	0.15	-0.27	-0.34	0.6	-0.1
YOL043C	-0.25	-0.45	-0.09	-0.14	-0.23	0.38	
YDR344C	-0.34	-0.56	-0.06	-0.1	-0.29	0.52	-0.25
YJR102C	-0.51	-0.71	0.04	-0.12	-0.42	0.56	-0.22
YCR095C	-0.36	-0.6	0.04	-0.12	-0.4	0.6	-0.12
YBR201W	-0.36	-0.42	0.07	-0.12	-0.34	0.54	-0.18
YCR003W	-0.42	-0.54	0.04	-0.18	-0.2	0.69	-0.2
YGL174W	-0.51	-0.56	0.19	-0.14	-0.23	0.6	-0.36
YGR171C	-0.42	-0.51	0.01	-0.18	-0.34	0.5	-0.01
YGR225W	-0.71	-0.86		-0.15	-0.38	0.84	0.07
YCR007C	-0.64	-0.69	-0.12	-0.25	-0.42	0.74	0.19
YLR456W	-0.25	-0.23	-0.09	0	-0.12	0.25	-0.1
YIL028W	-0.23	-0.64	0.25	-0.2	-0.56	0.16	0.01
YMR052W	-0.81	-0.71	0.16	-0.49	-1.09	0.26	0.36
YNL277W	-0.27	-0.43	0.25	-0.3	-0.76	0.36	0.14
YGL254W	-0.36	-0.62	0.08	-0.51	-0.89	0.36	0.08
YDR191W	-0.36	-0.34	0.06	-0.38	-0.79	0.12	0.01
YJL135W	-0.2	-0.3	0.24	-0.29	-0.74	0.08	0
YEL010W	-0.32	-0.3	0.11	-0.14	-0.54	0.12	-0.01
YHR109W	-0.36	-0.34	0.06	-0.17	-0.58	0.2	-0.17
YGL061C	-0.23	-0.2	0.01	-0.17	-0.74	0.21	0
YCL051W	-0.23	-0.07	0.3	0	-0.67	0.45	0.29
YEL030W	-0.38	-0.09	0.25	-0.12	-0.6	0.38	0.32
YJR135C	-0.4	-0.18	0.32	-0.07	-0.6	0.6	0.54
YBR019C	-0.56	-0.4	0.67	-0.14	-0.76	0.64	0.78
YGL081W	-0.27	-0.23	0.21	0	-0.43	0.21	0.34
YLR282C	-0.14	-0.18	0.2	0.11	-0.32	0.06	0.26
YJL022W	-0.1	-0.15	0.25	-0.03	-0.3	0.06	0.24
YGL205W	-0.2	-0.51	0.54	-0.18	-0.69	0.3	0.5
YDR403W	-0.23	-0.3	0.24	-0.34	-0.56	0.11	0.48
YHL047C	-0.45	-0.4	0.2	-0.62	-0.71	0.36	0.76
YBR050C	-0.67	-0.01	0.04	-0.34	-0.71	0.16	1.12
YIL099W	-0.51	-0.43	-0.34	-0.1	-0.62	0.41	0.81
YLR313C	0.04	-0.23	0.06	-0.09	-0.25	0.08	0.48
YOR384W	0.14	-0.23	0.3	-0.23	-0.51	0.4	0.89
YAL065C	-0.14	-0.62	0.19	-0.04	-0.36	0.16	0.3
YGR133W	-0.12	-0.34	0	-0.03	-0.42	0.07	0.15
YPR052C	0.03	-0.29	0.01	-0.1	-0.32	0.11	0.14
YNL295W	0.08	-0.34	-0.12	-0.12	-0.45	0.26	0.06
YGR045C	-0.06	-0.6	-0.18	-0.2	-0.42	0.41	0.15
YKR033C	-0.01	-0.74	-0.03	-0.3	-0.6	0.56	0.01
YPL110C	-0.03	-0.22	0	-0.03	-0.25	0	-0.06
YBR250W	0	-0.23	0.06	-0.25	-0.18	0.2	-0.04
YLR125W	-0.01	-0.09	-0.04	-0.1	-0.43	0.24	0.01
YGR010W	0.12	-0.01	-0.1	-0.18	-0.2	0.04	0.15
YNL183C	0.16	-0.01	-0.09	-0.23	-0.3	0.3	0.25
YJR091C	0.14	0.26	-0.23	-0.43	-0.51	0.32	0.26
YGL036W	0.32	0.25	-0.17	-0.29	-0.3	0.43	-0.1
YDL173W	0.2	0.24	-0.04	-0.23	-0.32	0.25	-0.09
YGL035C	0.2	0.48	-0.14	-0.62	-0.43	0.48	0.07
YOL055C	0	0.12	0.03	-0.27	-0.25	0.3	0.07
YML013W	0.08	0.2	-0.1	-0.42	-0.36	0.43	0.21
YDL005C	0.15	0.07	-0.04	-0.34	-0.43	0.52	0.2
YKL019W	0.04	0.08	0	-0.15	-0.36	0.36	0.14
YKR052C	0.19	0.25	-0.04	-0.4	-0.74	0.78	0.12
YBL046W	0.12	0.21	0.08	-0.3	-0.43	0.56	0.03
YFR050C	0.24	0.15	-0.1	-0.47	-0.49	0.74	-0.06
YDR202C	0.21	0	-0.03	-0.38	-0.51	0.81	0
YCR045C	0.01	0.04	-0.03	-0.18	-0.22	0.32	-0.01
YOR250C	-0.15	0.03	-0.18	-0.38	-0.64	0.5	0.06
YJL084C	-0.09	-0.03	-0.17	-0.47	-0.36	0.38	0.06
YJL065C	0	-0.04	-0.09	-0.34	-0.2	0.25	-0.03
YIL117C	-0.1	0.01	-0.23	-0.45	-0.49	0.58	-0.18
YGR012W	0.04	-0.07	-0.12	-0.18	-0.25	0.3	0
YKR055W	0.12	-0.18	-0.15	-0.34	-0.54	0.43	-0.1
YDR036C	0.01	-0.06	0.04	-0.51	-0.56	0.34	-0.09
YLR331C	0.04	-0.04	0.03	-0.34	-0.27	0.26	0.01
YML076C	0.19	0.04	-0.06	-0.47	-0.15	0.26	0
YKL159C	0.15	-0.17	-0.1	-0.29	-0.12	0.43	0.06
YBR109C	0.26	-0.06	0.08	-0.1	-0.07	0.32	-0.07
YJL201W	0.12	0.01	0.11	-0.1	-0.15	0.25	-0.06
YGR136W	0.48	0.12	0.24	-0.06	-0.4	0.56	-0.12
YFR052W	0.43	0.34	0.11	-0.18	-0.27	0.94	0.12
YDL007W	0.48	0.21	0.3	-0.06	-0.36	1.03	0.16
YER021W	0.38	0.12	0.04	-0.07	-0.2	0.89	0.3
YJL049W	0.15	-0.1	0.19	0	-0.22	0.43	0.21
YDR289C	0.15	-0.18	0.34	-0.07	-0.34	0.84	0.52
YLR191W	0.12	-0.01	0.19	-0.25	-0.36	0.38	0.48
YJR103W	0.12	0.14	0.19	-0.22	-0.25	0.34	0.5
YDR359C	0.11	0.03	0.15	-0.07	-0.12	0.26	0.24
YHR198C	0.14	0.07	0.24	-0.12	-0.17	0.45	0.43
YKL088W	0.36	0.19	0.29	-0.22	-0.3	0.86	0.76
YJL165C	0.26	0.06	0.29	-0.12	-0.14	0.74	0.58
YDR479C	0.07	0.21	0.45	-0.07	-0.2	0.89	0.62
YGL156W	0.04	0.12	0.29	-0.2	-0.23	0.67	0.5
YGR186W	0.16	0.07	0.19	-0.3	-0.18	0.54	0.29
YDR186C	0.08	0.08	0.12	-0.34	-0.36	0.54	0.29
YIL143C	0.06	0.3	0.11	-0.1	-0.27	0.43	0.45
YBR284W	-0.04	0.45	0.06	-0.15	-0.36	0.6	0.5
YGR042W	-0.01	0.4	0.2	-0.07	-0.51	0.71	0.48
YAL030W	-0.01	0.3	0.06	-0.14	-0.32	0.71	0.43
YPL071C	-0.03	0.24	0.11	-0.03	-0.14	0.58	0.32
YGL010W	-0.06	0.11	0.15	-0.12	-0.42	0.62	0.34
YBL095W	-0.27	0.15	0.21	-0.3	-0.42	0.78	0.56
YFL042C	-0.3	0.15	0.2	-0.04	-0.45	0.6	0.6
YAR023C	-0.2	0.45	0.29	0.08	-0.56	1	1
YOR152C	-0.27		0.36	0.06	-0.29	0.69	0.89
YDR173C	-0.2	0.19	0.2	-0.01	-0.17	0.64	0.81
YDR475C	-0.23	0.15	0.21	-0.03	-0.3	0.21	0.4
YFR029W	-0.36	0.34	0.2	-0.06	-0.71	0.58	0.54
YNL164C	-0.27	0.2	0.45	-0.34	-0.36	0.6	0.43
YGL125W	-0.03	0.14	0.2	-0.1	-0.17	0.34	0.19
YLR323C	-0.07	0.14	0.45	-0.29	-0.25	0.56	0.29
YPL101W	-0.01	0.06	0.54	-0.27	-0.42	0.62	0.25
YGR002C	0	0.06	0.24	-0.15	-0.27	0.45	0.14
YHR002W	-0.1	-0.23	0.36	-0.01	-0.76	0.84	0.62
YGR212W	0	-0.1	0.3	-0.12	-0.47	0.45	0.32
YBR120C	-0.03	0	0.52	-0.23	-0.62	0.86	0.64
YBR260C	0.12	0.07	0.4	-0.1	-0.64	0.71	0.5
YGL159W	0.03	0.07	0.43	-0.06	-0.67	0.56	0.5
YHR152W	-0.04	-0.03	0.21	0	-0.3	0.24	0.21
YDR197W	-0.07	0	0.32	0.2	-0.67	0.69	0.24
YDR067C	-0.04	0.04	0.54	0.08	-0.54	0.62	0.21
YER071C	0	-0.01	0.48	-0.09	-0.54	0.69	0.15
YGR255C	-0.1	-0.03	0.62	0.04	-0.49	0.92	0.19
YJR107W	-0.22	0.12	0.69	-0.06	-0.56	0.64	0.45
YKL090W	-0.1	0.16	0.6	-0.1	-0.51	0.71	0.41
YFR046C	-0.29	0.41	0.56	-0.06	-0.86	0.78	0.48
YCR014C	-0.06	0.24	0.41	-0.04	-0.6	0.4	0.38
YDR137W	-0.04	0.2	0.43	0.08	-0.67	0.58	0.4
YDR029W	-0.04	0.2	0.34	0.06	-0.38	0.24	0.21
YHR102W	-0.1	0.21	0.58	-0.1	-0.56	0.4	0.26
YGL038C	-0.07	0.2	0.4	-0.06	-0.36	0.34	0.16
YGR011W	0	0.15	0.24	-0.07	-0.18	0.2	0.11
YBR216C	0.14	0.15	0.41	-0.15	-0.56	0.56	0.12
YGR112W	0.26	0.15	0.5	0	-0.64	0.52	0.2
YBR168W	0.08	0.06	0.25	0.01	-0.58	0.4	0.14
YDL197C	0.04	0.41	0.16	-0.3	-0.47	0.29	0.62
YDL242W	-0.07	0.41	0.08	-0.3	-0.45	0.3	0.36
YFR048W	0	0.32	0.15	-0.4	-0.6	0.38	0.25
YDR005C	-0.03	0.19	0.08	-0.4	-0.4	0.24	0.21
YDR153C	-0.1	0.32	0.26	-0.42	-0.29	0.36	0.24
YMR154C	-0.1	0.21	0.26	-0.45	-0.47	0.48	0.3
YGL163C	-0.06	0.2	0.24	-0.32	-0.32	0.4	0.4
YFL021W	0.01	0.3	0.26	-0.42	-0.49	0.48	0.56
YER081W	0.01	0.21	0.2	-0.54	-0.42	0.58	0.62
YMR182C	-0.09	0.15	0.03	-0.51	-0.27	0.4	0.48
YNL116W	0.03	0.12	0.15	-0.49	-0.15	0.21	0.36
YNL042W	0.04	-0.04	0.12	-0.58	-0.34	0.21	0.36
YGL003C	-0.01	-0.01	0.07	-0.43	-0.42	0.45	0.6
YOR365C	-0.1	-0.01	0.19	-0.45	-0.71	0.52	0.71
YLR446W	-0.06	0.01	0.19	-0.49	-0.81	0.6	0.71
YCL064C	0.15	-0.04	0.07	-0.54	-1.15	0.78	0.6
YKL110C	-0.2		0.14	-0.43	-0.56	0.43	0.21
YJR093C	-0.23	-0.03	0.12	-0.42	-0.54	0.56	0.24
YNL253W	-0.12	-0.06	0.08	-0.34	-0.54	0.48	0.19
YDL013W	-0.03	-0.06	0.04	-0.23	-0.42	0.43	0.14
YIR028W	-0.1	-0.18	0.16	-0.3	-0.4	0.56	0.4
YJL149W	-0.1	-0.01	0.3	-0.43	-0.47	0.6	0.32
YOR231W	-0.03	-0.06	0.32	-0.32	-0.36	0.41	0.29
YHL008C	-0.1	-0.1	0	-0.56	-0.36	0.54	0.26
YDR199W	-0.04	-0.03	0.01	-0.34	-0.1	0.29	0.16
YNL218W	-0.15	0.11	0.19	-0.18	-0.1	0.4	-0.12
YML057W	-0.06	0.01	0.14	-0.22	-0.1	0.4	-0.07
YOL042W	-0.03	0.11	0.16	-0.22	-0.15	0.58	-0.06
YGR178C	0.07	-0.03	0.24	-0.25	-0.18	0.56	-0.03
YOR295W	-0.01	-0.06	0.3	-0.23	-0.1	0.43	-0.06
YOR329C	-0.1	0.07	0.69	-0.45	-0.18	0.86	0.11
YIL003W	-0.09	0.01	0.38	-0.29	-0.18	0.54	0.08
YNL264C	0	0.07	0.32	-0.25	-0.2	0.41	0
YDR466W	-0.1	-0.06	0.24	-0.23	-0.18	0.43	0.11
YHR022C	-0.12	-0.06	0.21	-0.27	-0.27	0.5	0.06
YGR030C	-0.23	-0.12	0.2	-0.43	-0.18	0.62	0.08
YDR113C	-0.1	-0.03	0.25	-0.29	-0.18	0.4	-0.06
YIR034C	-0.07	0.04	0.32	-0.56	-0.47	0.76	-0.1
YGR197C	0	-0.03	0.15	-0.23	-0.3	0.3	-0.1
YDR504C	-0.03	0.19	0.14	-0.23	-0.36	0.29	0.04
YKL125W	0	0.19	0.16	-0.38	-0.58	0.5	-0.09
YER066W	-0.18	0.11	0.14	-0.1	-0.36	0.45	-0.1
YGR013W	-0.15		0.2	-0.12	-0.38	0.64	-0.12
YDR415C	-0.04	0.19	0.15	-0.18	-0.4	0.54	-0.15
YGR009C	-0.06	0.3	0.01	-0.1	-0.29	0.64	-0.09
YBR194W	-0.1	0.29	-0.01	-0.14	-0.47	0.54	0
YMR293C	0.01	0.11	0	-0.23	-0.47	0.5	-0.18
YMR281W	0.12	0.19	0.07	-0.18	-0.34	0.5	-0.17
YJL024C	0.07	0.14	-0.01	-0.3	-0.3	0.78	-0.12
YMR126C	0	0.2	0.11	-0.23	-0.27	0.56	0.04
YPL152W	-0.01	0.15	0.11	-0.18	-0.25	0.45	-0.04
YJR133W	0.07	0.07	0.24	-0.23	-0.38	0.6	0.01
YGL107C	0.16	0.25	0.26	-0.23	-0.27	0.52	0.01
YFR013W	0.15	0.2	0.2	-0.29	-0.25	0.41	-0.01
YAL016W	0.15	0.08	0.15	-0.07	-0.17	0.43	-0.09
YCR088W	0.16	0.11	0.25	-0.03	-0.3	0.71	-0.1
YHR190W	0.16	0.24	0.36	-0.15	-0.45	0.92	0.04
YLR005W	0.07	0.15	0.38	0.06	-0.38	0.76	0.08
YLR387C	0.3	0.3	0.4	-0.12	-0.51	0.74	0.14
YOR319W	0.07	0.07	0.3	-0.06	-0.22	0.34	0.03
YFL049W	0.03	0.34	0.38	-0.1	-0.42	0.4	0.07
YHL031C	-0.15	0.41	0.2	-0.17	-0.36	0.6	0.03
YGL017W	-0.12	0.4	0.43	-0.12	-0.43	0.71	0.16
YLR030W	-0.12	0.5	0.29	0.03	-0.49	0.67	0.2
YCR022C	-0.07	0.21	0.14	-0.06	-0.34	0.43	0.11
YER046W	-0.09	0.48	0.07	0.04	-0.49	0.81	0.24
YJL082W	0	0.11	-0.1	-0.25	-0.34	0.81	0.11
YKR091W	-0.1	0.19	-0.03	-0.34	-0.23	0.86	0.19
YOR018W	-0.1	0.07	0.03	-0.22	-0.3	0.6	0.15
YNL193W	-0.1	0.06	0.11	-0.23	-0.3	0.52	0.07
YHR038W	-0.32	0.01	0.19	-0.34	-0.15	0.74	0.06
YER121W	-0.18	0.04	0.08	-0.23	-0.2	0.62	0.04
YFR045W	-0.27	0.14	0.03	-0.15	-0.32	0.92	0.11
YLR070C	-0.22	0.16	0.19	-0.18	-0.22	0.71	0.08
YER188W	-0.27	0.15	0.16	-0.06	-0.09	0.78	0.04
YIL001W	-0.01	-0.1	0.29	-0.14	-0.17	0.97	0.21
YNL199C	0	0.01	0.29	-0.12	-0.29	0.81	0.12
YER011W	0.04	0.06	0.12	-0.1	-0.14	0.41	0.06
YJR083C	-0.04	0.03	0.36	0.03	-0.47	1	0.21
YDR034C	-0.1	0.06	0.19	0.06	-0.23	0.74	0.12
YKR035C	0.07	0.3	0.2	0.07	-0.32	1.06	0.24
YDR196C	-0.2	0.06	0.11	-0.01	-0.29	0.71	-0.09
YER139C	-0.2	-0.03	0.2	0	-0.4	0.84	0.01
YOR258W	-0.36	0.01	0.12	-0.12	-0.42	0.92	0.07
YGL164C	-0.4	-0.1	0.16	-0.17	-0.47	0.89	-0.06
YEL050C	-0.42	-0.17	0.16	0.06	-0.54	0.78	0.08
YFR043C	-0.3	0.04	0.04	0.11	-0.42	0.54	-0.03
YER047C	-0.58	0.06	-0.14	-0.58	-0.25	0.54	0.11
YER185W	-0.49	0.41	0.2	-0.47	-0.51	0.67	0.08
YER143W	-0.3	0.26	0.01	-0.36	-0.25	0.56	0
YJR159W	-0.23	0.25	-0.09	-0.22	-0.3	0.43	0.11
YDL246C	-0.43	0.32	0	-0.47	-0.54	0.74	0.34
YJR108W	-0.54	0.16	-0.15	-0.36	-0.43	0.69	0.25
YCR038C	-0.42	0.25	-0.09	-0.45	-0.38	0.36	0.32
YGL033W	-0.56	0.5	-0.12	-0.56	-0.56	0.52	0.38
YFL060C	-0.43	0.32	-0.07	-0.23	-0.51	0.34	0.32
YER101C	-0.56	0.2	0.12	-0.34	-0.45	0.52	0.34
YFR023W	-0.67	0.24	0.11	-0.45	-0.27	0.5	0.43
YLR234W	-0.81	0.3	-0.34	-0.4	-0.36	1.09	0.58
YDL154W	-0.76	0.16	-0.36	-0.34	-0.54	0.94	0.81
YOL138C	-0.23	0.06	-0.36	-0.4	-0.14	0.56	0.58
YDR018C	-0.47	0.84	-0.07	-0.49	-0.38	1.25	1.36
YOR055W	-0.17	0.2	-0.07	-0.27	-0.3	0.4	0.62
YDL222C	-0.47	0.5	-0.27	-0.6	-0.4	0.64	0.92
YDR283C	-0.18	0.12	-0.09	-0.06	-0.17	0.08	0.3
YMR280C	-0.18	0.32	-0.15	-0.1	-0.32	0.32	0.36
YBR146W	-0.07	0.58	-0.32	-0.09	-0.36	0.54	-0.17
YNL105W	-0.22	0.3	-0.3	-0.14	-0.4	0.56	-0.1
YER058W	-0.56	0.32	-0.27	-0.3	-0.17	0.84	-0.1
YLR064W	0	-0.06	-0.1	-0.34	-0.1	0.52	-0.47
YJL217W	0.29	0	-0.34	-0.76	-0.22	0.97	-0.6
YER029C	0.14	0.14	-0.04	-0.36	-0.01	0.41	-0.18
YMR092C	0.07	0.14	-0.06	-0.3	-0.06	0.64	-0.34
YKR075C	0.01	0.36	-0.22	-0.3	-0.27	0.74	-0.36
YPR199C	0	0.25	-0.15	-0.2	-0.18	0.76	-0.23
YLR225C	0.11	0.4	-0.1	-0.23	-0.09	0.64	-0.2
YFL005W	0.24	0.16	-0.01	-0.17	-0.06	0.52	-0.1
YCL041C	0.07	0.03	-0.03	-0.09	0.08	0.25	-0.1
YLR039C	-0.06	0.14	-0.09	-0.18	0.08	0.19	-0.14
YOR150W	-0.14	0.32	-0.14	0.07	0.11	0.71	-0.58
YDR510W	0.24	0.11	-0.18	-0.01	0.21	0.45	-0.51
YHR060W	-0.07	-0.07	-0.06	-0.27	0.03	0.26	-0.23
YGR268C	-0.18	-0.07	-0.14	-0.69	-0.01	0.45	-0.09
YHR015W	0.11	-0.71	-0.1	-0.36	0.41	0.67	
YCL039W	-0.03	-0.14	0.04	0.07	0.14	0.14	-0.09
YKL069W	-0.01	-0.36	0.16	0.12	0.24	0.4	-0.32
YDR056C	-0.17	-0.3	0.16	0.04	0.19	0.4	-0.47
YDR424C	-0.18	-0.23	0.03	0.16	-0.09	0.5	-0.27
YNL081C	-0.27	-0.51	-0.04	0.2	0.08	0.97	-0.47
YOR367W	-0.04	-0.23	-0.03	0.08	0.01	0.45	-0.25
YKL136W	0.01	-0.12		0.03	-0.01	0.32	-0.23
YMR022W	-0.07	-0.2	-0.15	0.07	0.11	0.84	-0.58
YNR036C	-0.04	-0.2	-0.1	0.25	0.08	0.5	-0.56
YMR071C	-0.18	-0.34	-0.22	-0.1	0.14	0.64	-0.67
YGL068W	-0.12	-0.23	-0.09	-0.14	0.25	0.6	-0.45
YOR158W	-0.12	-0.29	-0.07	-0.15	0.25	0.56	-0.29
YOR331C	0.15	-0.14	0.2	-0.12	0.38	0.74	-0.56
YCR033W	0	-0.18	0.04	-0.1	0.15	0.45	-0.12
YPL059W	0.03	-0.23	0.12	-0.09	0.14	0.4	-0.17
YHR178W	0.08	-0.18	0.07	-0.1	0	0.29	
YPL170W	0.03	-0.2	-0.27	-0.06	0.11	0.4	-0.09
YOL134C	-0.09	-0.23	-0.27	-0.12	0.19	0.78	-0.14
YLL007C	-0.06	0.01	-0.27	-0.29	0.21	0.81	-0.15
YOR354C	-0.15	-0.01	-0.1	0.01	0.12	0.48	-0.18
YPR134W	-0.17	-0.12	0.2	-0.09	0.01	0.41	-0.23
YLR404W	-0.1	-0.27	0.32	-0.07	0	0.43	-0.34
YLR424W	-0.07	-0.18	0.43	-0.06	-0.07	0.58	-0.34
YGR033C	0.07	-0.12	0.25	-0.14	-0.09	0.4	-0.17
YER012W	0.12	-0.29	0.29	-0.27	-0.15	0.48	-0.15
YGR005C	-0.04	-0.43	0.34	-0.22	-0.22	0.52	-0.4
YJR035W	-0.06	-0.14	0.15	-0.09	-0.07	0.3	-0.29
YOR390W	-0.12	-0.15	0.41	-0.1	-0.29	0.58	-0.76
YJR088C	-0.03	-0.23	0.36	-0.09	-0.29	0.43	-0.54
YPL064C	-0.07	-0.18	0.14	-0.01	-0.1	0.15	-0.4
YML077W	-0.07	-0.17	0.2	-0.04	-0.15	0.24	-0.49
YGR115C	-0.14	-0.17	0.12	0.07	-0.12	0.3	-0.51
YGL020C	-0.01	-0.1	0.19	0	-0.09	0.36	-0.67
YJL140W	0.06	-0.1	0.2	0.08	-0.06	0.45	-0.51
YOR362C	0.14	-0.1	0.16	0.08	-0.18	0.5	-0.62
YLR078C	0.04	-0.14	0.06	0.08	-0.06	0.26	-0.51
YHR176W	0.16	-0.42	0.25	0.14		0.58	
YPR139C	-0.01	-0.38	0.3	0.15	-0.07	0.45	-0.49
YGR278W	0	-0.2	0.3	0	-0.14	0.32	-0.22
YMR234W	0	-0.3	0.4	0.03	-0.27	0.25	-0.3
YPR094W	0.06	-0.17	0.16	0	-0.2	0.2	-0.23
YOR238W	0	-0.23	0.26	0.03	-0.38	0.52	-0.49
YLR127C	0.06	-0.18	0.12	0.01	-0.3	0.36	-0.23
YIL073C	0.01	-0.07	0.11	0.04	-0.18	0.36	-0.18
YJL064W	-0.04	-0.04	0.11	0.01	-0.23	0.32	-0.1
YER080W	-0.01	-0.01	0.15	-0.14	-0.23	0.32	-0.25
YOR080W	0.11	-0.1	0.4	-0.22	-0.43	0.67	-0.69
YOR194C	0.11	-0.06	0.14	-0.18	-0.15	0.38	-0.23
YPR120C	0.15	0.15	0.19	-0.3	-0.43	1.09	-0.6
YHR106W	0.16	0.12	0.08	-0.18	-0.18	0.36	-0.23
YOR157C	0.15	0.19	0.14	-0.17	-0.1	0.45	-0.43
YIL138C	0.19	-0.06	0.34	-0.07	-0.09	0.89	-0.54
YPL132W	0.12	-0.1	0.08	-0.01	-0.12	0.43	-0.3
YKL180W	0.01	-0.07	-0.04	-0.1	0.04	0.38	-0.17
YGL106W	0.01	-0.14	-0.1	-0.09	-0.18	0.64	-0.51
YOR364W	-0.15	-0.18	0.08	-0.1	-0.15	0.84	-0.67
YNL079C	-0.01	-0.22	0.03	-0.18	0.01	0.89	-0.81
YDR304C	0.04	-0.03	0.04	-0.23	0.03	0.6	-0.51
YOR281C	0.03	0.08		-0.18	-0.03	0.52	-0.47
YKL179C	-0.15	0	-0.01	-0.18	-0.04	0.38	-0.3
YGR084C	-0.03	-0.01	0.16	-0.14	-0.1	0.4	-0.22
YOR106W	-0.04	0	0.11	-0.15	-0.23	0.62	-0.2
YLR382C	-0.09	-0.12	0.08	-0.12	-0.23	0.71	-0.27
YLR090W	-0.17	-0.01	0.07	-0.07	-0.09	0.54	-0.27
YOR266W	-0.22	0	0	0.03	-0.2	0.5	-0.27
YGR221C	-0.18	-0.01	0.08	-0.3	-0.47	0.58	-0.27
YDR301W	-0.07	-0.1	-0.09	-0.27	-0.38	0.41	-0.3
YGR286C	-0.01	0	0.06	-0.42	-0.36	0.56	-0.49
YGR241C	0.14	-0.04	-0.14	-0.34	-0.42	0.52	-0.49
YOL076W	0.11	-0.07	0.06	-0.25	-0.49	0.43	-0.3
YNL161W	0.08	0	0.03	-0.17	-0.4	0.29	-0.34
YGR071C	-0.01	0.03	0.03	-0.17	-0.42	0.38	-0.51
YER115C	-0.14	0.16	-0.01	-0.23	-0.47	0.86	-0.71
YOR112W	-0.1	-0.07	0.04	-0.18	-0.23	0.43	-0.3
YOR288C	-0.18	-0.12	0.08	-0.22	-0.22	0.48	-0.51
YOR074C	-0.09	-0.23	0.03	-0.1	-0.4	0.56	-0.62
YPL084W	-0.04	-0.18	-0.09	-0.07	-0.4	0.58	-0.36
YER100W	0.07	-0.25	0.04	-0.18	-0.3	0.26	-0.3
YGR093W	-0.06	-0.18	0.2	-0.36	-0.49	0.36	-0.47
YOL094C	-0.14	-0.18	0.25	-0.36	-0.62	0.38	-0.56
YNL211C	-0.1	-0.15	0.04	-0.2	-0.34	0.19	-0.34
YPR171W	0	-0.23	0	-0.36	-0.34	0.32	-0.51
YMR179W	-0.03	-0.23	-0.01	-0.45	-0.49	0.24	-0.54
YDR290W	-0.09	-0.17	0.03	-0.47	-0.34	0.26	-0.34
YOR249C	-0.06	-0.14	0.15	-0.4	-0.25	0.29	-0.27
YDL086W	0	-0.12	0.14	-0.22	-0.14	0.25	-0.18
YMR200W	0.11	-0.17	0.04	-0.23	-0.18	0.34	-0.18
YJR014W	-0.01	-0.14	0.03	-0.38	-0.12	0.56	-0.1
YMR095C	-0.06	-0.15	-0.04	-0.34	-0.17	0.5	-0.06
YPR109W	-0.18	-0.2	-0.07	-0.36	-0.23	0.54	-0.06
YNL213C	-0.1	-0.23	0.01	-0.27	-0.22	0.5	-0.15
YGL044C	-0.04	-0.17	-0.06	-0.32	-0.32	0.54	-0.1
YGR235C	-0.06	-0.12	0	-0.54	-0.36	0.6	-0.18
YER017C	0.03	-0.06	-0.14	-0.18	-0.17	0.4	-0.12
YPL039W	-0.04	-0.01	-0.18	-0.23	-0.34	0.78	-0.07
YDR116C	-0.1	-0.09	-0.12	-0.17	-0.29	0.67	-0.22
YDL142C	-0.25	-0.36	-0.27	-0.27	-0.34	0.84	-0.36
YKL041W	-0.2	-0.27	-0.18	-0.27	-0.4	0.54	-0.27
YDR388W	-0.22	-0.38	-0.18	-0.09	-0.45	0.64	-0.23
YMR077C	-0.25	-0.47	-0.14	-0.27	-0.42	0.89	-0.07
YOR076C	-0.04	-0.34	-0.1	-0.12	-0.32	0.56	-0.03
YKL178C	-0.01	-0.27	-0.06	-0.17	-0.4	0.58	-0.1
YBR167C	-0.4	-0.18	0.06	-0.1	-0.38	0.62	-0.47
YCL034W	-0.43	-0.23	0	-0.1	-0.25	0.69	-0.47
YJR142W	-0.47	-0.42	-0.1	-0.14	-0.15	0.71	-0.51
YOR296W	-0.22	-0.23	-0.23	-0.1	-0.18	0.43	-0.36
YJR134C	-0.15	-0.18		-0.17	-0.18	0.43	-0.3
YCR046C	-0.38	-0.4	-0.23	-0.42	-0.23	0.81	-0.62
YLR238W	-0.2	-0.4	-0.1	-0.17	-0.27	0.94	-0.51
YDR470C	-0.09	-0.3	-0.01	-0.27	-0.23	0.38	-0.27
YMR026C	-0.09	-0.29	-0.1	-0.27	-0.14	0.36	-0.12
YMR112C	-0.27	-0.36	-0.03	-0.34	-0.18	0.41	-0.17
YDR054C	-0.22	-0.23	-0.27	-0.54	-0.1	0.6	-0.29
YNL020C	-0.1	-0.18	-0.14	-0.34	-0.1	0.34	-0.15
YGR080W	-0.18	-0.43	-0.3	-0.45	-0.06	0.62	-0.27
YLR368W	-0.25	-0.27	-0.27	-0.29	-0.06	0.54	-0.29
YNR049C	-0.32	-0.38	-0.15	-0.22	-0.12	0.64	-0.15
YOL023W	-0.49	-0.47	0.03	-0.3	-0.07	0.58	-0.27
YPL100W	-0.42	-0.49	-0.4	-0.27	-0.36	0.54	-0.12
YLR338W	-0.36	-0.38	-0.42	-0.36	-0.49	0.6	-0.3
YMR295C	-0.3	-0.34	-0.18	-0.22	-0.17	0.08	-0.43
YHR210C	-0.23	-0.34	-0.23	-0.15	-0.15	0.29	-0.34
YMR039C	-0.3	-0.54	-0.27	-0.29	-0.23	0.43	-0.62
YDL018C	-0.18	-0.74	-0.23	-0.07	-0.1	0.45	-0.4
YIL023C	-0.09	-0.32	-0.1	-0.1	-0.1	0.21	-0.18
YMR028W	-0.23	-0.42	-0.14	-0.15	-0.14	0.24	-0.23
YLR072W	-0.12	-0.3	-0.15	-0.03	-0.2	0.2	-0.15
YML098W	0.03	-0.23	-0.18	-0.07	-0.23	0.4	-0.42
YHL035C	-0.01		-0.42	-0.43	-0.43	0.36	-0.43
YEL068C	-0.03	-0.25	-0.18	-0.29	-0.2	0.19	-0.27
YBR016W	-0.17	-0.71	-0.6	-0.69	-0.6	0.43	-0.84
YIL029C	-0.15	-0.29	-0.15	-0.42	-0.27	0.25	-0.45
YIL007C	-0.23	-0.32	-0.34	-0.58	-0.3	0.3	-0.56
YLR245C	-0.12	-0.18	-0.3	-0.42	-0.2	0.16	-0.4
YPR101W	-0.15	-0.4	-0.12	-0.56	-0.36	0.24	-0.42
YMR183C	-0.07	-0.49	-0.18	-0.3	-0.27	0.2	-0.6
YIL041W	0.01	-0.29	-0.15	-0.23	-0.2	0.14	-0.42
YMR291W	0.06	-0.27	-0.17	-0.1	-0.3	0.2	-0.51
YIL022W	-0.09	-0.12	-0.3	-0.3	-0.45	0.36	-0.6
YGR202C	-0.04	-0.04	-0.15	-0.2	-0.23	0.21	-0.38
YHR168W	0	-0.1			-0.29	0.36	-0.56
YKL214C	-0.06	-0.27	-0.14	-0.2	-0.36	0.48	-0.71
YJR010C-A	-0.1	-0.2	-0.07	-0.15	-0.29	0.26	-0.49
YGL080W	-0.07	-0.2	-0.15	-0.17	-0.3	0.21	-0.51
YNL185C	-0.2	-0.3	-0.27	-0.25	-0.27	0.32	-0.67
YMR072W	-0.09	-0.3	-0.2	-0.23	-0.3	0.25	-0.45
YPL228W	-0.18	-0.32	-0.18	-0.22	-0.36	0.26	-0.43
YKL194C	-0.23	-0.17	-0.23	-0.06	-0.27	0.24	-0.56
YKL017C	-0.51	-0.27	-0.14	-0.3	-0.54	0.29	-0.71
YIR009W	-0.3	-0.34	-0.17	-0.18	-0.67	0.24	-0.67
YBR193C	-0.18	-0.09	0.04	-0.06	-0.43	0.24	-0.62
YNR056C	-0.1	-0.23	-0.01	-0.07	-0.3	0.24	-0.51
YDR444W	-0.18	-0.27	0.04	-0.17	-0.27	0.2	-0.56
YHR200W	0.01	-0.27	-0.01	-0.17	-0.2	0.32	-0.51
YNR045W	-0.1	-0.36	-0.12	-0.17	-0.12	0.41	-0.64
YNL225C	-0.22	-0.4	0.04	-0.27	-0.1	0.4	-0.62
YDR296W	-0.29	-0.42	0.04	-0.38	-0.14	0.64	-0.67
YER013W	-0.34	-0.1	0.11	-0.01	-0.04	0.36	-0.22
YMR003W	-0.27	-0.14	0.15	-0.04	-0.12	0.3	-0.23
YFR037C	-0.67	-0.47	0.24	-0.09	-0.36	0.48	-0.74
YOR242C	-0.23	-0.56	-0.09	-0.1	-0.3	0.56	-0.56
YPR167C	-0.09	-0.43	-0.07	-0.03	-0.4	0.45	-0.42
YDL006W	-0.23	-0.43	0.14	0.11	-0.43	0.5	-0.47
YGR049W	-0.14	-0.36	0	0.06	-0.36	0.3	-0.43
YKL059C	-0.12	-0.27	0.06	0.04	-0.29	0.25	-0.47
YGL232W	-0.34	-0.56	0.21	-0.12	-0.49	0.16	-0.54
YKR029C	-0.07	-0.38	0.15	-0.15	-0.3	0.2	-0.3
YKL089W	-0.17	-0.3	0.12	-0.04	-0.3	0.32	-0.43
YGR163W	-0.27	-0.43	0.16	-0.12	-0.34	0.32	-0.42
YLR288C	-0.18	-0.36	0.21	-0.22	-0.27	0.29	-0.4
YMR127C	-0.27	-0.3	0.19	-0.23	-0.49	0.36	-0.47
YBR253W	-0.22	-0.29	0.11	-0.18	-0.4	0.41	-0.3
YDR146C	-0.25	-0.64	0.43	-0.01	-0.47	0.32	-0.38
YOR200W	-0.1	-0.51	0.07	0.01	-0.32	0.11	-0.3
YGR277C	-0.29	-0.47	0.03	0.11	-0.09	0.32	-0.62
YNL257C	-0.23	-0.23	-0.01	0.03	0.06	0.06	-0.34
YGL093W	-0.2	-0.23	-0.06	0.03	0.04	0.06	-0.15
YNL258C	-0.27	-0.07	0.01	-0.03	0.06	-0.06	-0.27
YNL323W	-0.03	-0.12	-0.06	0.04	-0.1	0.06	-0.32
YNL076W	0.06	-0.36	-0.36	0.25	-0.3	0.15	-0.56
YGR025W	0	-0.23	0.03	0.25	-0.12	0.11	-0.23
YGL239C	-0.06	-0.04	-0.17	0.21	-0.34	0.06	-0.17
YGL118C	-0.2	-0.47	-0.4	0.19	-0.56	0.41	-0.23
YFL036W	-0.2	-0.51	-0.54	0.16	-0.2	0.52	-0.3
YMR261C	-0.1	-0.17	-0.4	0.25	-0.06	0.36	-0.01
YPR021C	-0.06	-0.1	-0.04	0.25	0	0.19	0
YER119C	-0.14	0.2	0	0.3	-0.14	0.6	-0.15
YKL007W	0	-0.01	0	0.24		0.67	-0.18
YMR314W	0.12	-0.09	-0.03	0.2	-0.14	0.89	-0.3
YML007W	0.14	-0.06	-0.07	-0.09	-0.25	0.04	0.01
YLR462W	-0.01	0.03	0.08	0.08	-0.47	-0.3	-0.09
YGL249W	-0.18	-0.15	0.06	0.03	-0.4	-0.22	0.11
YFL064C	-0.1	0.03	0.16	0.04	-0.49	-0.14	0.15
YBR027C	0.03	-0.01	0.04	-0.1	-0.54	-0.23	0.21
YHR154W	-0.01	-0.09	0.15	-0.01	-0.36	-0.17	0.38
YOR210W	-0.09	-0.27	0.36	-0.18	-0.25	-0.43	0.21
YJL105W	-0.18	-0.23	0.36	-0.2	-0.09	-0.1	0.21
YAR050W	0.03	0.04	0.15	0.03	-0.14	-0.34	0.36
YGR032W	-0.09	-0.04	0.11	-0.15	-0.17	-0.74	0.48
YAL063C	0	-0.15	0.11	-0.18	-0.3	-0.51	0.34
YHR217C	-0.01	-0.04	0.07	-0.04	-0.22	-0.4	0.41
YGL094C	-0.07	-0.06	0.01	-0.06	-0.36	-0.51	
YLL015W	-0.01	0.03	-0.06	-0.04	-0.2	-0.25	0.3
YPL017C	-0.1	-0.03	0.06	-0.54	-0.56	-0.79	0.94
YHR213W	0.11	-0.06	0.03	-0.18	-0.27	-0.64	0.76
YGL213C	0.01	-0.22	0.26	-0.34	-0.3	-0.67	0.94
YNR029C	0.06	-0.23	0.01	-0.42	-0.15	-0.58	0.71
YKL033W	0.03	0	-0.06	-0.18	0.07	-0.14	0.45
YLR415C	-0.25	-0.3	-0.03	-0.56	-0.01	-0.47	1.4
YHR053C	0.21	-0.4	-0.1	-0.45	-0.18	-0.01	1.29
YKL044W	0	-0.3	-0.49	-0.42	-0.45	0.3	1.32
YLL016W	-0.23	-0.17	-0.17	-0.32	-0.18	0.19	0.86
YDR536W	-0.56	-0.71	-0.06	-0.92	-0.76	0.26	2.25
YJL088W	-0.32	-0.43	-0.4	-0.4	-0.54	-0.04	1.48
YPR002W	-0.25	-0.18	-0.17	-0.18	-0.56	-0.03	1.52
YCL008C	0.21	0.43	-0.14	-0.17	-0.67	-0.1	1.52
YBR218C	0.24	0.14	-0.29	-0.32	-0.34	-0.35	1.43
YPR066W	-0.07	-0.04	0.12	-0.03	-0.14	-0.1	0.56
YLR237W	0.08	0.03	0.14	-0.17	-0.29	-0.23	0.67
YPR196W	-0.17	0.06	0.16	-0.25	-0.29	-0.34	0.74
YER097W	-0.2		-0.06	-0.15	-0.34	-0.2	0.62
YNL324W	-0.29	0	-0.18	-0.22	-0.27	-0.25	0.58
YGL237C	-0.15	0.03	-0.12	-0.32	-0.23	-0.04	0.52
YPL265W	-0.06	-0.09	-0.62	-0.54	-0.92	-0.09	1.32
YGL062W	0.03	0.12	-1.03	-0.84	-0.84	-0.76	1.79
YDR335W	0.03	0.19	-0.17	-0.32	-0.17	0.01	0.25
YBL066C	0.03	0.52	-0.43	-0.54	-0.56	0.26	1.03
YDR293C	0.16	0.15	-0.3	-0.4	-0.27	0.24	0.86
YMR021C	-0.15	0.07	-0.07	-0.38	-0.12	0.16	0.5
YJR046W	0.15	0.16	-0.23	-0.6	-0.45	-0.29	0.56
YGL178W	0.08	-0.01	-0.07	-0.56	-0.64	0.03	0.48
YOR303W	0.15	0.24		-0.86	-1.18	-0.36	0.97
YDR457W	0.04	0.04	0.12	-0.1	-0.23	-0.06	0.14
YKL157W	-0.04	0	-0.25	0	-0.25	0	0
YNL296W	-0.09	0.04	-0.32	-0.18	-0.34	-0.17	0.04
YDR523C	-0.4	0.2	-0.69	-0.38	-0.34	-0.42	-0.1
YKL195W	-0.22	-0.04	-0.27	-0.18	-0.23	-0.06	-0.12
YDL180W	-0.17	0.1	-0.08	-0.17	-0.29	-0.23	0.17
YBR192W	-0.1	0.07	-0.1	-0.2	-0.51	-0.22	0.26
YDR069C	-0.27	0.21	-0.34	-0.18	-0.69	-0.18	0.52
YMR313C	-0.15	0.08	-0.07	-0.1	-0.3	-0.03	0.16
YAL048C	-0.38	0.15	-0.34	-0.42	-0.47	0.08	0.34
YCR063W	-0.2	0.24	-0.29	-0.56	-0.71	-0.01	0.11
YBR047W	-0.18	0.29	-0.25	-0.51	-0.86	0.14	0.2
YHR008C	-0.17	0.56	-0.1	-0.34	-0.4	0.04	0.19
YGL177W	-0.42	0.58	-0.12	-0.34	-0.49	-0.04	0.29
YDL196W	-0.4	0.54	-0.34	-0.23	-0.42	-0.06	0.41
YER170W	-0.14	0.03	0	-0.12	-0.36	0.15	0.15
YOR082C	-0.27	0	-0.1	-0.18	-0.62	0.16	0.12
YEL008W	-0.27	-0.1	-0.23	-0.34	-0.74	0.12	0.29
YIL058W	-0.17	-0.06	-0.06	-0.23	-0.43	0.01	0.14
YDL214C	-0.18	-0.09	-0.1	-0.51	-0.62	-0.06	0
YML034W	-0.14	-0.06	-0.09	-0.43	-0.42	0.04	0.01
YCL068C	-0.23	-0.34	-0.25	-0.42	-0.62	0.2	0
YJR157W	-0.29	-0.3	-0.3	-0.4	-0.81	0.11	0.15
YNL034W	-0.3	-0.32	-0.18	-0.3	-1.09	-0.01	-0.03
YIL046W	-0.23	-0.22	-0.18	-0.29	-0.84	-0.06	0.12
YPL164C	-0.03	-0.09	-0.09	-0.14	-0.32	-0.01	0
YLR213C	-0.3	-0.29	-0.34	-0.43	-0.81	-0.07	-0.09
YPL261C	-0.03	-0.12	-0.14	-0.14	-0.25	-0.06	-0.01
YNL318C	-0.49	-0.07	-0.22	-0.23	-0.71	-0.22	-0.04
YDR193W	0.07	0.07	-0.27	-0.23	-0.86	-0.15	0.06
YMR163C	-0.1	-0.22	-0.49	-0.2	-0.36	-0.1	0.21
YBL084C	-0.12	-0.29	-0.67	-0.86	-0.62	-0.18	0.24
YLR393W	-0.03	-0.09	-0.34	-0.36	-0.25	-0.14	0.32
YIL067C	-0.23	-0.42	0.06	-0.42	-0.64	-0.18	0.4
YNR005C	-0.18	-0.25	-0.14	-0.62	-0.49	-0.01	0.26
YEL067C	-0.1	-0.29	-0.12	-0.3	-0.36	0.08	0.14
YBR150C	-0.12	-0.27	-0.18	-0.23	-0.18	0.04	0.2
YMR141C	-0.23	-0.4	-0.42	-0.4	-0.49	0.11	0.3
YJR149W	-0.4	-0.51	-0.67	-0.84	-0.84	-0.01	0.58
YKR102W	-0.22	-0.36	-0.29	-0.4	-0.43	0.03	0.41
YNL121C	-0.23	-0.38	-0.38	-0.34	-0.51	-0.14	0.4
YKR096W	-0.32	-0.27	-0.43	-0.34	-0.3	-0.04	0.43
YIL102C	-0.47	-0.14	-0.34	-0.51	-0.43	0.16	
YGR068C	-0.38	-0.18	-0.23	-0.4	-0.42	0.14	0.52
YMR122C	-0.34	-0.27	-0.17	-0.4	-0.42	0.2	0.41
YPL280W	-0.23	-0.22	-0.17	-0.32	-0.42	0.21	0.45
YPR001W	-0.22	-0.23	-0.22	-0.38	-0.32	0.26	0.5
YCL044C	-0.23	-0.27	-0.1	-0.49	-0.47	0.14	0.6
YHR212C	-0.23	-0.29	-0.04	-0.34	-0.3	0.11	0.5
YDR010C	-0.32	-0.34	-0.09	-0.34	-0.56	0.07	0.36
YNL335W	-0.3	-0.34	-0.3	-0.25	-0.6	0.11	0.45
YOR156C	-0.1	-0.4	-0.23	-0.45	-0.94	0.2	0.78
YDR112W	-0.14	-0.22	-0.1	-0.27	-0.47	0.24	0.3
YER085C	-0.36	-0.17	-0.1	-0.22	-0.43	0.26	0.34
YIL036W	-0.18	-0.2	-0.23	-0.12	-0.18	0.26	0.25
YGR006W	-0.1	-0.06	-0.2	-0.1	-0.1	0.19	0.2
YKL043W	-0.1	-0.27	-0.64	-0.47	-0.43	0.71	0.74
YPR023C	-0.15	-0.23	-0.3	-0.23	-0.38	0.41	0.45
YDR436W	-0.18	-0.22	-0.47	-0.36	-0.42	0.32	0.52
YBR226C	-0.07	-0.01	-0.17	-0.18	-0.12	0.14	0.21
YGR161C	-0.18	-0.06	-0.94	-0.69	-0.64	0.69	0.58
YMR171C	0.03	-0.03	-0.3	-0.18	-0.27	0.34	0.21
YPL277C	0.03	-0.06	-0.15	-0.12	-0.27	0.16	0.3
YDR250C	-0.1	0.04	-0.32	-0.2	-0.56	0.21	0.45
YDL026W	-0.06	0.01	-0.23	-0.06	-0.23	0.15	0.21
YNL276C	-0.18	-0.04	-0.18	-0.23	-0.38	0.24	0.26
YGR227W	0.04	-0.23		-0.3	-0.29	0.19	0.2
YJL176C	0.04	-0.38	-0.14	-0.67	-0.69	0.5	
YAL032C	-0.18	-0.23	-0.23	-0.47	-0.67	0.38	0.25
YCR101C	-0.1	-0.06	-0.14	-0.3	-0.34	0.2	0.14
YOL152W	-0.18	-0.18	-0.34	-0.71	-0.62	0.29	0.24
YHR071W	0.16	-0.23	-0.43	-0.81	-0.62	0.45	0.21
YGL176C	-0.06	-0.29	-0.49	-0.76	-0.64	0.4	0.08
YNL036W	-0.06	-1.29	-2.25	-2.18	-2.25	1.25	1.06
YDR270W	-0.22	-0.41	-0.6	-0.54	-0.62	0.4	0.27
YLR053C	-0.06	0.04	-0.17	-0.36	-0.27	0.2	0.12
YPL111W	0.15	-0.07	-0.43	-0.94	-0.79	0.34	0.41
YPL159C	0.21	0.03	-0.4	-0.64	-0.49	0.45	0.21
YLL046C	0.08	-0.27	-0.56	-0.14	-0.42	0.36	-0.17
YNR006W	0.03	-0.32	-0.3	-0.3	-0.4	0.06	-0.1
YBR225W	-0.04	-0.36	-0.4	-0.43	-0.49	0.08	0
YLR092W	0.04	-0.36	-0.38	-0.25	-0.18	0.06	-0.01
YOR339C	-0.17	-0.51	-0.43	-0.23	-0.34	0.11	0.08
YOR343C	-0.29	-0.32	-0.3	-0.34	-0.54	-0.36	0.26
YNL338W	-0.36	-0.18	-0.09	-0.36	-0.36	-0.43	0.16
YNL242W	-0.23	-0.07	-0.18	-0.38	-0.34	-0.34	0.14
YMR176W	-0.34	-0.09	-0.22	-0.36	-0.56	-0.47	0.24
YIL151C	-0.54	-0.23	-0.36	-0.42	-0.49	-0.49	0.5
YDR467C	-0.18	-0.06	-0.04	-0.18	-0.15	-0.17	0.19
YPR012W	-0.22	-0.22	-0.04	-0.34	-0.36	-0.43	0.34
YMR034C	-0.36	-0.43	-0.18	-0.81	-0.56	-0.74	0.74
YHR211W	-0.18	-0.14	-0.17	-0.43	-0.27	-0.43	0.36
YOR015W	-0.2	-0.17	-0.23	-0.62	-0.27	-0.36	0.3
YJL029C	-0.09	-0.06	-0.12	-0.4	-0.18	-0.23	
YDR017C	-0.14	-0.14	-0.18	-0.62	-0.45	-0.45	0.25
YHR055C	-0.06	-0.43	-0.23	-0.81	-0.4	-0.47	0.94
YGR096W	-0.4	-0.17	0.04	-0.45	-0.23	-0.29	0.58
YPL181W	-0.27	-0.06	-0.03	-0.34	-0.27	0	0.43
YDR185C	-0.18	-0.1	0.03	-0.4	-0.32	-0.06	0.36
YHL045W	-0.23	-0.1	0.08	-0.4	-0.4	-0.09	0.38
YAL047C	-0.18	-0.14	0.06	-0.62	-0.2	-0.18	0.34
YLR445W	-0.3	-0.25	0.07	-0.49	-0.06	-0.1	0.2
YLR275W	-0.14	-0.22	-0.04	-0.42	-0.1	0	-0.06
YGL025C	-0.12	-0.22	-0.07	-0.36	-0.18	0.01	0.03
YGL073W	-0.1	-0.14	0.03	-0.34	-0.18	0.01	0.06
YPL027W	-0.47	-0.43	-0.18	-0.43	-0.22	-0.25	0.32
YPL187W	-0.4	-0.36	-0.18	-0.51	-0.3	-0.18	0.15
YLR255C	-0.36	-0.23	-0.18	-0.49	-0.2	-0.12	0.03
YGR269W	-0.47	-0.3	-0.18	-0.71	-0.36	-0.2	-0.23
YPR014C	-0.3	-0.1	-0.1	-0.38	-0.32	-0.12	-0.14
YPR040W	-0.43	-0.12	-0.27	-0.54	-0.43	-0.1	-0.1
YLR425W	-0.34	-0.15	-0.34	-0.38	-0.32	-0.17	0
YIL129C	-0.36	-0.14	-0.3	-0.49	-0.4	-0.3	0.12
YGL235W	-0.36	-0.09	-0.22	-0.34	-0.42	-0.23	0.08
YNL050C	-0.36	-0.04	-0.09	-0.27	-0.25	-0.12	0.01
YLL030C	-0.2	0.07	-0.14	-0.27	-0.18	-0.1	0.01
YIL012W	-0.58	-0.17	-0.3	-0.6	-0.03	0.19	0.08
YML089C	-0.62	-0.36	-0.27	-0.81	0.11	0.24	0.48
YCR099C	-0.17	-0.18	-0.07	-0.49	0.11	0.24	0.04
YPL035C	-0.17	-0.23	0	-0.3	0.08	0.11	0.06
YAL045C	-0.4	-0.43	-0.14	-0.54	0.26	0	0.03
YOR371C	-0.17	-0.34	-0.25	-0.56	0.04	-0.1	0.29
YHR082C	-0.17	-0.18	-0.34	-0.62	-0.15	-0.04	0.76
YPR078C	-0.23	-0.2	-0.27	-0.47	-0.04	0.08	0.38
YKL222C	-0.09	-0.06	-0.14	-0.27	0.04	0.08	0.24
YOR113W	-0.14	-0.27	-0.14	-0.43	0	0.25	0.52
YJL180C	-0.29	-0.34	-0.18	-0.47	-0.18	0.29	0.52
YGL007W	-0.12	-0.3	-0.1	-0.56	-0.01	0.32	0.25
YJR012C	-0.2	-0.32	-0.12	-0.47	-0.01	0.21	0.19
YKL201C	-0.2	-0.56	-0.43	-0.74	-0.12	0.24	0.29
YPL177C	-0.09	-0.32	-0.47	-0.71	-0.15	0.32	0.32
YJR037W	-0.03	-0.18	0.06	-0.1	0.06	0	0.07
YPR092W	-0.18	-0.58	0.19	-0.17	-0.01	-0.09	0.21
YDR314C	-0.86	-0.67	0.34	-0.43	-0.64	-0.17	0.4
YDL206W	-0.29	-0.4	0.15	-0.07	-0.32	0.03	0.2
YPL264C	-0.18	-0.36	-0.07	-0.04	-0.23	0.07	0.16
YGL088W	-0.54	-1.47	-0.42	-0.36	-0.58	0.03	0.41
YOR077W	-0.17	-0.54	0.06	-0.34	-0.3	0.01	0.21
YGL217C	-0.29	-0.3	0.01	-0.17	-0.01	0.01	0.16
YAL037W	-0.56	-0.43	-0.09	-0.29	-0.22	0.01	0.29
YPL197C	-0.36	-0.42	-0.12	-0.18	-0.23	-0.06	0.15
YAR061W	-0.43	-0.3	-0.15	-0.12	-0.18	-0.1	0.34
YLR376C	-0.58	-0.29	-0.14	-0.36	-0.3	-0.12	0.56
YOL131W	-0.38	-0.6	-0.23	-0.27	-0.47	0.04	0.62
YBR179C	-0.18	-0.43	-0.23	-0.18	-0.18	0.07	0.32
YDR425W	-0.38	-0.69	-0.36	-0.3	-0.1	0.06	0.58
YMR240C	-0.17	-0.2	-0.14	-0.12	-0.03	0.11	0.24
YDR305C	-0.22	-0.32	0.06	0.01	0	0.04	0.2
YDL010W	-0.3	-0.22	-0.01	0.11	-0.03	-0.06	0.24
YPL270W	-0.58	-0.84	-0.36	-0.09	-0.04	-0.4	0.11
YHR067W	-0.17	0.01	0.07	-0.2	0.24	-0.22	0.16
YBL098W	-0.01	-0.15	0.16	0.25	0.41	-0.32	0.43
YDR380W	-0.01	-0.07	0.04	0.06	0.43	-0.22	0.58
YDR497C	-0.12	-0.03	0.2	0.03	0.38	-0.62	0.69
YPL241C	-0.25	-0.23	0.04	-0.1	-0.04	-0.43	0.25
YMR007W	-0.29	-0.29	0.07	-0.07	0.12	-0.43	0.52
YMR013C	-0.4	-0.18	-0.1	-0.07	-0.1	-0.47	0.54
YDL239C	-0.49	-0.25	-0.18	-0.03	0.08	-0.42	0.48
YPR160W	-0.23	-0.04	-0.1	0.11	-0.06	-0.18	0.43
YOR291W	-0.17	0.08	0.01	0.29	-0.12	-0.2	0.2
YOR086C	-0.34	-0.07	0	0.38	0.29	0.14	0.08
YMR252C	-0.09	-0.04	0.19	0.29	0.48	0.06	0.24
YNR041C	-0.04	0.01	0.11	-0.1	0.34	0.01	0.03
YLR202C	-0.18	-0.04	-0.06	-0.32	0.48	-0.09	-0.1
YDL065C	-0.12	-0.23	-0.09	-0.18	0.3	-0.03	0
YMR304W	-0.17	-0.23	-0.3	-0.15	0.43	-0.01	-0.18
YMR184W	-0.06	-0.25	-0.14	-0.03	0.5	0.3	0
YMR279C	-0.06	-0.01	-0.29	0.07	0.26	-0.06	0.01
YJR066W	-0.1	-0.17	-0.17	-0.18	0.15	-0.15	0.08
YJL005W	-0.07	-0.18	-0.15	-0.12	0.06	-0.18	
YLR394W	-0.22	-0.36	-0.74	-0.64	0.01	-0.23	-0.15
YMR064W	0	-0.3	-0.12	-0.23	-0.12	-0.29	-0.03
YIL105C	0.06	0.03	-0.1	-0.27	0	-0.09	-0.14
YLR109W	0.07	-0.03	-1.06	-1.25	-0.27	0.06	-0.94
YJR101W	-0.09	-0.07	-0.25	-0.03	0.12	-0.15	-0.4
YDL146W	-0.22	0.41	0.19	0.01	-0.12	-0.15	-0.4
YCL014W	-0.42	0.32	0.15	0.06	-0.32	-0.18	-0.4
YBR028C	-0.56	0.3	0.06	0.04	-0.23	-0.34	-0.84
YHR120W	-0.25	0.08	0.2	0.01	-0.23	-0.2	-0.56
YBR004C	-0.74	0.03	0.58	0.12	-0.14	0.03	-0.86
YDR542W	-0.03	-0.03	0.11	0.29	-0.18	-0.2	-0.56
YMR132C	-0.1	-0.01	0.26	0.16	-0.36	0.34	-0.43
YML011C	-0.04	0.11	0.24	0.01	-0.32	0.16	-0.4
YDR049W	-0.04	-0.07	0.43	-0.1	-0.81	0.25	-0.45
YBL026W	0.11	0	0.24	0.01	-0.49	0.19	-0.42
YGR254W	-0.01	0.08	0.06	-0.03	-0.38	0.19	-0.25
YDL068W	-0.04	0.06	0	0.01	-0.29	0.12	-0.27
YBL025W	-0.29	-0.07	0.15	0.04	-0.79	0.21	-0.58
YGR069W	-0.2	-0.17	0.25	-0.12	-0.64	-0.1	-0.2
YDR213W	-0.14	-0.1	0.48	-0.01	-0.79	-0.1	-0.1
YBR007C	-0.01	-0.27	0.52	-0.06	-0.71	-0.01	-0.36
YLR315W	-0.07	-0.17	0.41	0.01	-0.32	-0.04	-0.23
YBR074W	-0.22	-0.07	0.54	0.07	-0.62	0.15	-0.18
YBL074C	0.14	-0.1	0.29	-0.27	-0.84	0.21	0
YKL131W	0.08	0	0.26	-0.15	-0.92	0.06	-0.2
YBR161W	0.11	0.03	0.21	-0.03	-0.89	0.03	0.07
YPL209C	0.19	0.01	0.26	-0.06	-0.54	0.06	-0.03
YEL006W	0.16	0.03	0.21	0.01	-0.27	0.07	-0.03
YKL135C	0.3	0.26	0.2	0.03	-0.47	0.08	-0.17
YBR166C	0.24	0.2	0.2	-0.17	-0.67	0.14	-0.27
YFR025C	0.08	0.29	0.12	-0.14	-0.69	0.11	-0.27
YDR480W	-0.1	0.11	0.16	0.11	-0.47	0.07	-0.04
YGL133W	0.07	0.21	0.19	0.07	-0.43	0.06	0.11
YOR197W	0.3	0.15	0.07	-0.56	-0.3	-0.07	-0.38
YBR011C	0.38	0.36	-0.2	-0.67	-0.38	-0.15	-0.51
YML095C	0.04	0.08	-0.1	-0.4	-0.18	0	-0.15
YOL036W	0.11	0.21	0.11	-0.56	-0.3	0.16	-0.03
YML035C	0.15	0.21	-0.07	-0.4	-0.49	0.01	-0.07
YLL010C	0.08	0.26	-0.18	-0.62	-0.67	0.03	-0.14
YDL129W	0.11	0.11	-0.01	-0.47	-0.4	0.14	-0.12
YPL011C	0.06	0.24	0.03	-0.71	-0.3	-0.12	-0.09
YHL026C	0.06	0.38	0.14	-0.64	-0.42	-0.18	-0.22
YDR163W	-0.03	0.21	0.06	-0.4	-0.49	-0.15	-0.01
YBR125C	0	0.15	0.07	-0.51	-0.43	-0.1	-0.03
YLR123C	0	0	0.06	-0.2	-0.15	-0.07	-0.01
YKL072W	0.14	0.03	0.11	-0.25	-0.18	-0.07	-0.06
YER168C	0.32	0.16	0.24	-0.49	-0.42	-0.23	-0.34
YGL065C	0.08	0.19	0.29	-0.42	-0.42	-0.09	-0.23
YPL169C	0.21	0.21	0.3	-0.47	-0.36	-0.14	-0.2
YOR119C	0.24	0.2	0.43	-0.62	-0.43	0.04	-0.29
YOR141C	0.06	0.12	0.19	-0.34	-0.23	0.07	-0.12
YGR134W	0.2	0.24	0.21	-0.2	-0.43	0.01	-0.34
YDR531W	0.2	0.21	0.3	-0.34	-0.67	0.04	-0.42
YIL064W	0.19	0.19	0.26	-0.3	-0.6	-0.1	-0.3
YHR042W	0.16	0.19	0.32	-0.25	-0.43	-0.07	-0.32
YMR208W	0.32	0.12	0.29	-0.34	-0.56	-0.06	-0.45
YER136W	0.32	0.19	0.15	-0.27	-0.51	-0.15	-0.43
YCL057W	0.45	0.21	0.2	-0.36	-0.62	-0.12	-0.3
YER125W	0.11	-0.04	0.19	-0.17	-0.32	-0.09	-0.1
YHR100C	0.19	-0.09	0.26	-0.38	-0.67	-0.2	-0.34
YEL053C	0.29	0.04	0.32	-0.47	-1.06	0.03	-0.38
YDR121W	0.12	-0.01	0.32	-0.4	-0.71	-0.03	-0.27
YGR041W	0	0.01	0.14	-0.36	-0.71	-0.03	-0.23
YBR071W	0.24	0.16	0.01	-0.27	-0.67	-0.18	-0.17
YJL071W	0.15	0.19	0.11	-0.45	-0.67	-0.18	-0.2
YER144C	0.25	0.34	0.08	-0.49	-0.62	-0.12	0.03
YDR123C	-0.15	0.08	0.16	-0.34	-0.51	-0.03	0.03
YKL143W	-0.07	0.16	0.62	-0.79	-0.97	0.06	-0.1
YFR056C	-0.17	0.07	0.32	-0.51	-0.6	-0.1	-0.22
YLL022C	-0.09	0.14	0.2	-0.47	-0.49	-0.14	-0.17
YJL133W	0.03	0.08	0.38	-0.62	-0.6	-0.34	-0.38
YCR077C	-0.07	0.15	0.43	-0.49	-0.56	-0.38	-0.15
YDL224C	-0.06	-0.14	0.29	-0.4	-0.47	-0.03	-0.29
YOL141W	-0.1	0.01	0.24	-0.84	-0.54	0.04	-0.2
YIR008C	-0.04	-0.03	0.14	-0.34	-0.32	0.11	-0.23
YBR301W	-0.07	-0.06	0.16	-0.54	-0.4	0.07	-0.32
YGL261C	-0.01	0.03	0.03	-0.22	-0.22	0.01	-0.14
YGL169W	0.01	0.21	0.34	-0.79	-0.79	-0.09	-0.58
YGR054W	0	0.19	0.32	-0.84	-0.81	0.11	-0.4
YAL040C	-0.01	0.08	0.3	-0.58	-0.67	0.16	-0.47
YIR026C	-0.14	0.21	0.41	-0.64	-0.71	0.19	-0.51
YIL164C	-0.04	0.03	0.08	-0.3	-0.27	0.21	-0.14
YNL103W	0	0.03	0.21	-0.62	-0.38	0.3	-0.23
YGR211W	0.08	-0.1	0.25	-0.6	-0.56	0.24	-0.27
YDR299W	0.01	-0.09	0.43	-0.56	-0.38	0.29	-0.18
YDR339C	0.01	0.07	0.12	-0.3	-0.15	0.29	-0.27
YDR419W	0	0.03	0.11	-0.34	-0.17	0.19	-0.23
YDR281C	0	0.08	0.21	-0.38	-0.15	0.11	-0.3
YBL062W	0.04	0.15	0.21	-0.43	-0.12	0.14	-0.29
YKR071C	0.14	0.11	0.16	-0.4	-0.27	0.2	-0.42
YDR081C	0.19	0.11	0.16	-0.56	-0.34	0.16	-0.32
YOL095C	0.14	-0.01	0.08	-0.47	-0.42	0.19	-0.34
YPL063W	0.32	-0.1	0.15	-0.49	-0.36	0.26	-0.42
YOL052C	0.38	0.07	0.41	-0.49	-0.74	0.38	-0.29
YKR078W	0.24	-0.09	0.2	-0.18	-0.27	0.19	-0.25
YPR089W	0.16	-0.1	0.32	-0.14	-0.36	0.06	-0.42
YPL189W	0.24	-0.03	0.4	-0.34	-0.4	-0.04	-0.34
YHR167W	0.16	-0.27	0.15	-0.3	-0.51	0.16	-0.36
YPL141C	0.15	-0.22	0.06	-0.3	-0.58	0.06	-0.4
YDR195W	0.07	-0.14	-0.12	-0.47	-1.12	0.16	-0.47
YJL115W	0.03	-0.2	-0.07	-0.49	-0.79	0.15	-0.56
YDR098C	-0.1	-0.18	0	-0.27	-0.64	0.15	-0.45
YBR299W	-0.01	-0.12	0.04	-0.18	-0.47	0.14	-0.23
YNL298W	-0.09	-0.09	0.04	-0.42	-0.74	0.21	-0.3
YDR253C	-0.07	0.01	0.07	-0.29	-0.74	0.19	-0.34
YML096W	-0.01	-0.01	0.01	-0.15	-0.38	0.08	-0.34
YGL113W	0.03	0.03	-0.06	-0.29	-0.67	0	-0.54
YML099C	0.14	0.11	-0.07	-0.45	-0.54	0.06	-0.25
YBL014C	0.14	0.06	0.01	-0.62	-0.51	0.04	-0.34
YOL059W	0.3	0.25	0.01	-0.92	-0.74	0.01	-0.56
YOR377W	0.15	0.21	0.14	-0.97	-0.81	-0.2	-0.47
YLR215C	0.08	0.04	0.12	-0.62	-0.45	-0.1	-0.49
YCR072C	0.21	-0.1	0.2	-0.71	-0.67	-0.06	-0.56
YOR123C	0.08	-0.1	-0.04	-0.56	-0.45	0.03	-0.45
YHL012W	0.06	-0.1	0.06	-0.94	-0.76	0.04	-0.62
YOL140W	0.07	-0.17	-0.04	-0.62	-0.62	0.04	-0.36
YOR337W	0.16	-0.12	-0.09	-0.47	-0.56	-0.09	-0.18
YEL043W	0.26	-0.1	-0.15	-0.69	-0.62	-0.18	-0.43
YLL018C	0.12	0.06	-0.1	-0.4	-0.51	-0.23	-0.27
YKL184W	0.15	0.12	-0.3	-0.76	-0.64	-0.3	-0.56
YLR071C	0.07	0.14	-0.1	-0.34	-0.32	-0.1	-0.25
YAL011W	-0.04	0.15	-0.18	-0.67	-0.56	-0.15	-0.3
YOR066W	-0.14	0.15	-0.32	-0.74	-0.86	-0.07	-0.56
YML027W	0.03	-0.04	-0.36	-0.79	-0.71	-0.1	-0.58
YHR079C	0.01	-0.15	-0.2	-0.56	-0.74	-0.36	-0.54
YGR097W	-0.01	-0.1	-0.12	-0.38	-0.62	-0.2	-0.36
YOR098C	0.12	-0.23	-0.2	-0.56	-0.94	-0.36	-0.36
YLL061W	0.06	-0.1	-0.09	-0.67	-1.22	-0.18	-0.47
YGL024W	-0.1	-0.12	-0.14	-0.22	-0.56	-0.1	-0.27
YJL215C	-0.1	-0.14	-0.2	-0.36	-0.56	-0.1	-0.17
YNL246W	-0.1	-0.12	-0.03	-0.4	-0.42	-0.07	-0.18
YHL029C	-0.04	-0.15	0.04	-0.86	-0.97	-0.15	-0.47
YGR058W	0	-0.32	-0.18	-0.58	-0.74	-0.07	-0.12
YMR257C	0.03	-0.22	-0.32	-0.56	-0.58	0.03	-0.29
YPL066W	-0.04	-0.23	-0.25	-0.6	-0.67	0.06	-0.27
YHR054C	0.16	-0.17	-0.17	-0.58	-0.58	0.12	-0.17
YDR334W	-0.04	0.04	-0.3	-0.23	-0.45	0.21	-0.27
YGR274C	0.04	-0.01	-0.09	-0.14	-0.27	0.12	-0.1
YKR072C	0.14	-0.07	-0.34	-0.56	-0.62	0.3	-0.38
YKL025C	0.03	0.12	-0.25	-0.42	-0.51	0.24	-0.29
YKR087C	-0.01	0.19	-0.17	-0.45	-0.43	0.16	-0.32
YLR228C	0.04	0.12	-0.14	-0.54	-0.58	0.25	-0.45
YMR237W	-0.01	0.12	-0.15	-0.27	-0.29	0.26	-0.38
YNL275W	0.01	0.26	0.07	-0.3	-0.47	0.36	-0.3
YKR038C	0	0.16	0.04	-0.18	-0.42	0.38	-0.36
YPL172C	-0.03	0.11	0	-0.27	-0.51	0.26	-0.34
YCR086W	0.04	0.15	0.01	-0.25	-0.58	0.19	-0.22
YBR097W	-0.06	0.24	0.06	-0.23	-0.47	0.19	-0.14
YMR096W	-0.23	0.3	-0.04	-0.36	-0.69	0.29	-0.18
YDR501W	-0.14	0.16	-0.01	-0.4	-0.49	0.12	-0.09
YMR275C	-0.12	0.11	-0.12	-0.43	-0.47	0.19	-0.1
YBR279W	-0.14	0.19	-0.2	-0.51	-0.6	0.38	-0.14
YDL170W	-0.32	0.52	-0.3	-0.58	-0.69	0.38	-0.01
YGL236C	-0.4	0.34	-0.17	-0.36	-0.34	0.36	-0.22
YER166W	-0.15	0.12	-0.1	-0.18	-0.18	0.14	-0.09
YPL042C	-0.34	0.32	-0.18	-0.43	-0.58	0.3	-0.36
YBL093C	-0.22	0.3	-0.09	-0.29	-0.36	0.11	-0.23
YDR192C	-0.42	0.11	-0.2	-0.67	-0.42	0.19	-0.34
YNL165W	-0.12	0.04	-0.07	-0.67	-0.67	0.26	-0.47
YGL223C	-0.17	0.14	0.04	-0.54	-0.49	0.21	-0.25
YLR348C	-0.3	0.12	-0.01	-0.45	-0.34	0.2	-0.36
YKL120W	-0.32	0.25	0.08	-0.62	-0.54	0.2	-0.51
YPL171C	-0.3	0.12	-0.1	-0.54	-0.58	0.15	-0.62
YPL122C	-0.22	0.12	0.03	-0.3	-0.51	0.11	-0.51
YER045C	-0.23	0.15	0.12	-0.22	-0.34	0.16	-0.15
YER187W	-0.36	0.34	0.06	-0.34	-0.4	0.15	-0.29
YOL015W	-0.62	0.41	0.3	-0.58	-0.71	0.16	-0.67
YKL144C	-0.27	0.06	0.19	-0.36	-0.56	0.14	-0.47
YOR378W	-0.34	0.19	0.16	-0.43	-0.79	0.14	-0.4
YPL128C	-0.34	-0.01	0.26	-0.36	-0.74	0.16	-0.3
YER154W	-0.18	-0.01	0.16	-0.34	-0.56	0	-0.15
YMR320W	-0.14	0.03	0.07	-0.18	-0.29	-0.03	-0.1
YGR072W	-0.1	-0.12	0.14	-0.49	-0.18	0.07	-0.18
YPL224C	-0.12	-0.04	0.15	-0.51	-0.18	0	-0.25
YLR427W	-0.1	-0.04	0.11	-0.49	-0.12	-0.01	-0.18
YIL139C	-0.09	0.01	0.21	-0.4	-0.17	-0.14	-0.14
YDR469W	-0.17	0.04	0.12	-0.43	-0.15	-0.1	-0.22
YBR131W	-0.27	0	0.21	-0.34	-0.15	-0.15	-0.27
YDR518W	-0.17	0.08	0.16	-0.36	-0.07	0.03	-0.2
YOR263C	-0.12	0.11	0.01	-0.4	-0.03	-0.07	-0.01
YOL050C	0.06	-0.23	0.06	-0.4	-0.49	-0.12	-0.03
YBR030W	-0.58	-0.43	0.25	-0.42	-0.56	-0.1	-0.36
YIL154C	-0.43	-0.38	0.21	-0.5	-0.44	-0.09	-0.22
YGL246C	-0.3	-0.43	0.2	-0.34	-0.45	-0.09	-0.22
YPR168W	-0.25	-0.23	0.04	-0.27	-0.42	-0.3	-0.22
YOR376W	-0.32	-0.36	0.14	-0.42	-0.56	-0.3	-0.43
YKL183W	-0.23	-0.25	0.16	-0.42	-0.47	-0.12	-0.27
YGR117C	-0.1	-0.2	0.06	-0.38	-0.4	-0.17	-0.3
YJL205C	-0.18	-0.51		-0.54	-0.56	-0.2	-0.14
YPR083W	-0.1	-0.18	0.32	-0.29	-0.27	-0.12	-0.03
YOR083W	-0.45	-0.25	0.5	-0.6	-0.27	-0.22	-0.2
YHR041C	-0.36	0	0.16	-0.34	-0.14	-0.15	0
YMR214W	-0.49	-0.18	0.26	-0.4	-0.3	-0.47	-0.01
YPL033C	-0.54	-0.43	0.06	-0.6	-0.51	-0.49	-0.17
YOR235W	-0.43	-0.23	0.07	-0.51	-0.3	-0.22	0.04
YER018C	-0.42	-0.3	0.08	-0.69	-0.34	-0.34	0.15
YOR278W	-0.14	-0.23	0.12	-0.56	-0.14	-0.3	-0.01
YBR292C	-0.25	-0.15	0.14	-0.3	-0.18	-0.34	-0.18
YDR438W	-0.23	-0.23	0.08	-0.22	-0.23	-0.49	-0.3
YNL038W	-0.29	-0.29	0.04	-0.07	-0.1	-0.23	-0.23
YAR053W	-0.3	-0.3	-0.1	-0.12	-0.07	-0.25	-0.23
YNL028W	-0.4	-0.36	-0.12	-0.22	-0.23	-0.47	-0.29
YNR065C	-0.1	-0.14	-0.03	-0.06	-0.07	-0.14	-0.04
YMR042W	-0.25	-0.36	-0.1	-0.15	-0.18	-0.25	-0.12
YPL025C	-0.69	-0.43	-0.07	-0.32	-0.4	-0.56	-0.18
YLL065W	-0.18	-0.4	0.01	-0.17	-0.4	-0.38	-0.17
YMR078C	-0.06	-0.2	0.01	0.01	-0.32	-0.4	-0.04
YPL257W	-0.12	-0.06	0.04	0.01	-0.23	-0.3	0.01
YNR077C	-0.22	0	0.19	-0.25	-0.36	-0.25	0.08
YPR008W	-0.81	-0.18	-0.36	-0.34	-0.18	-0.22	-0.12
YKR040C	-0.97	-0.42	-0.07	-0.3	-0.27	-0.23	-0.27
YLL040C	-0.86	0.07	-0.07	-0.23	-0.3	-0.4	-0.45
YBR094W	-0.81	-0.17	0.19	-0.27	-0.74	-0.15	-0.45
YBR002C	-0.74	-0.23	0.07	-0.32	-0.6	-0.15	-0.45
YDL187C	-0.79	-0.3	-0.04	-0.27	-0.54	0.03	-0.29
YBR022W	-0.79	-0.18	0.03	0.01	-0.23	0.12	-0.49
YPR170C	-0.18	-0.2	0.07	-0.18	0.11	0.11	-0.4
YDR408C	-0.36	-0.22	-0.03	-0.42	0.24	0.32	-0.62
YJL054W	-0.2	-0.23	-0.07	-0.23	0.24	0.11	-0.36
YKL221W	-0.27	-0.49	-0.3	-0.14	-0.07	0.04	-0.22
YJL218W	-0.38	-0.94	-0.27	-0.42	0.15	0.56	-0.32
YOR058C	-0.1	-0.17	0.01	-0.12	0.01	0	-0.04
YLL038C	-0.17	-0.18	-0.07	-0.38	0.11	-0.06	-0.18
YPL195W	-0.18	-0.18	-0.2	-0.38	-0.03	-0.01	-0.06
YNL184C	-0.2	-0.25	-0.18	-0.42	0.06	0.16	-0.2
YGR257C	-0.15	-0.27	-0.1	-0.32	-0.04	0.15	-0.06
YKL053W	-0.47	-0.43	-0.18	-0.43	0.11	0.16	-0.2
YOR284W	-0.3	-0.34	-0.07	-0.27	0	0.19	-0.2
YMR035W	-0.43	-0.49	-0.09	-0.27	0.07	0.21	-0.36
YOR280C	-0.34	-0.47	0	-0.42	-0.12	0.29	-0.62
YJR114W	-0.64	-0.79	-0.03	-0.67	-0.22	0.3	
YFL028C	-0.56	-0.36	0.08	-0.42	-0.14	0.29	-0.4
YKR047W	-0.62	-0.34	-0.18	-0.56	-0.36	0.19	-0.76
YPL121C	-0.6	-0.32	0.11	-0.54	-0.25	0.06	-0.34
YOR013W	-0.36	-0.23	-0.03	-0.32	-0.15	-0.03	-0.32
YOL058W	-0.32	-0.09	0	-0.27	-0.1	-0.1	-0.2
YOL111C	-0.1	-0.27	-0.32	-0.43	-0.17	-0.06	-0.14
YLR111W	-0.25	-0.23	-0.36	-0.67	-0.27	-0.04	-0.4
YKL203C	-0.1	-0.09	-0.15	-0.38	-0.23	-0.04	-0.27
YOL135C	-0.18	-0.18	-0.2	-0.51	-0.23	-0.14	-0.42
YOR373W	-0.15	-0.36	-0.25	-0.62	-0.34	-0.18	-0.34
YLR059C	-0.01	-0.23	-0.12	-0.25	-0.25	-0.04	-0.18
YLR434C	-0.09	-0.32	-0.12	-0.4	-0.34	-0.01	-0.29
YDR534C	-0.06	-0.4	-0.23	-0.69	-0.34	0.08	-0.27
YPL188W	-0.04	-0.18	-0.43	-0.67	-0.47	0.16	-0.43
YLR139C	0.03	-0.1	-0.23	-0.49	-0.3	0.08	-0.4
YOL046C	0.01	-0.09	-0.2	-0.62	-0.42	0.12	-0.34
YNL025C	-0.18	-0.15	-0.47	-0.62	-0.86	0.21	-0.3
YLR108C	-0.09	-0.06	-0.97	-0.81	-0.94	0.41	-0.51
YDR271C	-0.05	-0.05	-0.44	-0.38	-0.41	0.19	-0.09
YLR176C	-0.43	-0.06	-0.94	-1.06	-0.92	0.45	-0.17
YDR151C	-0.36	-0.43	-0.74	-0.86	-0.47	0.29	-0.2
YGL206C	-0.06	-0.17	-0.27	-0.3	-0.2	0.16	-0.04
YLR117C	-0.12	-0.17	-0.3	-0.56	-0.27	0.38	-0.14
YJL175W	-0.03	-0.2	-0.32	-0.34	-0.22	0.26	-0.18
YNL047C	0.04	-0.14	-0.4	-0.4	-0.34	0.34	-0.25
YJL181W	-0.14	-0.23	-0.49	-0.43	-0.36	0.19	-0.4
YGL074C	-0.27	-0.4	-0.6	-0.42	-0.36	0.11	-0.36
YLR141W	-0.27	-0.4	-0.62	-0.18	-0.43	0.01	-0.32
YKR077W	0.12		-0.71	-0.49	-0.67	-0.01	-0.62
YAR060C	0.12	-0.64	-0.4	-0.47	-0.74	-0.07	-0.49
YLR410W	0.15	-0.27	-0.23	-0.23	-0.4	0.14	-0.29
YPL112C	-0.03	-0.27	-0.18	-0.18	-0.54	0.21	-0.43
YMR094W	-0.3	-0.43	-0.2	-0.32	-0.81	0.48	-0.42
YJR136C	-0.34	-0.62		-0.18	-0.97	0.3	-0.4
YJL035C	-0.51	-0.71	0.24	-0.43	-0.58	0.36	-0.29
YBR227C	-0.71	-0.84	0.11	-0.67	-0.67	0.4	-0.23
YBL037W	-0.43	-0.54	0.08	-0.36	-0.54	0.21	-0.12
YBR064W	-0.54	-0.71	0	-0.43	-0.74	0.4	-0.29
YDR108W	-0.49	-0.47	0.04	-0.42	-0.58	0.3	-0.34
YNR060W	-0.4	-0.47	0.04	-0.47	-0.56	0.21	-0.23
YAR047C	-0.4	-0.3	0	-0.27	-0.45	0.11	-0.23
YIR025W	-0.62	-0.49	-0.12	-0.56	-0.62	0.24	-0.4
YDR320C	-0.51	-0.47	-0.12	-0.47	-0.69	0.5	-0.38
YKL198C	-0.62	-0.47	-0.12	-0.54	-0.64	0.45	-0.36
YGR287C	-0.34	-0.29	0.03	-0.36	-0.3	0.26	-0.18
YMR228W	-0.47	-0.38	-0.01	-0.47	-0.4	0.32	-0.15
YJR094C	-0.42	-0.56	-0.12	-0.64	-0.69	0.36	-0.38
YER078C	-0.27	-0.29	-0.06	-0.54	-0.47	0.24	-0.34
YDR138W	-0.27	-0.34	0.04	-0.4	-0.69	0.16	-0.4
YKR019C	-0.38	-0.34	0	-0.42	-0.64	0.25	-0.34
YGL154C	-0.32	-0.47	0.11	-0.51	-0.67	0.32	-0.4
YGR003W	-0.34	-0.56	0.12	-0.49	-0.64	0.25	-0.47
YBR060C	-0.45	-0.58	0.15	-0.51	-0.67	0.29	-0.45
YBL035C	-0.49	-0.49	0.21	-0.51	-0.67	0.21	-0.54
YBL013W	-0.79	-0.81	-0.04	-0.79	-0.76	0.4	-0.86
YBR098W	-0.18	-0.43	-0.09	-0.3	-0.36	0.2	-0.27
YCR001W	-0.22	-0.64	-0.15	-0.25	-0.45	-0.14	-0.3
YLR236C	-0.54	-0.79	-0.3	-0.42	-0.62	-0.18	-0.3
YDR080W	-0.3	-0.47	-0.23	-0.23	-0.36	-0.04	
YER109C	-0.29	-0.45	-0.25		-0.49	-0.07	-0.23
YMR065W	-0.18	-0.45	-0.12	-0.3	-0.4	-0.06	
YLL063C	-0.36	-0.67	-0.18	-0.51	-0.79	-0.07	-0.22
YLR140W	-0.23	-0.42	-0.32	-0.25	-0.47	-0.04	-0.12
YHL037C	-0.2	-0.29	-0.25	-0.18	-0.42	-0.1	-0.15
YNL171C	-0.27	-0.27	-0.36	-0.29	-0.62	-0.1	-0.3
YNR058W	-0.42	-0.69	-0.56	-0.43	-0.94	0	-0.56
YLR334C	-0.1	-0.34	-0.22	-0.18	-0.56	-0.04	-0.3
YBR134W	-0.17	-0.23	-0.07	-0.17	-0.4	-0.04	-0.12
YGL149W	-0.18	-0.2	-0.07	-0.14	-0.27	-0.07	-0.15
YIL013C	-0.42	-0.38	-0.12	-0.22	-0.49	-0.1	-0.18
YDL114W	-0.62	-0.56	-0.15	-0.23	-0.67	-0.03	-0.36
YKR006C	-0.23	-0.18	-0.07	-0.15	-0.25	0	-0.14
YCR025C	-0.34	-0.3	-0.32	-0.29	-0.6	0.15	-0.18
YPL130W	-0.49	-0.81	-0.58	-0.62	-1.03	0.16	-0.34
YIL072W	-0.27	-0.3	-0.22	-0.3	-0.4	0.01	-0.06
YPL062W	-0.42	-0.42	-0.22	-0.42	-0.56	0.16	-0.06
YIR013C	-0.43	-0.62	-0.42	-0.36	-0.62	0.2	-0.4
YNL017C	-0.47	-0.76	-0.42	-0.34	-0.56	0.16	-0.36
YKR005C	-0.29	-0.62	-0.42	-0.27	-0.49	0.19	-0.29
YPL056C	-0.54	-0.51	-0.34	-0.47	-0.51	0.16	-0.51
YPR015C	-0.34	-0.42	-0.27	-0.42	-0.51	0.2	-0.32
YCR100C	-0.62	-0.47	-0.29	-0.69	-0.84	0.36	-0.56
YOL009C	-0.49	-0.3	-0.32	-0.34	-0.43	0.25	-0.32
YLR119W	-0.3	-0.2	-0.2	-0.22	-0.27	0.14	-0.29
YMR294W	-0.34	-0.3	-0.29	-0.42	-0.4	0.24	-0.38
YDR374C	-0.58	-0.56	-0.43	-0.51	-0.64	0.5	-0.51
YJR089W	-0.1	-0.14	-0.15	-0.34	-0.62	0.14	-0.27
YNL309W	-0.2	-0.22	-0.23	-0.25	-0.79	0.19	-0.36
YNR010W	-0.22	-0.43	-0.42	-0.49	-0.62	0.11	-0.51
YJL182C	-0.34		-0.58	-0.62	-0.71	0.14	-0.54
YNR018W	-0.34	-0.22	-0.38	-0.51	-0.6	0.15	-0.43
YBR165W	-0.27	-0.18	-0.3	-0.42	-0.6	0.12	-0.25
YHR058C	-0.23	-0.27	-0.27	-0.4	-0.49	0.01	-0.23
YDL090C	-0.14	-0.32	-0.18	-0.32	-0.49	0.03	-0.27
YMR069W	-0.42	-0.54	-0.23	-0.64	-0.79	0.07	-0.56
YGR109C	-0.34	-0.43	-0.22	-0.47	-0.74	0.16	-0.49
YOR126C	-0.34	-0.36	-0.18	-0.49	-0.69	0.11	-0.36
YHR095W	-0.34	-0.38	-0.18	-0.51	-0.71	-0.04	-0.6
YPL278C	-0.04	-0.1	-0.07	-0.17	-0.27	-0.01	-0.18
YJR033C	-0.04	-0.07	-0.04	-0.12	-0.2	0.01	-0.1
YMR288W	-0.06	-0.2	-0.1	-0.42	-0.54	0.15	-0.3
YIL059C	-0.15	-0.32	-0.1	-0.51	-0.6	0.11	
YNL326C	-0.03	-0.22	-0.04	-0.32	-0.4	0.08	-0.32
YDL160C	-0.17	-0.23	0.07	-0.49	-0.6	0.07	-0.3
YFL050C	-0.23	-0.4	-0.18	-0.67	-0.76	-0.07	-0.4
YJR116W	-0.27	-0.4	-0.09	-0.64	-0.6	-0.04	
YER128W	-0.3	-0.43	-0.12	-0.49	-0.38	-0.03	-0.22
YCR050C	-0.38	-0.45	-0.15	-0.62	-0.56	-0.1	-0.4
YKL055C	-0.36	-0.27	-0.09	-0.58	-0.47	0.03	-0.27
YGL218W	-0.18	-0.22	-0.04	-0.36	-0.22	0.06	-0.15
YNL136W	-0.27	-0.43	-0.12	-0.38	-0.42	0.12	-0.18
YJL156C	-0.18	-0.43	-0.04	-0.36	-0.34	0.11	-0.1
YBR182C	-0.36	-0.49	0.03	-0.56	-0.43	0.12	-0.2
YKL102C	-0.22	-0.25	0.03	-0.43	-0.3	0.07	-0.04
YKL220C	-0.36	-0.36	-0.06	-0.51	-0.43	0.01	-0.1
YCL023C	-0.36	-0.36	-0.06	-0.4	-0.42	0.07	-0.03
YJL007C	-0.62	-0.38	-0.23	-0.58	-0.84	-0.06	-0.23
YDR260C	-0.27	-0.18	-0.1	-0.22	-0.47	-0.06	
YAL020C	-0.31	-0.15	0	-0.31	-0.46	-0.09	-0.2
YGL089C	-0.3	-0.07	0	-0.36	-0.49	0	-0.18
YLR184W	-0.49	-0.1	-0.34	-0.62	-0.94	-0.04	-0.4
YIL174W	-0.3	-0.27	-0.23	-0.71	-0.74	0.4	-0.27
YMR082C	-0.49	-0.25	-0.17	-0.43	-0.36	-0.06	-0.2
YJR018W	-0.42	-0.34	-0.18	-0.4	-0.3	-0.03	-0.17
YPR038W	-0.43	-0.38	-0.18	-0.4	-0.3	-0.07	-0.27
YLR416C	-0.71	-0.76	-0.56	-0.49	-0.54	0.11	-0.47
YCR049C	-0.51	-0.36	-0.34	-0.36	-0.29	0.04	-0.17
YPL250C	-0.36	-0.36	-0.47	-0.36	-0.34	-0.1	-0.23
YCR047C	-0.62	-0.58	-0.56	-0.64	-0.2	-0.15	-0.34
YFL032W	-0.4	-0.45	-0.23	-0.4	-0.12	0.03	-0.42
YKL031W	-0.36	-0.45	-0.2	-0.3	-0.27	0.04	-0.34
YJR138W	-0.56	-0.89	-0.36	-0.54	-0.36	-0.09	-0.54
YKR037C	-0.27	-0.51	-0.27	-0.34	-0.2	0.06	
YOR379C	-0.25	-0.4	-0.2	-0.4	-0.18	0.06	-0.27
YLR148W	-0.14	-0.25	-0.06	-0.01	-0.18	0.04	-0.15
YJL126W	-0.4	-0.67	-0.1	-0.18	-0.47	0.14	-0.54
YDL044C	-0.27	-0.42	-0.03	-0.2	-0.4	0.04	-0.34
YGL210W	-0.27	-0.54	-0.14	-0.27	-0.64	0.08	-0.56
YBR148W	-0.18	-0.34	-0.15	-0.1	-0.4	-0.03	-0.36
YLR010C	-0.36	-0.49	-0.15	-0.34	-0.34	-0.1	-0.56
YJL127C	-0.34	-0.49	-0.06	-0.29	-0.23	-0.18	-0.45
YGR099W	-0.23	-0.36	0.01	-0.12	-0.22	-0.06	-0.4
YJR055W	-0.23	-0.42	0.07	-0.3	-0.4	-0.1	-0.42
YGR203W	-0.22	-0.3	0.01	-0.27	-0.27	-0.07	-0.36
YJL011C	-0.43	-0.42	0.07	-0.45	-0.43	-0.04	
YGR064W	-0.18	-0.18	0.06	-0.23	-0.23	0.03	-0.49
YCR024C-A	-0.04	-0.25	-0.04	-0.15	-0.2	-0.1	-0.23
YJL150W	-0.27	-0.92	-0.36	-0.62	-0.32	-0.23	-0.84
YJL110C	-0.03	-0.49	-0.2	-0.27	-0.34	-0.36	-0.74
YAR008W	-0.25	-0.74	-0.51	-0.67	-0.64	-0.6	-1.12
YMR059W	-0.27	-0.36	-0.34	-0.4	-0.38	-0.23	-0.64
YJL146W	-0.36	-0.71	-0.43	-0.42	-0.49	-0.17	-0.84
YIL049W	-0.27	-0.64	-0.36	-0.42	-0.47	-0.29	-0.79
YNR022C	-0.42	-0.64	-0.36	-0.47	-0.51	-0.29	-0.97
YIL037C	-0.36	-0.56	-0.23	-0.34	-0.34	-0.27	-0.62
YLL053C	-0.23	-0.54	-0.2	-0.23	-0.36	-0.25	-0.56
YMR057C	-0.47	-0.62	-0.42	-0.58	-0.54	-0.56	-0.97
YDL069C	-0.49	-0.56	-0.34	-0.43	-0.36	-0.54	-1.03
YNL029C	-0.42	-0.56	-0.4	-0.32	-0.38	-0.58	-0.86
YJR053W	-0.34	-0.79	-0.49	-0.49	-0.4	-0.56	-0.92
YLR322W	-0.18	-0.45	-0.3	-0.36	-0.27	-0.25	-0.81
YJL120W	-0.3	-0.42	-0.25	-0.23	-0.27	-0.23	-0.71
YML005W	-0.34	-0.51	-0.51	-0.32	-0.34	-0.3	-0.84
YPR095C	-0.2	-0.43	-0.45	-0.27	-0.36	-0.3	-0.81
YOL033W	-0.27	-0.47	-0.27	-0.27	-0.14	-0.25	-0.89
YNL243W	-0.38	-0.36	-0.23	-0.12	-0.23	-0.34	-0.92
YOR334W	-0.34	-0.51	-0.4	-0.15	-0.34	-0.18	-0.58
YNR066C	-0.23	-0.3	-0.3	-0.1	-0.36	-0.18	-0.34
YBR124W	-0.18	-0.34	-0.34	-0.27	-0.6	0.01	-0.62
YPL252C	-0.23	-0.34	-0.4	-0.2	-0.64	-0.03	-0.76
YOR072W	-0.12	-0.17	-0.17	-0.14	-0.32	-0.1	-0.36
YMR075W	-0.18	-0.49	-0.36	-0.36	-0.64	-0.18	-0.86
YNR028W	-0.14	-0.32	-0.43	-0.3	-0.47	-0.14	-0.71
YLR337C	-0.04	-0.34	-0.49	-0.36	-0.56	-0.25	-0.86
YPL259C	-0.04	-0.18	-0.23	-0.23	-0.32	-0.12	-0.43
YLR442C	-0.18	-0.27	-0.29	-0.36	-0.49	-0.06	-0.71
YPR179C	-0.03	-0.12	-0.17	-0.22	-0.29	0	-0.4
YMR073C	-0.22	-0.36	-0.43	-0.43	-0.42	-0.06	-0.76
YJL006C	-0.1	-0.32	-0.4	-0.42	-0.3	-0.04	-0.69
YNL311C	-0.14	-0.36	-0.42	-0.56	-0.42	-0.22	-1
YDL165W	-0.14	-0.23	-0.2	-0.3	-0.22	-0.07	-0.56
YAL014C	-0.1	-0.4	-0.23	-0.45	-0.38	-0.07	-0.79
YNL147W	-0.23	-0.38	-0.09	-0.25	-0.36	0.06	-0.58
YDR540C	-0.32	-0.42	-0.14	-0.25	-0.45	0.07	-0.62
YGR107W	-0.32	-0.34	-0.12	-0.23	-0.25	-0.01	-0.64
YLL037W	-0.18	-0.12	-0.1	-0.22	-0.22	0.03	-0.58
YNR032W	-0.3	-0.3	-0.23	-0.45	-0.4	0.19	-0.97
YPL232W	-0.2	-0.27	-0.25	-0.36	-0.38	0.06	-0.71
YIR015W	-0.23	-0.36	-0.27	-0.3	-0.42	0.06	-0.79
YNL167C	-0.2	-0.42	-0.23	-0.23	-0.29	0.14	-0.71
YLR036C	-0.06	-0.29	-0.27	-0.3	-0.25	0.14	-0.64
YGR051C	-0.06	-0.23	-0.1	-0.17	-0.29	0.11	-0.56
YKR031C	0	-0.22	-0.12	-0.1	-0.23	0.01	-0.4
YOL102C	-0.17	-0.36	-0.25	-0.18	-0.22	-0.01	-0.6
YOL160W	-0.36	-0.51	-0.42	-0.27	-0.34	0.06	-0.74
YIR007W	-0.3	-0.56	-0.43	-0.27	-0.4	-0.06	-0.67
YGL072C	-0.27	-0.47	-0.23	-0.54	-0.3	-0.15	-0.56
YBL053W	-0.29	-0.42	-0.25	-0.56	-0.36	0.01	-0.62
YOL027C	-0.22	-0.43	-0.32	-0.47	-0.43	0.03	-0.58
YLL013C	-0.29	-0.18	-0.34	-0.49		0.03	-0.51
YDR114C	-0.34	-0.29	-0.32	-0.4	-0.4	0.04	-0.51
YCL022C	-0.36	-0.23	-0.18	-0.54	-0.42	-0.06	-0.64
YNL205C	-0.3	-0.3	-0.12	-0.64	-0.51	0.07	-0.69
YOR094W	-0.04	-0.36	-0.1	-0.54	-0.56	-0.27	-0.54
YAL024C	-0.2	-0.47	-0.14	-0.27	-0.51	-0.27	-0.69
YGL260W	-0.27	-0.58	-0.1	-0.42	-0.69	-0.3	-0.67
YHR130C	-0.18	-0.3	-0.09	-0.29	-0.4	-0.23	-0.36
YGR015C	-0.14	-0.3	-0.1	-0.32	-0.56	-0.23	-0.56
YNL063W	-0.2	-0.42	-0.27	-0.58	-0.76	-0.2	-0.92
YLR458W	-0.2	-0.34	-0.07	-0.4	-0.36	-0.1	-0.56
YGL079W	-0.15	-0.18	0	-0.36	-0.3	-0.1	-0.43
YLL057C	-0.22	-0.29	-0.04	-0.47	-0.47	-0.22	-0.6
YML108W	-0.32	-0.42	-0.12	-0.49	-0.62	-0.32	-0.71
YIL082W	-0.2	-0.29	-0.1	-0.34	-0.38	-0.17	
YNR064C	-0.27	-0.38	-0.18	-0.49	-0.6	-0.23	
YOR372C	-0.27	-0.27	-0.1	-0.49	-0.43	-0.14	-0.45
YPL102C	-0.36	-0.3	-0.32	-0.4	-0.67	-0.23	-0.49
YDL207W	-0.3	-0.25	-0.2	-0.34	-0.51	-0.32	-0.58
YOR318C	-0.27	-0.34	-0.23	-0.3	-0.42	-0.3	-0.56
YHR093W	-0.43	-0.56	-0.38	-0.51	-0.69	-0.4	-0.74
YDL217C	-0.14	-0.23	-0.1	-0.27	-0.22	-0.2	-0.3
YJR023C	-0.27	-0.34	-0.1	-0.3		-0.25	-0.34
YPL016W	-0.38	-0.34	-0.18	-0.43	-0.42	-0.43	-0.47
YPR013C	-0.25	-0.27	-0.27	-0.51	-0.49	-0.27	-0.62
YMR161W	-0.18	-0.3	-0.42	-0.56	-0.76	-0.34	-0.76
YDL162C	-0.2	-0.17	-0.25	-0.34	-0.49	-0.3	
YIL135C	-0.25	-0.42	-0.92	-0.74	-0.69	-0.14	-0.69
YPR123C	-0.14	-0.42	-0.58	-0.54	-0.6	-0.27	-0.51
YDR208W	-0.18	-0.56	-0.67	-0.84	-0.6	-0.27	-0.84
YOL035C	-0.27	-0.36	-0.4	-0.51	-0.34	-0.07	-0.47
YMR036C	-0.25	-0.4	-0.47	-0.49	-0.42	-0.03	-0.32
YMR219W	-0.4	-0.67	-0.47	-0.64	-0.74	-0.14	-0.67
YIR019C	-0.36	-0.6	-0.42	-0.4	-0.47	-0.18	-0.58
YKL061W	-0.49	-1.15	-1.15	-1	-1.03	-0.43	-1.32
YHR105W	-0.38	-0.6	-0.6	-0.42	-0.54	-0.38	-0.47
YLR269C	-0.3	-0.54	-0.43	-0.58	-0.56	-0.34	-0.42
YGR164W	-0.36	-0.56	-0.51	-0.51	-0.58	-0.27	-0.42
YLR067C	-0.3	-0.3	-0.25	-0.34	-0.32	-0.18	-0.27
YNR048W	-0.34	-0.62	-0.69	-0.79	-0.84	-0.74	-0.86
YIL080W	-0.18	-0.32	-0.49	-0.42	-0.47	-0.42	-0.47
YOL063C	-0.27	-0.23	-0.67	-0.67	-0.6	-0.58	-0.62
YIL083C	-0.14	-0.18	-0.36	-0.6	-0.58	-0.43	-0.45
YCR081W	0	-0.18	-0.22	-0.36	-0.27	-0.22	-0.23
YJR090C	-0.23	-0.49	-0.49	-0.6	-0.64	-0.45	-0.38
YIL031W	-0.3	-0.64	-0.54	-0.86	-1.06	-0.51	-0.74
YPR032W	-0.17	-0.29	-0.34	-0.58	-0.54	-0.34	-0.38
YLR402W	-0.18	-0.23	-0.3	-0.47	-0.51	-0.2	-0.27
YLL062C	-0.15	-0.29	-0.27	-0.51	-0.47	-0.12	-0.4
YNR057C	-0.27	-0.23	-0.1	-0.27	-0.4	-0.23	-0.14
YJL028W	-0.27	-0.23	-0.18	-0.18	-0.32	-0.18	-0.18
YIL032C	-0.4	-0.51	-0.25	-0.36	-0.51	-0.29	-0.27
YFR036W	-0.23	-0.4	-0.17	-0.4	-0.36	-0.25	-0.29
YEL045C	-0.47	-0.47	-0.34	-0.67	-0.6	-0.4	-0.29
YOR282W	-0.47	-0.45	-0.34	-0.64	-0.42	-0.42	-0.38
YMR268C	-0.36	-0.42	-0.42	-0.64	-0.42	-0.54	-0.36
YOL085C	-0.47	-0.4	-0.27	-0.4	-0.36	-0.47	-0.27
YNR062C	-0.47	-0.69	-0.43	-0.49	-0.54	-0.6	-0.49
YPR182W	-0.43	-0.62	-0.4	-0.47	-0.34	-0.3	-0.4
YPL268W	-0.38	-0.47	-0.34	-0.29	-0.23	-0.15	-0.22
YIL153W	-0.67	-0.58	-0.45	-0.43	-0.43	-0.36	-0.36
YNL148C	-0.64	-0.69	-0.45	-0.62	-0.6	-0.27	-0.23
YNR063W	-0.29	-0.34	-0.27	-0.47	-0.34	-0.14	-0.22
YDL235C	-0.76	-0.69	-0.74	-0.84	-0.56	-0.62	-0.97
YLL003W	-0.47	-0.36	-0.34	-0.45	-0.15	-0.27	-0.36
YOR211C	-0.47	-0.22	-0.18	-0.34	-0.25	-0.27	-0.36
YBR013C	-0.3	-0.25	-0.01	-0.36	-0.14	-0.18	-0.43
YPR130C	-0.27	-0.47	-0.22	-0.62	-0.18	-0.34	-0.69
YOL091W	-0.56	-0.81	-0.47	-0.74	-0.14	-0.3	-0.86
YIL126W	-0.4	-0.51	-0.34	-0.42	-0.01	-0.07	-0.51
YOR183W	-0.43	-0.4	-0.34	-0.34	-0.09	-0.1	-0.51
YLR136C	-0.25	-0.23	-0.6	-0.51	-0.18	-0.43	-0.84
YBL034C	-0.22	-0.23	-0.36	-0.3	-0.1	-0.32	-0.43
YKL045W	-0.17	-0.36	-0.67	-0.38	-0.18	-0.62	-0.71
YPL144W	-0.15	-0.42	-0.43	-0.23	-0.23	-0.47	-0.62
YNL233W	-0.2	-0.4	-0.42	-0.34	-0.23	-0.67	-0.86
YNR040W	-0.23	-0.3	-0.2	-0.18	-0.18	-0.38	-0.36
YOR298W	-0.71	-0.84	-0.71	-0.3	-0.62	-1.12	-1.29
YLR162W	-0.84	-0.74	-0.56	-0.36	-0.69	-1	-1.03
YOL067C	-0.49	-0.23	-0.18	-0.34	-0.34	-0.56	-0.51
YNR020C	-0.58	-0.27	-0.29	-0.3	-0.47	-0.45	-1.06
YLR428C	-0.3	-0.09	-0.23	0	-0.12	-0.29	-0.62
YBR237W	-0.42	0.12	-0.34	-0.34	-0.64	-0.03	-0.4
YOR162C	-0.38	0.12		-0.34	-0.45	0.03	-0.36
YBR233W	-0.62	0.25	-0.36	-0.4	-0.84	0.11	-0.89
YOR214C	-0.34	0.15	-0.45	-0.3	-0.3	0.04	-0.58
YMR289W	-0.04	-0.34	-0.09	-0.07	-0.56	-0.06	-0.69
YEL044W	-0.2	-0.15	-0.17	0.12	-0.47	-0.22	-0.67
YJR057W	-0.32	-0.54	-0.18	0.08	-0.14	-0.27	-0.89
YLR154C	-0.29	-0.4	0	-0.06	-0.07	-0.15	-0.56
YDL016C	-0.42	-0.42	-0.03	-0.23	-0.23	-0.23	-0.79
YDR520C	-0.34	-0.34	0.16	-0.14	-0.32	-0.23	-0.76
YMR055C	-0.42	-0.36	0.16	-0.09	-0.2	-0.09	-0.71
YJR067C	-0.29	-0.34	0.11	-0.18	-0.17	0.03	-0.49
YJL009W	0.01	-0.17	0.14	-0.34	-0.12	0	-0.62
YOR102W	-0.23	-0.17	0.06	-0.2	-0.07	0	-0.71
YJL204C	-0.03	-0.47	-0.01	-0.4	-0.14	0	-1.03
YDR448W	-0.14	-0.36	0.12	-0.27	-0.1	0.07	-0.71
YGR113W	-0.14	-0.34	0.04	-0.23	-0.23	0.07	-0.56
YNL059C	-0.15	-0.49	-0.1	-0.34	-0.3	0.16	-1.06
YOL031C	-0.1	-0.32	-0.01	-0.1	-0.2	0.12	-0.67
YOR159C	-0.23	-0.32	-0.1	-0.2	-0.07	0.16	-0.71
YNL131W	-0.07	-0.23	0	-0.09	-0.23	0.15	-0.81
YDL092W	-0.04	-0.18	0.04	-0.15	-0.18	0.25	-0.71
YOR218C	-0.07	-0.42	0.2	-0.01	-0.27	0.03	-0.81
YPL002C	0.06	-0.29	0.06	-0.09	-0.07	-0.18	-0.67
YPR053C	0.08	-0.23	0.26	-0.15	0.06	-0.12	-0.89
YOL090W	-0.17	-0.3	0.26	-0.2	-0.04	-0.07	-0.92
YDR372C	-0.18	-0.18	0.32	-0.1	0.01	-0.06	-0.94
YDR378C	-0.12	-0.07	0.07	0.07	0.01	-0.01	-0.51
YLL014W	-0.25	-0.18	0.06	-0.2	0.12	-0.12	-0.56
YMR298W	-0.2	-0.17	-0.23	-0.25	-0.04	-0.09	-1.18
YOL133W	-0.1	-0.36	-0.18	-0.14	0.04	-0.06	-0.67
YNL041C	-0.06	-0.36	-0.18	-0.15	-0.01	-0.14	-0.67
YGL220W	-0.23	-0.32	-0.06	-0.34	-0.03	-0.22	-0.92
YGR281W	-0.1	-0.14	-0.06	-0.12	0.01	-0.09	-0.3
YIL112W	-0.1	-0.34	-0.06	-0.32	0.06	-0.29	-0.62
YLR265C	-0.07	-0.18	-0.17	-0.22	0.16	-0.06	-0.47
YNR033W	0.06	0.14	-0.17	-0.36	-0.4	0.04	-0.45
YER151C	-0.1	0.11	-0.09	-0.62	-0.58	-0.07	-0.69
YNL234W	0.01	0	-0.06	-0.71	-0.62	0.25	-0.81
YDL240W	-0.06	0.01	-0.2	-0.51	-0.47	0.19	-0.84
YCR054C	-0.19	-0.31	-0.29	-0.94	-0.94	0.09	-1.22
YPR126C	-0.4	-0.14	-0.29	-0.76	-0.4	0.19	-0.86
YBR173C	-0.15	-0.15	-0.49	-0.67	-0.42	0.24	-1
YJR065C	0.01	-0.23	-0.23	-0.51	-0.27	0.08	-0.71
YBL051C	0.07	-0.38	-0.18	-0.6	-0.45	0.12	-0.97
YOR216C	-0.01	-0.23	-0.01	-0.47	-0.49	0.15	-1.22
YLR006C	0.07	-0.15	-0.1	-0.14	-0.23	0.12	-0.62
YDR430C	0.07	-0.03	-0.18	-0.25	-0.34	0.11	-0.81
YOL062C	-0.12	0.06	-0.14	-0.18	-0.18	0.06	-0.67
YHR129C	-0.29	-0.1	0.04	-0.34	-0.42	-0.04	-1.09
YPL038W	-0.18	0.04	-0.01	-0.36	-0.34	0.08	-0.94
YER099C	-0.17	0.04	0.07	-0.29	-0.34	0.01	-0.64
YLR040C	-0.1	0.04	0.01	-0.51	-0.36	-0.09	-0.81
YIL109C	-0.1	0.07	0.04	-0.45	-0.18	-0.06	-0.71
YJR120W	-0.34	0.07	-0.23	-0.42	-0.62	-0.12	-0.58
YDL164C	-0.4	0.06	-0.03	-0.49	-0.62	-0.04	
YPL068C	-0.6	-0.1	-0.18	-0.84	-1.09	0.08	-0.89
YML037C	-0.23	-0.1	-0.07	-0.45	-0.43	0.04	-0.45
YBR104W	-0.27	-0.23	0.01	-0.67	-0.79	-0.04	-0.62
YPL236C	-0.12	-0.1	0.01	-0.25	-0.32	-0.03	-0.25
YOR188W	-0.01	-0.06	0.3	-0.36	-0.64	-0.06	-0.6
YGR039W	-0.1	-0.07	0.12	-0.23	-0.42	-0.01	-0.36
YFR002W	-0.06		0.14	-0.25	-0.62	-0.06	-0.4
YJL119C	-0.14	-0.17	0.19	-0.3	-0.67	-0.04	-0.4
YER149C	-0.36	-0.25	0.43	-0.36	-0.54	0.25	-0.64
YMR209C	-0.36	-0.09	0.25	-0.2	-0.4	0.19	-0.43
YHR040W	-0.47	-0.14	0.14	-0.36	-0.69	0.25	-0.67
YBR261C	-0.34	-0.12	0.15	-0.34	-0.49	0.11	-0.58
YER107C	-0.36	-0.17	0.2		-0.6	0.11	-0.81
YAR035W	-0.26	-0.2	0.14	-0.35	-0.34	0.07	-0.41
YDR300C	-0.36	-0.23	0.11	-0.34	-0.58	0	-0.47
YDR110W	-0.32	-0.3	0.25	-0.3	-0.54	0.11	-0.67
YHR111W	-0.23	-0.23	0.2	-0.18	-0.42	0.04	-0.49
YGL227W	-0.09	-0.18	0.11	-0.06	-0.23	0.07	-0.3
YOR148C	-0.06	-0.14	0.11	-0.1	-0.27	0.11	-0.3
YBR163W	-0.38	-0.06	0.15	-0.38	-0.79	-0.18	-1
YNL231C	-0.1	-0.04	0.16	-0.18	-0.47	-0.03	-0.64
YNL227C	-0.25	-0.25	0.25	-0.79	-0.64	-0.1	-0.89
YMR223W	-0.22	0	0.12	-0.6	-0.67	-0.09	-0.71
YGL060W	-0.25	-0.36	-0.04	-0.47	-0.81	0.15	-0.62
YNL245C	-0.17	-0.27	0.04	-0.32	-0.49	0.07	-0.49
YGR283C	-0.06	-0.4	0.03	-0.54	-0.62	-0.06	-0.6
YHL007C	0.06	-0.34	0.08	-0.47	-0.71	-0.12	-0.69
YLR004C	-0.09	-0.27	0.03	-0.58	-0.84	0	-0.81
YPL052W	-0.09	-0.18	-0.06	-0.49	-0.6	0.01	-0.58
YBL005W-B	-0.1	-0.23	0.06	-0.42	-0.76	-0.18	-0.84
YER127W	-0.2	-0.3	0.15	-0.36	-0.86	-0.12	-0.79
YOR236W	-0.3	-0.18	0.06	-0.43	-0.54	-0.09	-0.69
YDR156W	-0.45	-0.25	0.04	-0.43	-0.74	-0.07	-0.79
YBR195C	-0.3	-0.3	0.06	-0.34	-0.56	-0.03	-0.69
YBR175W	-0.22	-0.22	0.03	-0.38	-0.4	0.04	-0.69
YOR118W	-0.27	-0.25	0.08	-0.43	-0.56	0.06	-0.76
YHR115C	-0.22	-0.18	0.06	-0.4	-0.51	0.04	
YMR024W	-0.1	-0.07	-0.01	-0.15	-0.32	0.03	-0.6
YOL104C	-0.18	-0.12		-0.22	-0.45	0.04	-0.67
YLR444C	-0.04	-0.12	-0.04	-0.29	-0.38	0	-0.62
YOR144C	-0.14	-0.15	-0.04	-0.42	-0.67	0.04	-0.94
YBL009W	-0.12	-0.32	0.08	-0.58	-0.89	0	-1.18
YPL070W	-0.1		0.06	-0.3	-0.56	0.15	-0.71
YNL191W	-0.1	-0.1	-0.03	-0.29	-0.56	0.08	-0.58
YGL144C	-0.36	-0.4	-0.07	-0.42	-0.94	0.34	-1.18
YDR278C	-0.1	-0.15	-0.06	-0.23	-0.36	0.15	-0.49
YDR428C	-0.22	-0.34	-0.15	-0.45	-0.58	0.06	-0.81
YGR073C	-0.14	-0.25	-0.06	-0.18	-0.42	0	-0.51
YLR147C	-0.06	-0.2	-0.09	-0.14	-0.34	0.04	-0.36
YHR101C	0	-0.3	0.14	-0.22	-0.43	0.03	-0.49
YGL136C	-0.14	-0.1	0.3	-0.03	-0.36	-0.09	-0.62
YGL256W	-0.1	-0.3	0.48	-0.4	-0.6	-0.1	-0.79
YNR044W	-0.09	-0.17	0.38	-0.12	-0.38	-0.1	-0.36
YOR226C	-0.27	-0.14	0.21	-0.18	-0.34	-0.09	-0.38
YIL054W	-0.23	-0.23	0.21	-0.27	-0.18	-0.18	-0.32
YOR324C	-0.3	-0.36	0.36	-0.42	-0.29	0.03	-0.58
YOR104W	-0.23	-0.27	0.19	-0.23	-0.15	-0.04	-0.47
YHR164C	-0.18	-0.34	0.26	-0.36	-0.27	-0.12	-0.69
YOR330C	-0.4	-0.38	0.2	-0.51	-0.34	-0.36	-0.94
YPR087W	-0.4	-0.27	0.19	-0.54	-0.22	-0.15	-1.06
YOL066C	-0.32	0	0.38	-0.36	-0.36	-0.12	-0.79
YCL065W	-0.09	-0.07	0.21	-0.23	-0.1	-0.18	-0.34
YER010C	-0.07	-0.32	0.36	-0.27	-0.12	-0.18	-0.67
YGR181W	0.03	-0.18	0.15	-0.1	-0.25	0.01	-0.58
YOR198C	0.06	-0.1	0.25	-0.3	-0.3	0.24	-0.97
YOR046C	0.14	-0.09	0.4	-0.23	-0.45	0.4	-1.03
YDR152W	-0.01	-0.09	0.15	-0.18	-0.43	0.32	-0.6
YBL011W	-0.06	-0.09	0.12	-0.27	-0.23	0.2	-0.47
YBL061C	-0.15	-0.23	0.29	-0.34	-0.43	0.38	-0.81
YGL168W	-0.09	-0.1	0.15	-0.15	-0.23	0.07	-0.42
YGR195W	-0.14	-0.01	0.24	-0.17	-0.29	0.2	-0.69
YCL011C	-0.3	-0.2	0.34	-0.15	-0.4	0.3	-1.09
YIL114C	-0.15	-0.2	0.4	0.07	-0.4	0.14	-0.69
YER123W	-0.18	-0.18	0.14	0.07	-0.47	0.08	-0.62
YOR368W	-0.18	-0.18	0.32	-0.04	-0.74	0.29	-0.86
YJL208C	0.01	-0.12		-0.07	-0.56	0.24	-0.67
YDL176W	-0.25	-0.1	0.21	-0.1	-0.43	0.34	-0.42
YBL083C	-0.1	-0.18	0.38	-0.36	-0.32	0.2	-0.56
YCL047C	-0.17	-0.18	0.34	-0.18	-0.3	0.26	-0.36
YKL132C	-0.17	-0.18		-0.27	-0.38	0.38	-0.47
YDR302W	-0.42	-0.14	0.34	-0.15	-0.34	0.3	-0.56
YIL158W	-0.3	-0.07	0.34	-0.12	-0.17	0.21	-0.4
YMR274C	-0.43	-0.04	0.4	-0.34	-0.27	0.38	-0.92
YIL134W	-0.45	0.01	0.26	-0.23	-0.14	0.38	-0.62
YPL051W	-0.23	-0.14		-0.38	-0.1	0.32	-0.49
YGL241W	-0.09	-0.01	0.26	-0.18	-0.1	0.19	-0.32
YPR107C	-0.22	-0.04	0.14	-0.32	-0.22	0.16	-0.56
YDL008W	-0.22	0.07	0.01	-0.18	-0.27	0.24	-0.58
YLR274W	-0.06	0.15	0.06	-0.1	-0.2	0.25	-0.4
YLR026C	-0.23	0.25	0.16	-0.27	-0.36	0.45	-0.64
YJL058C	-0.14	0.08	0.07	-0.14		0.26	-0.34
YDL172C	-0.1	0.12	0.04	-0.15	-0.34	0.24	-0.34
YGL124C	-0.07	0.03	0.19	-0.1	-0.23	0.24	-0.34
YGL100W	-0.14	0.16	0.32	-0.18	-0.29	0.26	-0.69
YLL033W	-0.1	0.16	0.19	-0.12	-0.17	0.2	-0.3
YDR482C	-0.18	0.08	0.12	-0.2	-0.15	0.19	-0.25
YGR114C	-0.17	-0.1	0.07	0.06	-0.09	0	-0.23
YNL319W	-0.34	-0.32	0.16	0.06	-0.25	0.08	-0.4
YGL140C	-0.25	-0.2	0.12	0.03	-0.29	-0.1	-0.23
YOR325W	-0.23	-0.36	0.15	0.25	-0.36	-0.06	-0.22
YHR091C	-0.32	-0.4	-0.01	0.34	-0.38	0.08	-0.42
YDL087C	-0.22	-0.23	-0.15	0.03	-0.32	0.04	-0.17
YFL034W	-0.3	-0.56	-0.2	0.12	-0.42	0.03	-0.34
YIL100W	-0.36	-0.6		0.12	-0.43	-0.15	-0.4
YOR199W	-0.17	-0.32	-0.22	0.12	-0.32	-0.23	-0.3
YPL200W	-0.25	-0.49	-0.09	0.08	-0.56	-0.42	-0.34
YCL058C	-0.27	-0.56	0.04	0	-0.3	-0.1	-0.14
YJR061W	-0.23	-0.4	-0.07	0.12	-0.06	-0.1	-0.1
YPR197C	0.06	-0.03	0.29	0.14	0.04	-0.56	-0.27
YDR325W	-0.1	0.11	0.34	0	0	-0.51	-0.22
YLR287C	0.08	-0.06	0.58	-0.23	-0.18	-1.56	-0.51
YLR277C	0.03	-0.1	0.12	-0.09	-0.06	-0.47	-0.18
YLR371W	0	-0.14	-0.18	-0.27	0.12	-0.47	-0.14
YPR035W	-0.22	0.15	-0.06	-0.1	0.48	-1.18	-0.34
YML084W	-0.14	0.16	0.12	-0.18	0.03	-0.42	-0.1
YPR046W	-0.23	0.08	0	-0.18	-0.07	-0.36	-0.1
YNL328C	-0.29	0	-0.04	-0.36	-0.01	-0.36	-0.04
YNL172W	-0.18	-0.03	0.12	-0.17	0.15	-0.2	-0.18
YDR356W	-0.14	0	0.14	-0.32	0.03	-0.27	-0.25
YGR262C	0.04	-0.2	0.11	-0.32	0.11	-0.27	-0.27
YLR229C	0.12	-0.06	0.15	-0.25	0.16	-0.15	-0.51
YOL034W	-0.03	-0.07	0.11	-0.4	0.07	-0.1	-0.47
YAL039C	-0.17	-0.1	0.06	-0.36	0.11	-0.14	-0.51
YKL166C	-0.06	0.01	-0.01	-0.36	0.24	-0.4	-0.74
YOR375C	0.24	0.14	0.07	-0.49	0.41	-0.79	-0.79
YIL016W	-0.23	-0.17	0.24	-0.2	0.43	-0.49	-0.71
YOR202W	-0.27	-0.09	0.25	-0.23	0.2	-0.51	-0.76
YNL044W	-0.32	-0.3	0.2	-0.17	0.16	-0.47	-0.97
YPL234C	-0.22	-0.23	0.2	-0.06	0.3	-0.54	-0.97
YOR122C	-0.18	-0.17	0.19	0.07	0.21	-0.27	-0.51
YDR127W	-0.18	0.14	-0.12	-0.1	0.01	-0.64	-0.56
YDR135C	-0.06	0.14	-0.1	-0.1	-0.1	-0.81	-0.15
YDR261C	0.11	0.25	-0.17	0	-0.14	-0.92	-0.3
YGL201C	0.07	0.3	-0.04	-0.22	-0.43	-1.09	-0.42
YAL062W	0.32	0.32	-0.22	-0.29	-0.04	-0.71	-0.3
YMR015C	0.36	0.41	0.01	-0.18	-0.04	-0.74	-0.45
YBL092W	0.54	-0.07	-0.1	-0.32	-0.32	-0.94	-0.84
YFL067W	0.19	0.21	0.03	-0.06	-0.38	-0.67	-0.4
YJR029W	0.36	0.26	0.04	-0.1	-0.4	-0.92	-0.6
YHL050C	0.21	0.19	0.06	0.03	-0.23	-0.36	-0.34
YKL209C	0.16	0.04	0.12	0.07	-0.17	-0.45	-0.34
YDR170C	-0.04	0.41	-0.03	-0.04	-0.4	-0.6	-0.71
YDL132W	-0.07	0.25	-0.12	0.01	-0.34	-0.42	-0.47
YDR024W	-0.43	0.89	-0.3	-0.4	-0.64	-1.6	-1.74
YNL289W	0.01	0.29	-0.1	-0.09	-0.4	-1.18	-1
YDL052C	-0.04	0.52	-0.1	-0.29	-0.56	-1.43	-1.47
YJL186W	0.07	0.24	0.03	-0.07	-0.27	-0.6	-0.62
YML040W	0.16	0.34	0.03	-0.09	-0.3	-0.94	-1.15
YHR075C	0.11	0.16	0.08	0	-0.04	-0.32	-0.36
YML045W	0.11	0.6	0.14	0	-0.3	-1	-1.12
YMR051C	0.08	0.71	0.4	-0.14	-0.27	-0.92	-1.03
YAL029C	-0.07	0.86	0.14	-0.1	-0.23	-0.84	-1
YBR242W	-0.14	0.74	0.26	-0.2	-0.47	-0.94	-0.81
YDL171C	0.08	0.86	0.04	-0.01	-0.4	-0.89	-0.67
YCR087W	0.14	0.74	0.21	-0.15	-0.38	-0.49	-0.71
YCR017C	0.08	0.31	0.14	-0.02	-0.27	-0.29	-0.35
YDL201W	0	0.89	0.11	-0.4	-0.79	-0.79	-1.15
YER137C	-0.03	0.3	0.06	-0.14	-0.27	-0.36	-0.38
YBR186W	-0.18	0.86	0.21	-0.56	-1	-1	-1
YCR089W	-0.09	0.78	0.04	-0.42	-0.81	-0.74	-0.64
YBL063W	-0.04	0.78	-0.1	-0.43	-0.86	-0.89	-0.94
YML049C	-0.06	0.36	-0.12	-0.38	-0.4	-0.47	-0.56
YDL037C	0.12	1.12	-0.04	-1.6	-1.69	-1.69	-1.89
YFL002C	0	0.5	0.15	-0.51	-0.47	-0.81	-0.54
YGL034C	-0.04	0.34	0.04	-0.18	-0.27	-0.51	-0.23
YCR067C	-0.01	0.43	0	-0.29	-0.22	-0.6	-0.23
YHL030W	-0.03	0.16	-0.06	-0.12	-0.15	-0.34	-0.22
YBR276C	0.07	0.43	0.06	-0.42	-0.12	-0.47	-0.54
YOR253W	-0.04	0.01	0.24	-0.23	0.01	-0.34	-0.62
YBR174C	-0.15	0.11	0.26	-0.27	-0.04	-0.32	-0.4
YOR079C	-0.06	0.2	0.43	-0.4	-0.18	-0.71	-0.71
YML126C	0.48	0.71	0.67	-0.27	-0.17	-1.15	-0.94
YGR240C	0.26	0.54	0.43	-0.18	-0.15	-0.94	-0.79
YLR153C	0.24	0.41	0.36	-0.07	-0.17	-1.06	-0.74
YBR012W-A	0.2	0.21	0.32	-0.06	-0.1	-0.94	-0.56
YDL095W	0.2	0.3	0.19	-0.14	0.03	-1.22	-0.84
YDL070W	0.11	0.12	0.14	-0.04	-0.12	-0.97	-0.71
YAR010C	0.04	0.12	0.07	-0.01	0	-0.62	-0.58
YBL005W-A	0.11	0.14	0.04	-0.03	0.04	-0.64	-0.6
YAL023C	0.14	0.14	0.11	-0.34	0	-1.36	-1.15
YNL291C	0	0.08	0.32	-0.23	0.2	-1.12	-0.97
YJL039C	0.01	0.16	0.26	-0.1	0.15	-0.74	-0.71
YNL192W	0.03	0.25	0.25	-0.27	0.03	-0.76	-0.74
YER056C	0.14	0.54	0.69	-0.3	-0.17	-1.56	-1.84
YNL287W	0.16	0.26	0.25	-0.18	-0.07	-0.62	-0.62
YDR093W	0.25	0.21	0.2	-0.2	0.01	-0.6	-0.74
YNL300W	0.29	0.08	0.11	-0.04	0.06	-0.42	-0.56
YER177W	0.3	0.29	0.19	0.12	0.29	-0.38	-1.06
YGR228W	0.36	0.21	0.26	0	0.01	-0.36	-1.09
YDR224C	0.36	0.21	0.19	-0.01	0.03	-0.2	-1
YDR190C	0.01	0.07	0.24	-0.06	-0.1	-0.04	-0.92
YMR235C	0.07	0.2	0.5	0	-0.07	-0.2	-1.36
YOR051C	0.24	0.19	0.81	-0.15	-0.04	-0.23	-1.56
YMR149W	0.15	0.06	0.45	0.08	-0.18	-0.03	-1.03
YPR169W	0.15	0.15	0.48	0.01	-0.15	-0.36	-1.22
YOR168W	0.24	0.19	0.45	-0.07	-0.3	-0.32	-1.36
YOR169C	0.29	0.2	0.45	-0.09	-0.18	-0.27	-1.09
YDR429C	0.48	0.25	0.58	-0.17	-0.36	-0.27	-1.29
YJL078C	0.16	0.4	0.58	0.06	-0.2	-0.18	-0.74
YJL014W	0.26	0.54	0.64	0.01	-0.22	-0.32	-0.92
YOR315W	0.32	0.52	0.6	-0.09	-0.27	-0.18	-0.84
YOR151C	0.29	0.29	0.36	0.07	-0.15	-0.1	-0.6
YMR312W	0.11	0.08	0.08	-0.01	-0.03	-0.03	-0.18
YNL127W	0.29	0.24	0.21	0.08	-0.1	-0.2	-0.6
YOL149W	0.19	0.15	0.24	0.06	-0.04	-0.18	-0.54
YER055C	0.15	0.41	0.58	0.04	-0.1	-0.23	-1.15
YGL026C	0.21	0.38	0.43	0.03	-0.18	-0.3	-0.92
YBR162W-A	0.2	0.4	0.6	0.24	-0.17	-0.47	-1.06
YGL012W	0.12	0.41	0.71	0.14	-0.1	-0.49	-1.22
YNL066W	0.11	0.34	0.76	0.14	0.03	-0.64	-1.51
YFL026W	0.14	0.29	0.69	-0.06	0.11	-0.42	-0.89
YGR175C	0.24	0.41	0.84	0.06	0.07	-0.42	-1.03
YER146W	0.15	0.15	0.41	0.01	-0.03	-0.18	-0.54
YER104W	0.21	0.32	0.52	-0.06	-0.04	-0.36	-0.84
YDR158W	0.34	0.48	0.64	0.04	-0.03	-0.51	-1.09
YHR074W	0.04	0.12	0.43	0.07	0	-0.23	-0.49
YDR264C	0.12	0.22	0.37	-0.07	0.01	-0.17	-0.37
YER003C	0.19	0.4	0.81	-0.07	-0.15	-0.42	-0.79
YFL045C	0.43	0.48	1.03	0.21	-0.2	-0.69	-1.29
YJR105W	0.36	0.52	1.12	0.21	-0.06	-0.74	-1.06
YBR220C	0.29	0.45	0.58	0.06	-0.12	-0.58	-0.71
YDR233C	0.24	0.38	0.67	-0.07	-0.18	-0.6	-0.74
YGR189C	0.19	0.24	0.52	-0.15	-0.06	-0.51	-0.54
YPL028W	0.14	0.58	0.71	0.06	0.11	-0.81	-1.03
YGL135W	0.21	0.4	0.71	0.11	-0.17	-1.29	-2
YGL225W	0.19	0.36	0.78	0.11	-0.18	-1.15	-1.64
YML106W	0.12	0.21	0.6	0	-0.17	-0.79	-1.29
YER086W	0.19	0.38	0.78	0.11	-0.23	-0.94	-1.69
YML022W	0.15	0.4	0.69	0.07	-0.34	-1	-1.69
YPR163C	0.29	0.3	0.67	-0.1	-0.25	-0.76	-1.64
YLR197W	0.41	0.52	0.89	-0.07	-0.23	-0.92	-1.94
YDR119W	0.32	0.38	0.84	0.06	-0.34	-0.97	-1.36
YCR034W	0.12	0.15	0.92	0.01	-0.42	-0.89	-1.64
YOR217W	0.11	0.26	0.41	-0.09	-0.25	-0.34	-0.58
YML018C	0.26	0.38	0.69	-0.36	-0.49	-0.58	-1.22
YBL028C	0.26	0.25	0.71	-0.32	-0.42	-0.43	-1.06
YOL072W	0.12		0.36	-0.14	-0.15	-0.25	-0.6
YGR200C	0.14	0.43	0.54	-0.23	-0.42	-0.23	-0.89
YMR010W	0.15	0.34	0.29	-0.18	-0.18	-0.25	-0.86
YFL037W	0.3	0.54	0.54	-0.29	-0.27	-0.67	-1.29
YGL245W	0.3	0.52	0.3	-0.36	-0.25	-0.49	-1.06
YLR130C	0.15	0.38	0.4	-0.12	-0.04	-0.43	-0.71
YGL111W	0.36	0.34	0.6	-0.27	-0.06	-0.62	-1
YLR429W	0.2	0.36	0.4	-0.1	0.15	-0.32	-0.67
YLR378C	0.11	0.19	0.34	-0.18	0.12	-0.27	-0.84
YPL168W	0.08	0.24	0.34	-0.1	0.24	-0.58	-0.84
YLR300W	0.06	0.5	1.03	0.38	0.45	-0.81	-1.74
YJR143C	0.08	0.34	0.54	0.07	0.26	-0.64	-1.22
YDL184C	0.17	0.08	0.5	0.25	0.25	-0.74	-1.43
YBR031W	0.2	0.24	0.71	0.3	0.11	-0.81	-1.64
YOR270C	0.07	0.15	0.4	0.3	0.06	-0.4	-0.92
YLR286C	0.29	0.2	0.64	0.34	-0.06	-0.49	-0.97
YBL040C	0.34	0.16	0.5	0.25	0.03	-0.25	-0.67
YMR221C	-0.12	-0.04	0.43	0.14	-0.1	-0.58	-0.84
YBR219C	0	-0.06	0.48	0.14	-0.07	-0.58	-0.84
YLR050C	0.07	-0.12	0.4	0.2	0	-0.34	-0.92
YBR162C	0.01	-0.07	0.56	0.08	-0.04	-0.51	-1.56
YBR243C	0	-0.17	0.3	0.07	0.03	-0.51	-1.18
YHR021C	-0.34	-0.18	0.48	0.03	-0.15	-0.51	-1.32
YDR410C	-0.07	-0.14	0.3	-0.07	-0.2	-0.2	-0.86
YPR063C	-0.07	-0.09	0.21	-0.09	-0.04	-0.18	-0.51
YPL214C	-0.03	-0.12	0.26	-0.09	-0.12	-0.29	-0.6
YJL013C	0.03	-0.09	0.12	0.07	-0.17	-0.22	-0.56
YIL051C	0.14	-0.14	0.14	0.03	-0.18	-0.43	-0.89
YPL046C	0.06	-0.18	0.15	0.08	-0.18	-0.56	-0.89
YIL104C	0.07	-0.18	0.2	-0.01	-0.22	-0.58	
YEL003W	0	-0.17	0.21	-0.17	-0.4	-0.81	-1.09
YHR025W	0.08	-0.06		0.07	-0.45	-0.86	-1.09
YDR023W	0.48	-0.07	0.56	-0.27	-0.38	-1	-1.56
YMR212C	0.4	-0.01	0.2	-0.03	-0.09	-0.64	-1.06
YDR454C	0.25	0.12	0.36	-0.12	-0.09	-0.49	-1.32
YOR247W	0.26	-0.04	0.3	-0.2	-0.06	-0.54	-1.25
YIL131C	0.04	-0.03	0.29	-0.09	-0.12	-0.23	-0.58
YNL102W	0.03	0	0.29	-0.1	-0.15	-0.29	-0.71
YPR097W	0.04	-0.06	0.29	-0.07	-0.2	-0.3	-0.79
YKL154W	0.08	0	0.29	0.01	-0.14	-0.4	-1.09
YBR084C-A	0.07	0.14	0.5	-0.1	-0.23	-0.89	-1.84
YBR244W	0	0.01	0.43	-0.03	-0.12	-0.43	-0.97
YNR061C	0.03	-0.03	0.38	0.07	-0.14	-0.47	-0.92
YPL079W	0	-0.03	0.58	-0.34	-0.1	-1.09	-1.84
YOL092W	0	-0.09	0.3	-0.1	-0.09	-0.54	-0.94
YDL212W	0.03	-0.12	0.29	-0.1	0.06	-0.47	-0.92
YPL238C	0	-0.1	-0.01	-0.22	-0.06	-0.74	-1.47
YNL178W	0	-0.06	0.04	-0.23	-0.09	-0.84	-2.18
YJR075W	0.04	-0.03	-0.04	-0.18	-0.06	-0.42	-1.09
YLR075W	0.12	0.08	0.11	-0.18	-0.1	-0.94	-2.25
YNL119W	0.14	-0.03	0.3	-0.22	-0.2	-1.15	-2.84
YNL069C	-0.1	-0.04	0.3	-0.2	-0.09	-1.09	-2.74
YBL027W	0.04	0.01	0.4	-0.17	-0.27	-1.12	-2.47
YGL042C	-0.04	-0.01	0.24	-0.17	-0.04	-0.54	-1.18
YPL220W	0.04	-0.01	0.4	-0.36	-0.04	-1.6	-2.74
YJL191W	0.14	-0.07	0.34	-0.3	-0.23	-0.92	-1.84
YCR031C	0.2	0.15	0.19	-0.23	-0.04	-0.89	-1.79
YMR054W	0.08	0.03	0.06	0.01	-0.03	-0.3	-0.71
YGR085C	0.25	0.15	0.4	-0.06	-0.17	-0.92	-2.18
YKR028W	0.16	0.04	0.15	0.03	-0.1	-0.36	-0.79
YDR385W	0.12	0.08	0.21	0.08	-0.3	-0.89	-1.64
YDL075W	0.26	0.11	0.29	-0.09	-0.38	-1.03	-2.06
YER074W	0.2	0.04	0.41	-0.14	-0.36	-1.12	-2.18
YLR198C	0.3	0.01	0.45	-0.15	-0.23	-1.36	-2.47
YDL061C	0.21	0.01	0.25	-0.09	-0.18	-0.89	-1.84
YKL006W	0.16	0.06	0.15	-0.06	-0.27	-1.06	-2.12
YIL018W	0.3	0.08	0.26	-0.22	-0.18	-1.36	-2.32
YDR418W	0.2	0.16	0.29	-0.2	-0.2	-1.74	-2.94
YNL271C	0.04	0.04	0.08	-0.01	-0.07	-0.49	-0.76
YGL102C	0.03	-0.1	0.16	0	-0.03	-1.4	-2.56
YNL209W	0.04	0.07	0.11	-0.04	-0.06	-0.94	-1.89
YBR032W	0	0.15	0.4	0.14	-0.06	-1.09	-2.4
YDR012W	0.11	0.14	0.29	0.12	0.01	-1.09	-2.18
YKL056C	0.11	0.06	0.32	0.04	-0.01	-1	-1.89
YPR132W	0.08	0.01	0.43	0.14	0.08	-1	-2
YER131W	0.36	0.14	0.48	0.04	-0.01	-1.36	-2.47
YPR102C	0.26	0.01	0.2	0.03	0.04	-1.32	-2.18
YBR181C	0.19	0.21	0.2	0.08	0.12	-1.6	-2.56
YML063W	0.21	0.21	0.4	0.01	-0.03	-1.6	-2.47
YER117W	0.15	0.16	0.21	0.11	-0.12	-1.22	-2.18
YBR106W	0.21	0.29	0.21	0.06	0.01	-1.09	-2
YMR121C	0.34	-0.04	0.34	0.32	-0.1	-1.36	-2.47
YPR051W	0.14	-0.06	0.08	0.03	-0.03	-0.32	-0.79
YOR248W	0.15	-0.18	0.21	0.08	-0.03	-0.74	-1.64
YJL158C	0.14	-0.14	0.19	0.07	-0.1	-0.74	-1.51
YLR088W	0.07	-0.09	0.19	0	-0.06	-0.42	-0.84
YJL190C	0.12	-0.18	0.34	0.08	-0.09	-1.47	-2.32
YHL001W	0.21	-0.1	0.21	0.12	-0.2	-1.51	-1.94
YLR076C	0.21	-0.04	0.08	0.07	-0.3	-1.51	-2.32
YJL188C	0.03		0.07	0	-0.2	-1.15	-1.89
YLR325C	0.04	0.01	0.12	0.03	-0.3	-1.56	-2.56
YDL136W	-0.07	-0.01	-0.04	-0.36	-0.22	-1.56	-2.56
YLR065C	0.07	-0.07	-0.04	-0.12	-0.07	-0.58	-0.94
YLR062C	0.19	-0.06	0.06	-0.36	-0.1	-1.89	-2.84
YDR366C	0.06	0	-0.07	-0.09	-0.07	-1.15	-1.69
YLL045C	0.19	-0.18	-0.09	-0.1	-0.1	-1.94	-3.06
YOL127W	0.19	-0.23	0.14	-0.2	-0.12	-1.47	-2
YDL191W	0.14	-0.15	0.15	-0.23	-0.15	-1.47	-1.94
YBR254C	0.07	0.03	0.08	-0.07	0.01	-0.71	-0.94
YOL121C	0.41	0.01	0.14	-0.12	0.01	-1.47	-2.25
YOR293W	0.34	-0.12	0.06	-0.3	-0.34	-1.32	-1.89
YIL052C	0.43	-0.1	0.26	-0.1	-0.34	-1.64	-2.25
YKR057W	0.29	-0.12	0.2	-0.09	-0.38	-1.56	-2.18
YNL301C	0.21	-0.12	0.25	-0.3	-0.56	-1.89	-2.47
YOL120C	0.26	-0.09	0.4	-0.17	-0.6	-1.79	-2.4
YJL136C	0.19	-0.09	0.34	-0.07	-0.47	-1.47	-2.4
YBR143C	0.24	0.03	0.25	-0.38	-0.47	-1.06	-1.74
YKR059W	0.21	0.07	0.48	-0.27	-0.51	-1.43	-2.32
YEL054C	0.2	0.08	0.32	-0.32	-0.47	-1.64	-2.47
YOR312C	0.24	-0.01	0.25	-0.42	-0.45	-1.51	-2.56
YOR310C	0.15	-0.01	0.34	-0.6	-0.64	-1.84	-3.06
YAL038W	0.08	0.19	0.29	-0.36	-0.4	-1.32	-2.32
YHL033C	0.34	0.21	0.19	-0.18	-0.51	-1.56	-2.47
YJL183W	0.32	0.21	0.16	-0.14	-0.25	-1.09	-1.56
YIL133C	0.34	0.26	0.21	-0.36	-0.34	-1.6	-2.25
YDR417C	0.32	0.12	0.08	-0.34	-0.25	-1.64	-2.56
YGR148C	0.2	0.11	0.06	-0.29	-0.27	-1.84	-2.64
YGL103W	0.21	0.19	0.06	-0.14	-0.3	-1.51	-2.12
YLR185W	0.32	0.12	0.16	-0.09	-0.17	-1.29	-1.84
YNR051C	0.19	0.07	0.2	-0.07	-0.29	-1.15	-1.56
YMR242C	0.3	0.24	0.34	-0.14	-0.22	-1.47	-2
YLR048W	0.32	0.24	0.45	-0.1	-0.34	-1.94	-2.56
YGL123W	0.12	0.15	0.43	-0.1	-0.23	-1.51	-2.06
YLR340W	0.2	0.32	0.48	-0.09	-0.43	-1.79	-2.74
YGR214W	0.26	0.15	0.45	-0.36	-0.29	-1.69	-2.47
YDR500C	0.2	0.06	0.38	-0.25	-0.27	-1.22	-1.84
YDR399W	0.06	0.12	0.25	-0.34	-0.34	-1.51	-1.89
YJR123W	0.11	0.08	0.16	-0.38	-0.42	-1.84	-2.47
YOR063W	0.14	0.06	0.26	-0.25	-0.3	-1.69	-2.25
YOR309C	0.2	0.03	0.24	-0.64	-0.38	-2.12	-2.94
YBR156C	0.15	0.04	0.08	-0.43	-0.34	-1.32	-1.79
YLR413W	0.21	0.36	0.54	-0.64	-0.67	-2.4	-2.84
YHR216W	0.32	0.3	0.34	-0.47	-0.36	-1.84	-2.25
YLR432W	0.36	0.25	0.4	-0.29	-0.34	-1.84	-2.18
YDR450W	0.43	0.11	0.12	-0.34	-0.09	-1.32	-2
YOL139C	0.24	0.14	0.06	-0.3	-0.03	-0.97	-1.51
YDR471W	0.38	0.19	0.16	-0.54	-0.15	-1.43	-2
YAR009C	0.12	0.13	0.01	-0.17	-0.13	-0.56	-0.94
YDL236W	0.16	0.29	-0.09	-0.09	-0.18	-0.84	-1.64
YBL005W	0.12	0.24	0.03	-0.04	-0.04	-0.74	-1.22
YJR027W	0.07	0.11	-0.01	-0.06	-0.03	-0.56	-0.92
YHL015W	0.16	0.32	0.11	-0.09	-0.18	-1.79	-2.84
YLR354C	0.15	0.32	0.24	-0.25	0.08	-0.97	-1.64
YHR203C	0.32	0.5	0.34	-0.3	-0.12	-1.56	-2.12
YLR045C	0.12	0.04	0.14	0.01	-0.07	-0.47	-0.64
YOR096W	0.41	0.04	0.32	-0.03	-0.17	-1.25	-1.43
YLR061W	0.43	0.11	0.24	-0.23	-0.15	-1.47	-1.84
YMR202W	0.36	0.03	0.36	-0.15	0.03	-1.51	-1.64
YBR017C	0.29	0.07	0.14	-0.29	-0.07	-0.84	-1
YPL075W	0.2	0.04		-0.17	-0.04	-0.43	-0.62
YBL087C	0.12	0.2	0.54	-0.09	-0.3	-1.22	-1.56
YBR187W	-0.1	0.19	0.64	0.21	-0.18	-1.4	-1.94
YLR372W	0.08	0.34	0.64	-0.07	0.07	-1.22	-2.12
YCR043C	0.12	0.06	0.34	-0.01	-0.12	-0.67	-1.06
YMR205C	0.19	0.15	0.43	-0.04	-0.03	-1	-1.36
YGL257C	0.14	0.14	0.3	0.04	-0.03	-0.71	-0.94
YPL090C	0.24	0.15	0.54	0.15	0.04	-1.29	-1.56
YLR083C	0.21	0.11	0.41	0.04	-0.03	-1.47	-1.6
YOR133W	0.07	0.06	0.41	0.08	-0.01	-1.32	-1.79
YLR264W	0.14	-0.04	0.58	0.25	-0.23	-1.29	-2
YOR167C	0.14	-0.03	0.58	0.12	-0.1	-1.12	-1.64
YLR388W	0.32	-0.1	0.52	0.11	-0.17	-1.29	-1.84
YDL055C	0.24	0.2	0.24	0.19	-0.07	-0.71	-1.69
YBR252W	0.15	0.16	0.34	-0.03	0.06	-0.54	-1.15
YGR075C	0.25	0.19	0.41	0.07	-0.01	-0.54	-1.25
YGL147C	0.41	0.45	0.62	0.08	-0.04	-1.09	-1.94
YHR010W	0.56	0.4	0.62	0.01	0.01	-1.09	-1.94
YNL302C	0.67	0.32	0.36	0.04	0.12	-1.15	-2.25
YLR367W	0.41	0.36	0.38	0.07	-0.09	-1.32	-2.18
YLR029C	0.45	0.21	0.48	0.36	0.11	-1.29	-2.18
YGR027C	0.24	0.16	0.38	0.21	0.25	-1.09	-1.84
YGR118W	0.41	0.38	0.4	0.19	0.29	-1.09	-1.6
YPR074C	0.48	0.45	0.52	0.11	0.19	-1.29	-1.64
YMR046C	0.11	0.15	-0.22	-0.03	-0.09	-0.92	-1.22
YML104C	-0.01	0.12	0.08	0.07	-0.1	-0.34	-0.45
YBL113C	-0.03	0.16	0.15	0.06	-0.18	-0.6	-0.67
YDR154C	0.03	-0.01	0.06	0.06	0.14	-0.34	-0.38
YOR345C	0.07	0	0.19	0.04	0.21	-0.81	-1.22
YMR300C	-0.1	-0.04	0.26	0.15	0.62	-1.18	-2
YBR055C	-0.01	-0.12	0.15	-0.06	0.15	-0.34	-0.51
YBR081C	0.06	-0.03	0.21	-0.06	0.14	-0.38	-0.51
YJL196C	-0.07	-0.23	0.3	0.12	0.41	-0.34	-1.29
YGR259C	-0.01	-0.22	0.06	0.19	0.29	-0.34	-1.15
YPL218W	-0.18	-0.38	0.25	0.21	0.11	-0.6	-1.36
YIL043C	-0.09	-0.18	0.04	-0.04	0.11	-0.3	-1.03
YPR175W	-0.07	-0.14	0.01	-0.03	0.07	-0.36	-0.92
YJL192C	-0.01	-0.38	0.07	0.01	-0.1	-0.58	-1.43
YNR042W	-0.03	-0.22	0.03	-0.1	-0.01	-0.22	-0.74
YLL039C	0.01	-0.23	0.07	-0.01	-0.09	-0.06	-1.06
YOR286W	-0.1	-0.27	-0.07	-0.18	-0.06	0.03	-1.25
YMR038C	0	-0.1	-0.03	-0.09	0.07	-0.06	-1.18
YLL050C	0.03	-0.1	-0.09	-0.12	0.07	0.04	-0.86
YPR173C	0	-0.1	-0.1	-0.04	0.07	0.08	-0.84
YKR089C	0.07	0.01	0.01	-0.07	0.03	0.06	-0.54
YBL072C	0.12	0.19	0.24	0.04	-0.06	-0.1	-2
YKL153W	0.07	0.03	0.2	-0.06	0.07	-0.01	-1.43
YOL039W	0.07	-0.03	0.11	0	0	-0.17	-2.32
YBR012W-B	0.08	0.07	-0.01	-0.06	0.06	-0.1	-1.29
YNL010W	0.12	-0.04	-0.09	-0.03	0.2	-0.12	-1.18
YPL010W	-0.03	0.03	-0.03	0.04	0.12	-0.09	-0.81
YLR112W	-0.06	0.03	0	-0.03	0.14	-0.04	-0.84
YKL152C	0.11	0.43	0.24	0.12	0.08	-0.47	-1.74
YOR184W	0	0.34	0.19	-0.04	0.19	-0.36	-1.25
YHR174W	0.08	0.24	0.25	0.06	0.24	-0.43	-1.25
YLR333C	0.14	0.08	0.24	0.12	0.24	-0.89	-1.84
YLR301W	0.25	0.08	0.07	0.04	0.16	-0.58	-1.43
YLR396C	0.08	0.03	-0.01	-0.03	0.01	-0.12	-0.42
YKL060C	0.14	0.14	0.07	-0.01	0.04	-0.22	-1.25
YGL022W	0.2	0.16	0.11	0.08	-0.06	-0.2	-1.25
YOL049W	0.15	0.11	0.14	0.08	0	-0.18	-0.84
YBR248C	0.21	0.12	0.4	-0.01	0.04	-0.23	-1.56
YLR230W	0.11	0.04	0.2	0.06	-0.03	-0.17	-0.89
YPL237W	0.06	0	0.19	0.06	0.07	-0.18	-0.92
YDL081C	0.07	0.07	0.38	0.11	0.14	-0.32	-1.69
YER009W	0.19	0.07	0.38	0.04	0.26	-0.4	-1.43
YLR167W	0.12	0.03	0.26	0.2	0.08	-0.56	-1.6
YOR369C	0.11	0.07	0.24	0.15	-0.1	-0.64	-2.06
YDL130W	0.15	-0.09	0.24	0.06	0.04	-0.62	-2.25
YDR382W	0.11	0.15	0.11	0.06	0.04	-0.6	-2.4
YKL190W	-0.01	0.04	-0.01	-0.07	-0.06	-0.27	-1.15
YGL031C	0.03	0	0.04	-0.14	0	-0.67	-2.32
YLR441C	0.08	0.06	0.15	-0.25	0.01	-0.64	-2.18
YGL189C	0.15	0.12	0.34	-0.18	0.08	-0.64	-1.84
YNL150W	0.16	-0.15	0.15	-0.15	-0.1	-0.3	-0.86
YIL118W	0.06	-0.18		-0.1	-0.23	-0.51	-1.4
YNL149C	0.03	-0.12	0.21	-0.09	-0.23	-0.38	-1.06
YGL112C	0.21	0.07	0.19	-0.12	-0.2	-0.43	-1.51
YBR205W	0.15	-0.01	0.07	-0.04	-0.1	-0.25	-0.97
YLR150W	0.4	-0.03	-0.04	-0.06	-0.3	-0.74	-2.18
YPR187W	0.2	-0.1	0.11	-0.04	-0.36	-0.6	-1.64
YKR001C	0.16	-0.12	-0.15	-0.04	-0.17	-0.32	-1.4
YPR043W	0.14	-0.09	-0.04	-0.1	-0.3	-0.36	-1.79
YPR165W	0.08	-0.12	0.04	0	-0.12	-0.18	-1.18
YPL037C	0.24	-0.1	0.07	-0.17	-0.12	-0.18	-1.43
YOR239W	0.16	-0.15	0.11	-0.15	-0.23	-0.06	-1.15
YKL210W	0.12	0.01	-0.04	-0.01	-0.14	-0.14	-0.49
YGR001C	-0.09	0.16	-0.17	0.2	-0.49	-0.79	-1.51
YOL028C	0.12	0.12	-0.07	0.03	-0.4	-0.42	-0.89
YJR031C	0.06	0.11	0.04	0.01	-0.32	-0.43	-0.58
YCR092C	0.14	-0.2	0.15	-0.18	-0.4	-0.23	-0.34
YPL094C	0.15	-0.1	0.2	-0.38	-0.47	-0.18	-0.62
YIR040C	0.16	-0.07	0.16	-0.23	-0.45	-0.23	-0.49
YNL232W	0.24	-0.04	0.26	-0.36	-0.51	-0.23	-0.49
YFL009W	0.19	0.03	0.12	-0.2	-0.3	-0.18	-0.3
YJL213W	0.08	0.07	0.14	-0.1	-0.3	-0.1	-0.3
YIL140W	0.15	0.12	0.36	-0.34	-0.56	-0.36	-0.62
YFR001W	0.24	0.43	0.45	-0.62	-0.74	-0.3	-0.89
YOL125W	0.07	0.25	0.36	-0.47	-0.58	-0.25	-0.47
YHR169W	0.07	0.2	0.41	-0.71	-0.97	-0.42	-0.86
YGL155W	-0.01	0.14	0.21	-0.3	-0.36	-0.09	-0.43
YDR331W	0.03	0.26	0.25	-0.6	-0.49	-0.45	-0.67
YBR295W	0.08	0.12	0.19	-0.47	-0.34	-0.42	-0.56
YHR072W	0.3	0.29	0.3	-0.6	-0.51	-0.47	-0.81
YOL115W	-0.1	0.03	0.3	-0.76	-0.38	-0.4	-0.84
YGR251W	-0.01	-0.06	0.25	-0.69	-0.36	-0.22	-0.56
YDR227W	0.04	0.03	0.11	-0.42	-0.17	-0.12	-0.38
YNL254C	0.01	0.03	0.15	-0.32	-0.23	-0.07	-0.29
YGL171W	0.11	0.03	0.52	-0.81	-0.6	-0.4	-0.79
YOR195W	0.08	0.04	0.34	-0.32	-0.42	-0.18	-0.38
YOR047C	-0.03	0.07	0.41	-0.4	-0.43	-0.12	-0.56
YOR048C	0.04	0.04	0.52	-0.4	-0.51	-0.1	-0.6
YOR208W	0	-0.01		-0.54	-0.62	-0.1	-0.67
YOR056C	0.08	-0.1	0.48	-0.56	-0.38	-0.09	-0.67
YNL239W	0.07	0.04	0.26	-0.34	-0.23	0.12	
YDR087C	0.11	0.03	0.56	-0.67	-0.71	0.14	-0.76
YHR135C	-0.1	0.06	0.16	-0.38	-0.29	0.08	
YOR010C	-0.03	0.01	0.14	-0.25	-0.18	0.03	-0.47
YER042W	-0.06	-0.03	0.19	-0.42	-0.54	0.11	-0.74
YKL116C	-0.17	-0.06	0.08	-0.62	-0.64	0.11	-0.84
YMR102C	0	0	-0.01	-0.18	-0.23	0.11	-0.38
YDR434W	0.03	-0.06	0.08	-0.3	-0.34	0.15	-0.56
YKL047W	0.07	0	0.12	-0.27	-0.27	0.21	-0.58
YOL142W	-0.01	-0.27	0.2	-0.51	-0.43	0.14	-0.76
YOR287C	0.06	-0.17	0.16	-0.74	-0.47	-0.01	-0.97
YPL105C	0.08	0.03	0.12	-0.62	-0.38	0.07	-0.6
YHR131C	0.08	0.12	0.06	-0.4	-0.3	0.03	-0.4
YKL139W	0.14	0.04	0.01	-0.34	-0.36	0.08	-0.4
YOR271C	0.3	-0.01	0.11	-1.06	-1.09	-0.32	-1.56
YNL068C	0.07	-0.03	0.11	-0.45	-0.56	-0.18	-0.67
YOR145C	0.25	0.14	0.48	-0.71	-0.94	-0.3	-1.18
YGL099W	0.25	0.14	0.34	-0.74	-0.69	-0.17	-1.03
YGR271C-A	0.06	0.07	0.2	-0.51	-0.4	-0.09	-0.62
YML080W	0.04	0.08	0.12	-0.56	-0.58	-0.06	-0.67
YHR066W	0.03	0.12	0.3	-0.6	-0.67	0.03	-1
YIL127C	0	0.15	0.21	-0.62	-0.69	0.07	-0.92
YKR024C	0.14	0.26	0.21	-0.81	-1.09	0	-1.29
YGR177C	-0.04	0.48	0.19	-0.92	-1.12	0.03	-1.4
YHR062C	-0.1	0.14	0.12	-0.4	-0.51	0.03	-0.6
YJL179W	-0.07	0.04	0.15	-0.18	-0.23	0.03	-0.27
YHR127W	-0.01	0	0.25	-0.27	-0.56	0.21	-0.58
YDR257C	-0.01	0.07	0.3	-0.1	-0.54	-0.04	-0.49
YJL074C	-0.01	0.16	0.41	-0.18		-0.1	-0.92
YJR132W	0.08	0.11	0.56	-0.27	-0.47	-0.18	-0.92
YML125C	0.03	0.08	0.64	-0.23	-0.6	-0.07	-0.92
YPR121W	0.03	-0.03	0.36	-0.15	-0.3	-0.06	-0.4
YNL249C	-0.03	-0.07	0.52	-0.17	-0.34	0	-0.67
YIL142W	0.06	0.08	0.4	-0.27	-0.51	-0.01	-0.97
YDR083W	0.15	0.16	0.54	-0.58	-0.58	-0.1	-1.47
YFR038W	-0.04	0.15	0.3	-0.38	-0.23	-0.03	-0.58
YNL261W	-0.14	0.11	0.29	-0.27	-0.3	0.03	-0.71
YDR308C	-0.04	0.08	0.29	-0.18	-0.18	0.08	-0.42
YGL105W	0.38	0.03	0.4	-0.49	-0.36	0.04	-1.15
YNL151C	0.29	0.11	0.32	-0.27	-0.3	-0.17	-0.62
YJL117W	0.43	0.38	0.34	-0.67	-0.47	-0.14	-0.89
YDR427W	0.38	0.21	0.12	-0.51	-0.34	-0.06	-0.69
YMR285C	0.16	0.15	0.06	-0.4	-0.27	-0.01	-0.76
YML038C	0.08	0.26	0.14	-0.32	-0.27	-0.01	-0.69
YPR118W	0.36	0.52	0.36	-0.34	-0.67	0.24	-1.29
YKR008W	0.38	0.29	0.26	-0.27	-0.42	0.08	-0.62
YLR052W	0.24	0.14		-0.25	-0.32	0.15	-0.54
YDR484W	0.21	0.06	0.19	-0.1	-0.25	0.11	-0.42
YER112W	0.3	0.11	0.15	-0.23	-0.49	0.03	-0.51
YAL004W	0.15	0.08	0.08	-0.04	-0.2	0.03	-0.18
YAL005C	0.12	0.04	0.04	-0.01	-0.12	0.01	-0.15
YBL004W	0.19	0.45	0.12	-0.22	-0.47	-0.18	-0.49
YBR112C	0.14	0.38	0	-0.25	-0.36	-0.18	-0.38
YDL031W	0.07	0.38	0.06	-0.45	-0.54	-0.27	-0.62
YGR198W	0.15	0.3	0.06	-0.49	-0.51	-0.17	-0.62
YHR108W	0.21	0.56	0.25	-0.54	-0.49	-0.23	-0.92
YML114C	0.01	0.14	0.08	-0.17	-0.36	0.03	-0.51
YFR005C	0.08	0.5	0.06	-0.34	-0.84	-0.18	-1.22
YLR386W	0.25	0.21	-0.03	-0.2	-0.42	-0.14	-0.76
YLR291C	0.32	0.19	0.01	-0.43	-0.89	-0.22	-1.29
YDL155W	0.15	0.19	-0.06	-0.18	-0.54	-0.17	-0.69
YJL212C	0.2	0.24		-0.43	-0.67	-0.09	-0.92
YPL069C	0.16	0.12	-0.03	-0.47	-0.58	-0.04	-0.76
YLR074C	0.15	0.04	0	-0.27	-0.49	-0.06	-0.56
YLR096W	0.19	0.25	-0.1	-0.4	-0.79	-0.23	-0.79
YPR186C	0.15	0.15	0.01	-0.32	-0.43	-0.18	-0.49
YKL182W	0.15	0.11	-0.04	-0.27	-0.36	-0.18	-0.38
YLR461W	0.14	0.03	-0.1	-0.23	-0.36	-0.09	-0.43
YGL043W	0.14	0.16	0	-0.12	-0.36	-0.23	-0.51
YDR053W	0.06	0.21	-0.01	-0.15	-0.43	-0.3	-0.6
YPL192C	0.03	0.21	0.07	-0.15	-0.3	-0.2	-0.49
YHR148W	0.03	0.48	0.04	-0.45	-0.67	-0.47	-1.06
YER089C	-0.06	0.29	-0.03	-0.23	-0.42	-0.32	-0.81
YCL001W	-0.07	0.3	0.04	-0.12	-0.22	-0.36	-0.67
YER183C	0.01	0.36	0.01	-0.1	-0.27	-0.34	-0.6
YDL003W	0	0.07	0.38	0	-0.69	-0.45	-1.06
YLR303W	0.21	0.24	0.45	-0.01	-0.64	-0.4	-1.51
YGL148W	0.07	0.26	0.29	-0.18	-0.43	-0.3	-1.29
YIL009W	0.07	0.41	0.25	-0.07	-0.45	-0.27	-0.89
YBR042C	-0.2	0.3	0.2	-0.18	-0.6	-0.51	-1.43
YER171W	0.03	0	0.32	-0.18	-0.2	-0.09	-0.84
YGR091W	0.06	-0.12	0.38	-0.25	-0.32	-0.14	-0.84
YPL044C	-0.01	-0.12	0.4	-0.18	-0.67	-0.34	-1.29
YGR173W	0.04	-0.1	0.3		-0.51	-0.34	-1.29
YPL254W	0.08	-0.09	0.29	-0.1	-0.38	-0.22	-1
YJR150C	0.06	0		-0.04	-0.22	-0.15	-0.62
YBL077W	-0.07	0.01	0.52	-0.12	-0.54	-0.43	-1.47
YJR013W	-0.06	-0.07	0.15	-0.1	-0.18	-0.1	-0.42
YDR280W	-0.14	-0.18	0.43	-0.43	-0.54	-0.22	-1.15
YPL086C	0.01	-0.12	0.41	-0.29	-0.69	-0.23	-0.94
YJR124C	-0.12	-0.1	0.38	-0.49	-0.71	-0.29	-1.06
YLR336C	-0.01	-0.1	0.34	-0.56	-0.94	-0.43	-1.4
YOL124C	0.07	-0.17	0.41	-0.86	-0.89	-0.23	-1.94
YOR004W	0.04	-0.2	0.3	-0.71	-0.74	-0.2	-1.4
YGR187C	0.2	-0.22	0.43	-0.74	-0.74	-0.23	-1.47
YDR120C	-0.03	-0.1	0.4	-0.62	-0.47	-0.1	-1
YDR172W	0.24	0.07	0.21	-0.42	-0.38	-0.18	-0.92
YCL059C	0.36	0.06	0.45	-0.69	-0.71	-0.34	-1.69
YKR060W	0.15	0.07	0.36	-0.27	-0.36	-0.3	-0.86
YDR212W	0.08	0.16	0.41	-0.29	-0.6	-0.42	-1.22
YLR003C	0.24	0.26	0.43	-0.43	-0.67	-0.43	-1.4
YMR277W	0.07	0.19	0.3	-0.36	-0.43	-0.3	-1.15
YGL120C	0.12	0.21	0.38		-0.47	-0.32	-1.29
YOR360C	0.06	0.14	0.24	-0.36	-0.34	-0.25	-0.94
YMR211W	0.04	0.08	0.16	-0.42	-0.51	-0.3	-1.06
YLR276C	0.03	0.14	0.32	-0.62	-0.86	-0.67	-1.64
YDR496C	0.16	0.15	0.3	-0.56	-0.86	-0.81	-1.89
YNL248C	0.19	0.04	0.38	-0.62	-0.76	-0.71	-1.74
YER126C	0.16	0.14	0.4	-0.49	-0.64	-0.6	-1.47
YPL146C	0.14	0.08	0.24	-0.4	-0.45	-0.42	-0.92
YLR051C	0.15	0.19	0.26	-0.42	-0.4	-0.36	-0.97
YKL172W	0.12	0.21	0.3	-0.74	-0.56	-0.42	-1.4
YOR207C	0.04	0.3	0.36	-0.64	-0.62	-0.34	-1.22
YHR099W	0.03	-0.03	0.12	-0.27	-0.1	-0.2	-0.43
YPL050C	-0.04	-0.15	0.2	-0.42	-0.27	-0.43	-1.03
YJL193W	0.15	-0.12	0.14	-0.34	-0.27	-0.29	-1.03
YGR185C	0.34	-0.23	0.14	-0.58	-0.67	-0.58	-1.6
YNL255C	0.2	-0.18	0	-0.49	-0.58	-0.6	-1.47
YGR017W	0.07	-0.04	0.01	-0.14	-0.2	-0.22	-0.49
YHR183W	-0.09	0.06	0.04	-0.32	-0.23	-0.32	-0.64
YGL204C	-0.1	0.06	0.01	-0.22	-0.1	-0.18	-0.47
YEL061C	-0.1	0.15	0.06	-0.25	-0.07	-0.18	-0.56
YKL128C	-0.12	0.14	0.14	-0.36	-0.17	-0.23	-0.89
YLR018C	-0.01	0.14	0.15	-0.27	-0.23	-0.17	-0.81
YKL122C	-0.01	0.08	0.07	-0.43	-0.01	-0.32	-0.97
YJR070C	0.19	0.25	0.38	-0.69	-0.06	-0.64	-1.36
YLR405W	0.15	0.11	0.26	-0.4	-0.17	-0.54	-1
YML031W	0.16	0.12	0.19	-0.36	-0.18	-0.32	-0.92
YHR076W	0.11	0	-0.06	-0.27	-0.12	-0.18	-0.49
YIL026C	0.24	-0.03	0.01	-0.17	-0.09	-0.27	-0.58
YIL128W	0.08	0.01	-0.1	-0.42	-0.14	-0.62	-1.43
YHR208W	0.2	0.19	0.11	-0.71	-0.3	-1	-2.12
YBR088C	0.41	0.14	-0.06	-0.58	-0.34	-0.69	-1.47
YLR357W	0.26	0.08	-0.07	-0.25	-0.23	-0.4	-0.81
YLR192C	0.29	0.06		-0.38	-0.3	-0.64	-1.29
YDL143W	0.24	0.12	-0.03	-0.42	-0.38	-0.62	-1.4
YOR344C	0.11	0.15	-0.1	-0.3	-0.23	-0.51	-1.32
YGR151C	0.12	0.21	-0.06	-0.27	-0.3	-0.47	-1.22
YJL076W	0.08	0.16	0.04	-0.23	-0.25	-0.42	-1.03
YLR106C	0.03	0.08	-0.03	-0.15	-0.14	-0.17	-0.47
YML008C	0.34	0.29	0	-0.54	-0.42	-0.62	-1.74
YNL058C	0.16	0.14	-0.15	-0.18	-0.23	-0.36	-0.81
YKR026C	0.36	0.29	0.01	-0.1	-0.3	-0.79	-1.56
YFL001W	0.15	0.15	-0.01	-0.07	-0.12	-0.2	-0.42
YJL197W	0.01	0.19	-0.12	-0.17	-0.18	-0.1	-0.94
YNL238W	-0.01	0.19	-0.27	-0.47	-0.43	-0.1	-1.36
YLR226W	0.11	0.14	-0.18	-0.36	-0.29	-0.17	-1.03
YKL115C	0.03	0.15	-0.06	-0.25	-0.15	-0.18	-0.71
YDL100C	0.06	0.25	-0.03	-0.17	-0.36	-0.23	-0.97
YLR358C	0	0.16	-0.06	-0.18	-0.32	-0.23	-1
YML127W	0.01	0.14	0.08	-0.18	-0.27	-0.3	-1.06
YJL168C	0.04	0	-0.06	-0.25	-0.36	-0.17	-1.09
YGR037C	0.16	0.01	0.01	-0.29	-0.3	-0.25	-1.32
YGR261C	0.16	0.08	0.07	-0.27	-0.23	-0.17	-0.92
YPR129W	0.11	0.07	0.04	-0.29	-0.3	-0.1	-0.84
YLL002W	0.11	0.06	0.03	-0.27	-0.18	-0.09	-0.58
YER062C	0.15	-0.03	0.14	-0.51	-0.25	-0.17	-1.64
YPR133C	-0.03	-0.06	0.07	-0.27	-0.12	-0.09	-0.92
YLR041W	0.06	-0.09	0	-0.22	-0.15	0.04	-0.71
YBR082C	0.19	-0.06	-0.03	-0.38	-0.3	0	-1.09
YHR027C	0.16	0		-0.2	-0.22	0.04	-0.71
YPR103W	0.01	-0.04	-0.14	-0.51	-0.22	-0.04	-1.09
YPL282C	0.14	0.07	0.11	0.14	-0.22	-0.2	-0.62
YBR118W	0.32	0.25	0.15	-0.01	-0.56	-0.2	-1
YNR076W	0.16	0.07	0.03	0.01	-0.3	-0.04	-0.45
YCR027C	0.17	0	0.09	-0.12	-0.13	-0.09	-0.55
YBR198C	0.26	0.2	0.07	-0.22	-0.18	-0.03	-0.6
YMR130W	0.24	0.3	0.15	-0.18	-0.3	-0.06	-1.03
YML046W	0.25	0.14	0	-0.18	-0.38	-0.03	-0.94
YBR080C	0.19	0.12	-0.03	-0.09	-0.18	0.04	-0.56
YMR020W	0.11	0.06	0.06	-0.06	-0.1	0.04	-0.56
YGR229C	0.25	0.15		-0.15	-0.1	0.06	-1.03
YER160C	0.15	0.12	0.07	-0.07	-0.06	-0.01	-0.58
YDR002W	0.26	0.34	0.29	0	-0.17	0.01	-1.22
YDL219W	0.12	0.43	0.19	0.04	-0.23	-0.27	-1.12
YDR226W	0.16	0.38	0.07	-0.12	-0.09	-0.29	-1.51
YML069W	0.32	0.29	0.04	-0.04	-0.09	-0.03	-0.74
YBL002W	0.34	0.32	0.11	-0.09	0	0.04	-0.58
YDL108W	-0.1	0.29	0.19	-0.1	-0.32	0.06	-0.43
YGL110C	-0.01		0.25	-0.3	-0.43	-0.07	-0.71
YKR079C	0.07	0.41	0.4	-0.27	-0.56	-0.1	-0.86
YBR210W	0.03	0.38	0.21	-0.14	-0.47	-0.1	-0.43
YDR117C	0.11	0.24	0.06	-0.03	-0.43	0.07	-0.51
YNL107W	-0.09	0.41	-0.09	-0.23	-0.62	0.14	-0.84
YOR166C	-0.29	0.43	-0.09	-0.18	-0.54	0	-0.94
YGR119C	-0.12	0.24	0.21	-0.34	-0.1	-0.15	-0.6
YDR026C	-0.27	0.07	0.07	-0.18	-0.15	-0.15	-0.56
YPR037C	-0.18	0.07	-0.06	-0.27	-0.01	-0.2	-0.69
YNL170W	-0.07	-0.06	-0.1	-0.45	-0.09	-0.27	-0.3
YFR051C	-0.1	-0.14	-0.09	-0.45	-0.04	-0.27	-0.36
YPR174C	-0.22	-0.14	-0.06	-0.56	-0.01	-0.47	-0.62
YJR002W	-0.04	-0.23	-0.2	-0.4	0.03	-0.62	-0.67
YNR021W	0.06	-0.22	-0.2	-0.74	-0.27	-0.89	-1.15
YMR319C	-0.14	0.01	-0.23	-0.56	-0.12	-0.69	-0.94
YOR239W	-0.03	0.03	0.06	-0.56	-0.04	-0.54	-0.81
YPR089W	0.07	0.06	0	-0.62	0.01	-0.51	-0.74
YCL019W	0.06	0.08	-0.1	-0.58	-0.1	-0.36	-0.71
YOR039W	-0.01	0.16	-0.18	-0.58	-0.04	-0.32	-0.54
YML064C	-0.03	0.14	-0.06	-0.23	-0.1	-0.22	-0.34
YDR094W	-0.43	-0.1	0.32	-0.27	-0.36	-0.56	-0.54
YKR063C	-0.22	0.03	0.24	-0.15	-0.18	-0.43	
YGR116W	-0.1	0	0.15	0.01	-0.22	-0.34	-0.51
YPL281C	-0.09	0.01	0.11	-0.06	-0.3	-0.42	-0.76
YDL043C	-0.17	-0.1	0.12	-0.04	-0.23	-0.25	-0.54
YOR300W	-0.23	0.06	0.08	-0.2	-0.29	-0.3	-0.6
YML014W	-0.25	-0.01	0.14	-0.27	-0.29	-0.36	-0.74
YMR231W	-0.1	-0.12	0.07	-0.15	-0.27	-0.3	-0.49
YBL085W	-0.14	-0.1	0.08	-0.23	-0.38	-0.36	-0.58
YDR400W	-0.09	-0.06	0.14	-0.27	-0.51	-0.36	-0.74
YDR222W	-0.27	-0.25	0.24	-0.15	-0.69	-0.4	-0.81
YFR031C	-0.3	-0.22	0.04	0.03	-0.45	0.03	-1.12
YNL129W	-0.12	-0.34	0.04	0.06	-0.3	-0.1	-0.76
YDR416W	-0.3	-0.42	-0.04	-0.12	-0.45	-0.07	-0.94
YOL056W	-0.29	-0.4	-0.1	-0.07	-0.34	-0.1	-0.86
YOR314W	-0.23		-0.07	-0.1	-0.38	-0.09	-1.03
YKL206C	-0.3	-0.32	-0.25	-0.1	-0.3	-0.1	-1.06
YPL040C	-0.1	-0.17	-0.15	0.03	-0.34	-0.03	-0.58
YIL044C	-0.03	-0.22	0.04	-0.12	-0.43	-0.17	-0.67
YKL112W	-0.06		0.04	-0.23	-0.36	-0.1	-0.74
YGL116W	-0.27	-0.34	0.14	-0.43	-0.67	-0.22	-1.29
YNL001W	-0.2	-0.09	-0.01	-0.32	-0.22	-0.23	-0.81
YGR063C	-0.12	-0.03	0.01	-0.27	-0.12	-0.1	-0.64
YNL281W	-0.09	-0.07	-0.06	-0.23	-0.09	-0.07	-0.6
YIL035C	-0.1	-0.15	-0.1	-0.34	-0.23	-0.15	-1.22
YBR171W	-0.15	0	-0.03	-0.4	-0.23	-0.29	-1.43
YLR022C	-0.07	-0.23	0.08	-0.1	-0.38	-0.36	-1.12
YJL030W	-0.07	-0.1	0.07	-0.03	-0.09	-0.1	-0.42
YDR390C	-0.15	-0.1	0.06	-0.15	-0.2	-0.2	-1
YIL034C	-0.1	-0.1	0.03	-0.15	-0.1	-0.1	-0.47
YDL166C	-0.1	-0.23	0.03	-0.25	-0.18	-0.18	-0.94
YBR087W	-0.04	-0.27	-0.04	-0.18	-0.3	-0.14	-1.18
YGR275W	-0.15	-0.3	0.03	-0.14	-0.25	-0.09	-0.92
YJL134W	-0.1	-0.36	0	-0.18	-0.3	-0.17	-0.92
YLR314C	0.08	-0.29	0.07	-0.34	-0.4	0	-1.22
YER032W	0.01	-0.25	-0.03	-0.27	-0.27	-0.09	-0.84
YNL114C	-0.03	-0.42	-0.14	-0.62	-0.67	-0.2	-1.94
YFR028C	-0.04	-0.18	-0.1	-0.2	-0.47	-0.06	-1.22
YNL260C	-0.06	-0.07	-0.04	-0.14	-0.27	-0.01	-0.67
YBR197C	-0.01	-0.15	-0.01	-0.22	-0.43	-0.01	-0.86
YOL158C	-0.03	-0.1	0.07	-0.18	-0.32	-0.17	-0.81
YCR104W	-0.06	-0.09	0.03	-0.14	-0.23	-0.09	-0.79
YPL235W	-0.09	-0.01	0	-0.23	-0.27	-0.07	-0.84
YOR212W	-0.07	-0.04	0.2	-0.18	-0.27	-0.07	-1.03
YPR181C	-0.03	-0.09	0.14	0.01	-0.22	-0.07	-0.79
YNL153C	-0.03	-0.2	0.16	-0.1	-0.3	-0.03	-1.12
YAR002W	-0.03	-0.34	0.25	-0.18	-0.32	-0.06	-1.32
YOL145C	0.06	-0.09	0.04	-0.12	-0.06	-0.14	-0.54
YGL122C	0.07	-0.12	0		-0.27	-0.3	-1.06
YIL110W	0.04	-0.17	0.04	-0.4		-0.42	-1.51
YHR107C	-0.03	-0.12	-0.01	-0.23	-0.12	-0.22	-0.84
YNL067W	0.04	-0.36	-0.14	-0.4	-0.23	-0.71	-2.4
YAR007C	-0.17	-0.32	-0.23	-0.27	-0.17	-0.51	-1.43
YJL160C	-0.04	-0.36	-0.18	-0.09	-0.27	-0.43	-1.29
YJR043C	-0.12	-0.42	-0.15	-0.32	-0.34	-0.36	-1.43
YIL021W	-0.09	-0.47	-0.14	-0.27	-0.3	-0.45	-1.15
YNL082W	0.04	-0.29	-0.12	-0.2	-0.14	-0.34	-0.79
YPR117W	0.01	-0.18	-0.14	-0.18	-0.17	-0.3	-0.67
YJR092W	0.04	-0.27	-0.1	-0.3	-0.3	-0.42	-1.22
YJL154C	0.03	-0.27	-0.2	-0.42	-0.1	-0.4	-1.29
YGL070C	-0.1	-0.34	-0.14	-0.49	-0.18	-0.3	-1.25
YNL057W	0	-0.29	-0.17	-0.4	-0.2	-0.34	-0.92
YOR304W	-0.18	-0.09	-0.12	-0.2	-0.06	-0.3	-0.62
YJL202C	-0.29	-0.27	-0.15	-0.38	-0.22	-0.49	-0.81
YDL209C	-0.2	-0.27	-0.12	-0.43	-0.22	-0.43	-0.81
YOR225W	-0.17	-0.15	-0.12	-0.4	-0.18	-0.3	-0.74
YJR140C	-0.18	-0.18	-0.18	-0.34	-0.23	-0.38	-0.81
YJR076C	-0.15	-0.23	-0.18	-0.36	-0.18	-0.43	-0.92
YIR021W	-0.3	-0.38	-0.22	-0.43	-0.3	-0.34	-1.32
YNL099C	-0.23	-0.38	-0.18	-0.36	-0.17	-0.4	-1.09
YPR105C	-0.3	-0.36	-0.27	-0.36	-0.18	-0.4	-0.97
YOR163W	-0.42	-0.43	-0.29	-0.36	-0.34	-0.56	-1.18
YLR008C	-0.27	-0.51	-0.43	-0.32	-0.36	-0.62	-1.32
YPL216W	-0.23	-0.47	-0.12	-0.3	-0.38	-0.6	-0.94
YML061C	-0.23	-0.36	-0.15	-0.36	-0.34	-0.62	-1
YMR207C	-0.1	-0.29	-0.09	-0.25	-0.23	-0.43	-0.74
YGL216W	-0.18	-0.42	-0.06	-0.36	-0.38	-0.51	-1.09
YMR123W	-0.15	-0.54	-0.12	-0.32	-0.6	-0.74	-1.4
YKL075C	0	-0.18	-0.1	-0.12	-0.3	-0.32	-0.67
YGL150C	-0.04	-0.22	-0.1	-0.17	-0.29	-0.34	-0.81
YDR440W	-0.23	-0.3	-0.15	-0.32	-0.4	-0.56	-1.32
YJL222W	-0.12	-0.18	-0.1	-0.09		-0.27	-0.58
YDR215C	-0.19	-0.16	-0.22	-0.21	-0.31	-0.42	-0.79
YPL279C	-0.2	-0.15	-0.03	-0.3	-0.34	-0.34	-0.79
YDR052C	-0.22	-0.12	-0.1	-0.27	-0.47	-0.47	-1.09
YLR021W	-0.27	-0.2	-0.03	-0.15	-0.6	-0.67	-1.22
YHL013C	-0.12	-0.18	-0.06	-0.34	-0.74	-0.67	-1.29
YJL128C	-0.09	-0.3	-0.06	-0.18	-0.45	-0.18	-0.71
YLR194C	-0.17	-0.36	-0.18	-0.25	-0.56	-0.22	-0.89
YGL224C	-0.2	-0.23	-0.09	-0.23	-0.45	-0.14	-0.69
YGL050W	-0.15	-0.15	-0.06	-0.18	-0.4	-0.18	-0.49
YOL008W	-0.1	-0.27	-0.14	-0.4	-0.58	-0.25	-0.86
YNL229C	-0.07	-0.23	-0.1	-0.36	-0.43	-0.23	-0.69
YLR124W	-0.18	-0.23	-0.18	-0.27	-0.29	-0.17	-0.67
YLR302C	-0.3	-0.4	-0.3	-0.4	-0.36	-0.34	-0.92
YGR291C	-0.2	-0.23	-0.27	-0.3	-0.27	-0.27	-0.69
YNR026C	-0.45	-0.71	-0.4	-0.56	-0.67	-0.71	-1.47
YML010W	-0.15	-0.4	-0.22	-0.27	-0.47	-0.45	-0.79
YLL059C	-0.23	-0.32	-0.3	-0.3	-0.51	-0.34	-0.71
YMR032W	-0.18	-0.34	-0.23	-0.32	-0.51	-0.25	-0.79
YDR446W	-0.43	-0.56	-0.42	-0.64	-0.94	-0.67	-1.94
YJL173C	-0.17	-0.27	-0.17	-0.34	-0.56	-0.4	-0.94
YGR293C	-0.23	-0.56	-0.42	-0.62	-0.74	-0.71	-1.25
YNR074C	-0.29	-0.51	-0.49	-0.74	-0.71	-0.69	-1.29
YPR085C	-0.27	-0.36	-0.34	-0.64	-0.58	-0.51	-1
YCL063W	-0.27	-0.36	-0.49	-0.79	-0.89	-0.74	-1.43
YPL251W	-0.3	-0.29	-0.29	-0.49	-0.47	-0.51	-0.79
YDL211C	-0.25	-0.34	-0.58	-0.76	-0.67	-0.56	-1.25
YPL258C	-0.07	-0.22	-0.34	-0.27	-0.47	-0.34	-0.81
YLR104W	0.04	-0.2	-0.15	-0.17	-0.38	-0.3	-0.67
YHR117W	0.01	-0.4	-0.29	-0.38	-0.54	-0.4	-1.22
YOL068C	0.03	-0.43	-0.18	-0.25	-0.47	-0.32	-0.92
YMR043W	-0.03	-0.29	-0.27	-0.23	-0.3	-0.3	-0.71
YNL021W	-0.01	-0.17	-0.3	-0.4	-0.3	-0.34	-0.97
YLR224W	-0.1	-0.23	-0.56	-0.62	-0.71	-0.6	-1.64
YDL012C	0.01	-0.2	-0.25	-0.34	-0.43	-0.3	-0.79
YIL130W	0	-0.22	-0.32	-0.58	-0.71	-0.51	-1.25
YDL163W	-0.04	-0.18	-0.18	-0.38	-0.42	-0.27	-0.76
YKL224C	-0.04	-0.23	-0.18	-0.4	-0.4	-0.29	-0.86
YEL034W	-0.07	-0.4	-0.25	-0.69	-0.69	-0.71	-1.69
YLR292C	-0.1	-0.27	-0.18	-0.34	-0.47	-0.43	-1.06
YML065W	-0.14	-0.2	-0.15	-0.36	-0.43	-0.3	-1.03
YKR073C	-0.09	-0.22	-0.27	-0.47	-0.43	-0.25	-1.09
YLR268W	0.03	-0.27	-0.32	-0.43	-0.56	-0.23	-1.32
YNR047W	0	-0.14	-0.2	-0.23	-0.14	-0.14	-0.58
YNL108C	0.16	-0.25	-0.27	-0.56	-0.42	-0.18	-1.06
YML092C	0.06	-0.14	-0.3	-0.6	-0.25	-0.27	-0.71
YKL024C	-0.03	-0.32	-0.4	-0.79	-0.36	-0.25	-0.94
YDL241W	0.04	-0.43	-0.32	-0.92	-0.64	-0.3	-0.86
YJL174W	-0.1	-0.3	-0.18	-0.74	-0.47	-0.32	
YGL247W	-0.1	-0.2	-0.15	-0.49	-0.3	-0.27	-0.62
YKR045C	-0.01	-0.3	-0.42	-0.74	-0.67	-0.36	-1.06
YMR310C	0.16	-0.49	-0.38	-1.22	-1.15	-0.6	-1.94
YNL152W	-0.01	-0.3	-0.12	-0.47	-0.36	-0.12	-0.67
YLR095C	0.03	-0.32	-0.14	-0.4	-0.32	-0.27	-0.58
YBR291C	-0.06	-0.22	-0.32	-0.81	-0.56	-0.62	-1.12
YOR322C	-0.12	-0.15	-0.07	-0.54	-0.43	-0.29	-0.81
YBR108W	-0.07	-0.12	-0.04	-0.22	-0.17	-0.14	-0.45
YEL018W	-0.42	-0.09	-0.36	-0.74	-0.56	-0.1	-1.25
YDR432W	-0.18	-0.27	-0.4	-0.81	-0.45	-0.22	-1.29
YLR200W	-0.15	-0.15	-0.2	-0.67	-0.38	-0.18	-0.97
YGR078C	-0.23	-0.15	-0.1	-0.58	-0.23	-0.17	-0.71
YMR150C	-0.22	-0.2	-0.12	-0.36	-0.25	-0.18	-0.67
YPR088C	-0.23	-0.23	-0.01	-0.42	-0.22	-0.06	-0.64
YLR016C	-0.32	-0.34	-0.04	-0.42	-0.27	-0.14	-0.84
YBR012C	-0.27	-0.42	-0.09	-0.56	-0.49	-0.18	-1.12
YJR141W	-0.12	-0.22	0.03	-0.3	-0.27	-0.14	-0.54
YNL299W	-0.1	-0.43	0.14	-0.79	-0.67	-0.1	-1.32
YDR370C	-0.18	-0.3	0.06	-0.67	-0.6	-0.2	-0.94
YJL178C	-0.18	-0.23	0.03	-0.64	-0.43	-0.18	
YLR077W	-0.03	-0.12	0	-0.2	-0.1	-0.01	-0.32
YNL032W	-0.1	-0.18	-0.07	-0.4	-0.15	-0.01	-0.51
YGL052W	-0.1	-0.12	0.01	-0.27	-0.1	0.01	-0.36
YML107C	-0.07	-0.22	0.07	-0.56	-0.27	-0.23	-0.56
YDR441C	0	-0.18	-0.01	-0.62	-0.47	-0.22	-0.56
YOR130C	0.07	-0.47	-0.1	-0.45	-0.22	-0.1	-0.62
YLL043W	0.07	-0.56	-0.22	-0.34	-0.42	-0.17	-1.03
YFR008W	0	-0.29	-0.06	-0.2	-0.22	-0.06	-0.62
YDL179W	0.01	0.38	-0.42	-0.6	-0.71	-0.54	-1.12
YCL037C	-0.03	0.38	-0.84	-0.94	-0.97	-0.81	-1.64
YDL127W	0.19	0.32	-0.6	-0.64	-0.42	-0.43	-0.92
YGR035C	-0.07	-0.22	-0.54	-0.76	-0.51	-0.15	-0.62
YDL047W	0	-0.14	-0.3	-0.56	-0.43	-0.1	-0.54
YLR187W	-0.14	-0.25	-0.47	-0.81	-0.71	-0.18	-0.94
YGL128C	-0.23	-0.23	-0.69	-0.74	-0.74	-0.27	-1.09
YJL209W	0.06	-0.06	-0.32	-0.43	-0.56	-0.01	-0.6
YNL035C	0.04	-0.18	-0.27	-0.25	-0.45	-0.18	-0.58
YGR079W	0.03	-0.15	-0.62	-0.43	-1.03	-0.43	-0.94
YKL092C	-0.03	-0.03	-0.1	-0.18	-0.36	-0.14	-0.34
YNL027W	0.06	-0.3	-0.27	-0.32	-0.42	-0.4	-0.43
YNL078W	0.12	-0.42	-0.64	-0.74	-1	-0.6	-0.84
YNL039W	0.11	-0.25	-0.27	-0.38	-0.42	-0.25	-0.38
YLR116W	0.2	-0.15	-0.32	-0.36	-0.54	-0.3	-0.36
YNL158W	0.11	-0.1	-0.14	-0.27	-0.22	-0.18	-0.23
YER075C	0.29	-0.09	-0.62	-0.92	-0.84	-0.74	-0.86
YGL209W	0.19	-0.06	-0.64	-0.71	-0.49	-0.56	-0.64
YLR019W	0.11	-0.18	-0.4	-0.45	-0.36	-0.43	-0.58
YGL127C	-0.03	-0.18	-0.42	-0.42	-0.36	-0.32	-0.54
YJL194W	-0.18	-0.69	-1.18	-1.4	-1.32	-1.32	-1.89
YDL041W	-0.01	-0.18	-0.38	-0.56	-0.51	-0.56	-0.67
YBR135W	0.06	-0.22	-0.3	-0.62	-0.45	-0.62	-0.54
YNL297C	-0.06	-0.01	-0.34	-0.3	-0.27	-0.4	-0.45
YMR287C	0.19	0.06	-0.14	-0.15	-0.42	-0.3	-0.71
YNL064C	0.21	-0.04	-0.15	-0.27	-0.47	-0.36	-0.79
YDR310C	0.03	-0.04	-0.25	-0.18	-0.54	-0.38	-0.89
YBL023C	-0.3	0.16	0.06	-0.4	-0.64	-0.27	-1.09
YOR160W	-0.14	0.08		-0.32	-0.6	-0.32	-0.97
YGL066W	-0.14	0.07	-0.14	-0.2	-0.32	-0.17	-0.58
YAL033W	-0.18	0.01	-0.23	-0.36	-0.47	-0.23	-0.71
YPR003C	-0.18	0.07	-0.1	-0.23	-0.23	-0.18	-0.49
YBL071C	-0.27	0.24	-0.1	-0.86	-0.81	-0.51	-1.32
YLR328W	-0.01	-0.04	-0.3	-0.74	-0.89	-0.45	
YPL256C	-0.01	-0.1	-0.43	-0.84	-1.09	-0.51	-2.12
YPL208W	-0.1	0.01	-0.03	-0.25	-0.36	-0.23	-0.81
YFR055W	0	0.12	-0.06	-0.84	-0.89	-0.6	-2.25
YLL011W	0	0.06	0.08	-0.42		-0.3	-1.18
YPR119W	0.06	0	-0.09	-0.49	-0.54	-0.15	-1.06
YML043C	0.12	0.11	-0.07	-0.69	-0.58	-0.09	-1.47
YJL200C	-0.04	0.01	0.01	-0.56	-0.69	-0.23	-1.06
YLR400W	-0.12	-0.04	0.06	-0.42	-0.43	-0.1	-0.74
YDR472W	-0.07	0.14	-0.01	-0.34	-0.4	-0.1	-0.76
YKL078W	-0.04	-0.01	0.04	-1.12	-0.97	-0.71	-1.89
YGR081C	0.03	-0.12	0.15	-0.49	-0.43	-0.3	-0.86
YGR083C	0.12	0	0.2	-0.69	-0.51	-0.36	-1.32
YDR340W	0.11	0.14	0.06	-0.2	-0.29	-0.15	-0.51
YBR246W	0.12	0.19	0	-0.43	-0.49	-0.3	-1.03
YLR426W	0.08	0.06	-0.07	-0.15	-0.18	-0.12	-0.43
YDR353W	0.15	0.06	-0.32	-0.62	-0.49	-0.15	-1.03
YLL024C	0.21	0.07	-0.3	-0.42	-0.49	-0.23	-0.81
YGR265W	0.11	0.06	-0.43	-0.79	-0.89	-0.56	-1.6
YCL063W	0.01	0.01	-0.38	-0.62	-0.43	-0.3	-0.89
YDL134C	-0.09	0.01	-0.34	-0.58	-0.3	-0.23	-1
YLR206W	-0.1	0.01	-0.15	-0.3		-0.09	-0.43
YNL109W	-0.09	-0.1	-0.58	-0.6	-0.84	-0.4	-1.4
YPL158C	0.14	-0.15	-0.01	-0.45	-0.56	-0.09	-0.94
YOL100W	0.01	-0.09	-0.23	-0.3	-0.43	-0.22	-0.43
YKL106W	0.08	-0.34	-0.6	-0.97	-1.36	-0.76	-1.51
YDR422C	-0.01	-0.14	-0.27		-0.56	-0.3	-0.67
YNR012W	-0.06	-0.06	-0.3	-0.79	-0.94	-0.56	-1
YGR062C	-0.04	-0.01	-0.18	-0.49	-0.54	-0.38	-0.58
YIR006C	0.06	-0.07	-0.22	-0.36	-0.56	-0.47	-0.56
YDL088C	0.08	-0.12	-0.15	-0.42	-0.69	-0.45	-0.64
YOR070C	0.08	-0.07	-0.17	-0.29	-0.47	-0.3	-0.62
YHR206W	0.07	-0.15	-0.71	-1.15	-1.18	-1.18	-1.56
YLR214W	0.29	-0.18	-0.62	-1.36	-1.47	-1.29	-1.89
YBR202W	0.19	0.01	-0.49	-0.76	-0.84	-0.81	-1.25
YDR528W	0	0.03	-0.43	-0.71	-0.94	-0.71	-1.18
YLR063W	0.03	-0.1	-0.42	-0.79	-0.84	-0.54	-1.18
YLR380W	0.19	-0.22	-0.4	-1	-1	-0.76	-1.6
YLL052C	0.07	-0.1	-0.12	-0.27	-0.4	-0.34	-0.54
YLR318W	0.03	-0.07	-0.1	-0.25	-0.3	-0.3	-0.4
YLR169W	0	-0.07	-0.06	-0.29	-0.43	-0.43	-0.62
YDR384C	0.04	-0.15	-0.36	-1.09	-1.6	-1.47	-2.18
YAL021C	0.02	-0.02	-0.1	-0.32	-0.32	-0.25	-0.47
YLR381W	0.04	-0.04	-0.12	-0.34	-0.43	-0.32	-0.56
YML071C	0.07	-0.04	-0.1	-0.36	-0.4	-0.38	-0.62
YHR149C	0.07	-0.03	-0.22	-0.71	-0.92	-0.79	-1.4
YDL062W	0.04	0	-0.3	-0.84	-0.92	-0.86	-1.56
YJL198W	0.07	-0.03	-0.1	-0.84	-0.92	-0.97	-1.47
YKL216W	-0.1	0.03	-0.04	-0.42	-0.51	-0.49	-0.56
YNL023C	-0.07	-0.01	-0.06	-0.62	-0.81	-0.71	-0.94
YDL032W	-0.07	-0.03	-0.06	-0.23	-0.36	-0.27	-0.36
YOR252W	-0.14	0	-0.04	-0.49	-0.67	-0.45	-0.62
YOL051W	-0.09	-0.12	-0.09	-0.41	-0.55	-0.44	-0.51
YMR165C	-0.12	-0.1	-0.12	-0.4	-0.56	-0.58	-0.56
YNL226W	-0.07	-0.14	-0.09	-0.38	-0.54	-0.56	-0.64
YKL192C	-0.01	-0.23	-0.17	-0.71	-0.97	-0.97	-1.18
YPL190C	0.01	-0.15	-0.01	-0.49	-0.49	-0.3	-0.69
YOR272W	-0.04	-0.15	-0.04	-1.06	-1.06	-0.79	-1.51
YBR267W	-0.1	-0.4	-0.18	-0.92	-1.06	-0.86	-1.4
YIL019W	-0.17	-0.6	-0.23	-1.09	-1.56	-1.15	-1.56
YLR014C	-0.1	-0.29	-0.04	-0.62	-0.81	-0.51	
YEL028W	-0.09	-0.01	0.15	-0.27	-0.47	-0.22	-0.47
YDR075W	0.03	-0.06	0.07	-0.43	-0.71	-0.23	-0.67
YOL130W	0.06	0.06		-0.89	-1.22	-0.81	-1.12
YJR010W	0	0.06	0.15	-0.36	-0.51	-0.36	-0.56
YBR281C	-0.04	-0.04	0.14	-0.49	-0.67	-0.4	-0.81
YHL039W	0.01	0.04	0.19	-0.86	-0.94	-0.58	-1.4
YBR034C	-0.04	0.12	0.16	-1.09	-1.06	-0.62	-1.36
YLL035W	0.07	0.11	0	-0.62	-0.84	-0.43	-1.03
YER073W	0.15	0.01	0.07	-0.67	-0.64	-0.49	-0.84
YKL223W	0	-0.09	0.08	-0.34	-0.42	-0.34	-0.49
YNL228W	0.11	-0.15	0.21	-0.64	-0.56	-0.62	-0.84
YKR099W	-0.04	-0.27	0.34	-0.81	-0.69	-0.62	-1.03
YDR312W	0	-0.1	0.29	-0.79	-0.69	-0.42	-0.94
YBR263W	0.16	-0.06	0.14	-0.43	-0.58	-0.47	-0.64
YBL068W	0.3	-0.06	0.06	-0.81	-1.06	-1.03	-1.06
YOR001W	0.3	0.12	0.2	-0.76	-0.92	-0.92	-0.94
YHR187W	0.03	0.04	-0.17	-0.67	-0.4	-0.36	-0.71
YBL054W	0.21	-0.01	-0.18	-1.56	-1.25	-0.79	-1.47
YJR111C	0.19	-0.03	-0.15	-0.81	-0.51	-0.22	-0.71
YDR103W	0.15	0.04	-0.18	-0.62	-0.4	-0.17	-0.62
YGL014W	0.11	0.01	-0.18	-0.76	-0.62	-0.23	-0.81
YLR199C	0.14	0	-0.15	-0.62	-0.54	-0.14	-0.71
YDR174W	0.16	0.03	-0.14	-0.54	-0.58	-0.09	-0.6
YJL223C	0.07	0.07	-0.04	-0.36	-0.2	-0.04	-0.27
YHL004W	0.25	0.14	-0.01	-0.51	-0.47	-0.29	-0.49
YPL263C	0.45	0.06	-0.09	-0.62	-0.74	-0.47	-0.76
YMR070W	0.36	-0.09	-0.12	-0.25	-0.3	-0.23	-0.4
YPL115C	0.29	-0.12	-0.15	-0.56	-0.54	-0.43	-0.69
YBL101C	0.2	-0.15	-0.18	-0.34	-0.22	-0.27	-0.43
YPR138C	0.19	-0.1	-0.01	-0.36	-0.3	-0.34	-0.25
YPL180W	-0.01	-0.22	0.01	-0.17	-0.3	-0.3	-0.42
YMR147W	-0.1	-0.4	-0.01	-0.3	-0.54	-0.42	-0.69
YBR264C	-0.06	-0.34	-0.01	-0.34	-0.79	-0.42	-0.67
YMR063W	-0.27	-0.36	-0.36	-0.32	-0.54	-0.45	-0.29
YNL008C	-0.22	-0.3	-0.25	-0.32	-0.38	-0.49	-0.23
YKL071W	-0.18	-0.23	-0.06	-0.23	-0.36	-0.49	-0.27
YKL225W	-0.15	-0.23	-0.12	-0.15	-0.36	-0.47	-0.17
YHR048W	-0.14	-0.23	-0.12	-0.15	-0.49	-0.51	-0.25
YLL042C	-0.45	-0.36	-0.25	-0.22	-0.81	-0.71	-0.36
YDR401W	-0.3	-0.23	-0.06	-0.42	-0.54	-0.76	-0.4
YOR109W	-0.3	-0.18	-0.07	-0.43	-0.43	-0.69	-0.3
YNL140C	-0.29	-0.06	-0.01	-0.42	-0.4	-0.64	-0.36
YPR031W	-0.4	-0.04	-0.17	-0.47	-0.51	-0.71	-0.49
YGR098C	-0.3	-0.17	-0.06	-0.4	-0.3	-0.42	-0.3
YPR135W	-0.34	-0.27	-0.23	-0.47	-0.36	-0.64	-0.47
YER054C	-0.27	-0.22	-0.12	-0.43	-0.42	-0.47	-0.36
YDR157W	-0.6	-0.42	-0.4	-0.84	-0.94	-1.09	-0.62
YIL086C	-0.18	-0.18	-0.17	-0.3	-0.34	-0.38	
YPR029C	-0.27	-0.14	-0.51	-0.56	-0.62	-0.79	-0.42
YOR024W	-0.12	-0.14	-0.23	-0.23	-0.27	-0.36	-0.27
YMR189W	-0.23	-0.3	-0.3	-0.42	-0.6	-0.69	-0.56
YNL278W	-0.04	-0.09	-0.09	-0.18	-0.23	-0.27	-0.22
YOR328W	-0.23	-0.27	-0.25	-0.51	-0.67	-1	-0.62
YPR204W	-0.1	-0.17	-0.23	-0.34	-0.45	-0.62	-0.34
YPL006W	-0.14	-0.17	-0.22	-0.34	-0.43	-0.54	-0.36
YOR129C	-0.18	-0.18	-0.25	-0.47	-0.49	-0.67	-0.4
YOR009W	-0.2	-0.32	-0.45	-0.92	-0.64	-1	-0.54
YNR039C	-0.27	-0.43	-0.49	-0.97	-0.79	-1.25	-0.54
YOL041C	-0.15	-0.3	-0.32	-0.58	-0.67	-1.15	-0.43
YHL040C	-0.07	-0.23	-0.22	-0.64	-0.71	-0.92	-0.36
YOR174W	-0.1	-0.23	-0.14	-0.36	-0.27	-0.36	-0.27
YBR300C	-0.29	-0.18	-0.17	-0.6	-0.38	-0.47	-0.27
YPR010C	-0.18	-0.12	-0.17	-0.51	-0.45	-0.4	-0.22
YMR162C	-0.18	-0.09	-0.14	-0.43	-0.34	-0.43	-0.14
YLR091W	-0.18	-0.09	-0.18	-0.45	-0.23	-0.51	-0.18
YKL042W	-0.23	-0.12	-0.06	-0.47	-0.36	-0.6	-0.17
YOL099C	-0.17	-0.23	-0.09	-0.42	-0.23	-0.54	-0.18
YIL004C	-0.27	-0.27	-0.29	-0.27	-0.27	-0.56	-0.14
YKL215C	-0.29	-0.27	-0.54	-0.47	-0.38	-0.92	-0.3
YIL159W	-0.1	-0.12	-0.42	-0.56	-0.4	-0.94	-0.38
YDR011W	-0.07	-0.36	-0.64	-0.69	-0.62	-1.4	-0.42
YPL247C	-0.04	-0.18	-0.22	-0.3	-0.3	-0.56	-0.15
YGR184C	-0.1	-0.1	-0.27	-0.34	-0.3	-0.47	-0.1
YKL001C	-0.01	0.04	-0.1	-0.25	-0.12	-0.2	-0.23
YHR069C	0.01	0	-0.25	-0.79	-0.43	-0.69	-0.84
YNL316C	-0.04	0.01	-0.12	-0.67	-0.42	-0.62	-0.76
YMR323W	-0.15	-0.03	-0.14	-0.42	-0.4	-0.56	-0.49
YBR089C-A	-0.12	0.03	-0.27	-0.47	-0.49	-0.56	-0.47
YDL117W	-0.03	-0.07	-0.36	-0.79	-0.64	-0.92	-0.64
YLR105C	-0.01	0	-0.06	-0.25	-0.14	-0.23	-0.17
YOR213C	-0.07	-0.09	-0.14	-0.6	-0.3	-0.71	-0.56
YPL125W	-0.23	-0.1	-0.43	-0.79	-0.49	-1.03	-0.81
YMR012W	-0.15	-0.18	-0.51	-0.47	-0.81	-1.32	-0.92
YDR420W	-0.01	-0.38	-0.32	-0.27	-0.76	-0.94	-0.92
YOR336W	0	-0.22	-0.12	-0.1	-0.34	-0.47	-0.34
YOL001W	-0.04	-0.22	-0.18	-0.4	-0.62	-0.38	-0.58
YHR081W	-0.2	-0.32	-0.18	-0.79	-0.71	-0.74	-0.86
YGR056W	-0.18	-0.27	-0.36	-0.89	-0.84	-0.86	-1
YOR290C	-0.15	-0.18	-0.27	-0.42	-0.54	-0.47	-0.62
YDL138W	-0.24	-0.19	-0.25	-0.5	-0.56	-0.56	-0.58
YPR011C	-0.18	-0.07	-0.15	-0.27	-0.3	-0.29	-0.34
YGL141W	-0.15	-0.06	-0.1	-0.3	-0.4	-0.34	-0.34
YOR012W	-0.14	-0.18	-0.17	-0.3	-0.58	-0.43	-0.42
YOR016C	-0.14	-0.18	-0.23	-0.36	-0.62	-0.54	-0.54
YIL055C	-0.15	-0.27	-0.25	-0.4	-0.74	-0.69	-0.76
YLR007W	-0.22	-0.15	-0.23	-0.27	-0.49	-0.49	-0.49
YPL249C	-0.27	-0.12	-0.12	-0.32	-0.3	-0.58	-0.51
YNR025C	-0.49	-0.51	-0.32	-0.69	-0.69	-1.25	-1.06
YOR346W	-0.25	-0.23	-0.1	-0.2	-0.23	-0.51	-0.42
YKL076C	-0.51	-0.56	-0.49	-0.62	-0.86	-1.09	-1.09
YJL118W	-0.32	-0.27	-0.25	-0.36	-0.45	-0.54	-0.56
YNL337W	-0.12	-0.18	-0.09	-0.2	-0.27	-0.27	-0.22
YNR070W	-0.23	-0.54	-0.27	-0.54	-0.76	-0.86	-0.76
YLR320W	-0.23	-0.43	-0.22	-0.6	-0.62	-0.67	-0.67
YOL011W	-0.1	-0.27	-0.04	-0.22	-0.34	-0.4	-0.4
YCR064C	-0.1		-0.07	-0.2	-0.3	-0.42	-0.42
YKR039W	-0.2	-0.27	-0.15	-0.42	-0.42	-0.47	-0.76
YNR024W	-0.27	-0.51	-0.23	-0.58	-0.69	-0.79	-1.18
YCL056C	-0.23	-0.36	-0.07	-0.34	-0.51	-0.62	-0.81
YBR275C	-0.3	-0.29	-0.12	-0.38	-0.69	-0.54	-0.84
YOR154W	-0.27	-0.25	-0.14	-0.51	-0.67	-0.67	-0.79
YOL004W	-0.23	-0.1	-0.1	-0.18	-0.36	-0.4	-0.49
YLR235C	-0.23	-0.12	-0.05	-0.2	-0.31	-0.34	-0.56
YDR407C	-0.06	-0.04	-0.15	-0.15	-0.27	-0.36	-0.43
YMR076C	-0.12	-0.18	-0.22	-0.36	-0.56	-0.64	-0.81
YOR127W	-0.03	-0.09	-0.18	-0.23	-0.56	-0.54	-0.62
YNL016W	-0.01	-0.23	-0.29	-0.62	-0.74	-0.74	-0.89
YNR038W	-0.17	-0.4	-0.71	-1.18	-1.36	-1.51	-1.84
YNL124W	-0.01	-0.22	-0.43	-1	-0.89	-1.22	-1.36
YMR301C	-0.1	-0.22	-0.4	-0.56	-0.51	-0.94	-0.94
YML081W	-0.15	-0.17	-0.4	-0.6	-0.67	-0.89	-0.89
YDL182W	0.08	-0.54	-0.92	-1.36	-1.43	-1.89	-2
YDL042C	-0.09	-0.38	-0.54	-0.89	-0.92	-1.22	-1.12
YMR037C	-0.14	-0.54	-0.97	-1.12	-1.22	-1.89	-1.74
YLR310C	-0.06	-0.15	-0.42	-0.4	-0.43	-0.64	-0.62
YMR247C	-0.18	-0.15	-0.34	-0.38	-0.49	-0.84	-0.67
YOR116C	-0.34	-0.29	-0.62	-0.84	-1.12	-1.94	-1.64
YLR280C	-0.18	-0.27	-0.43	-0.71	-0.74	-1.22	-1.06
YDL111C	-0.15	-0.22	-0.3	-0.67	-0.71	-1.18	-1.06
YPL248C	-0.2	-0.1	-0.25	-0.42	-0.56	-0.74	-0.76
YOR110W	-0.18	-0.14	-0.22	-0.38	-0.54	-0.67	-0.56
YNR069C	-0.23	-0.09	-0.18	-0.36	-0.42	-0.58	-0.49
YPL008W	-0.2	-0.15	-0.2	-0.4	-0.36	-0.58	-0.67
YGL151W	-0.15	-0.12	-0.23	-0.43	-0.36	-0.54	-0.56
YOR061W	-0.14	-0.07	-0.27	-0.47	-0.36	-0.62	-0.62
YPL074W	-0.23	-0.23	-0.29	-0.38	-0.32	-0.56	-0.62
YHR085W	-0.2	-0.29	-0.18	-0.36	-0.23	-0.51	-0.54
YIL149C	-0.22	-0.36	-0.3	-0.47	-0.36	-0.79	-0.74
YLR057W	-0.1	-0.36	-0.29	-0.34	-0.32	-0.71	-0.62
YGL092W	-0.23	-0.58	-0.43	-0.62	-0.71	-1.22	-1.15
YNL235C	-0.3	-0.56	-0.45	-0.56	-0.56	-1.15	-1.29
YMR109W	-0.09	-0.22	-0.3	-0.27	-0.38	-0.54	-0.64
YKL202W	-0.12	-0.4	-0.34	-0.45	-0.54	-0.74	-0.89
YIR023W	-0.1	-0.54	-0.4	-0.56	-0.71	-0.92	-1.12
YNR046W	-0.2	-0.74	-0.67	-1.09	-1.12	-1.51	-1.51
YNR009W	-0.01	-0.6	-0.56	-0.69	-0.62	-1.51	-1.47
YLR103C	-0.09	-0.34	-0.23	-0.36	-0.47	-0.97	-0.92
YNR011C	-0.04	-0.27	-0.06	-0.43	-0.51	-0.92	-0.58
YER132C	-0.12	-0.18	-0.1	-0.38	-0.42	-0.6	-0.58
YML066C	-0.1	-0.1	-0.04	-0.27	-0.27	-0.47	-0.49
YIL079C	-0.18	-0.23	-0.06	-0.6	-0.76	-1.12	
YEL033W	-0.18	-0.18	-0.01	-0.56	-0.74	-1.03	-1.09
YGR296W	-0.1	-0.07	-0.07	-0.23	-0.43	-0.62	-0.49
YJR042W	-0.1	-0.04	-0.09	-0.36	-0.43	-0.67	-0.49
YNL024C	-0.47	-0.15	-0.09	-0.58	-0.81	-1.15	-1
YPR141C	-0.1	-0.43	-0.09	-0.2	-0.27	-0.58	-0.71
YDR490C	-0.04	-0.18	-0.1	-0.1	-0.1	-0.27	-0.3
YOL045W	-0.2	-0.36	-0.27	-0.32	-0.34	-0.76	-1.06
YEL014C	-0.2	-0.23	-0.14	-0.22	-0.17	-0.51	-0.64
YDL158C	-0.23	-0.23	-0.18	-0.22	-0.23	-0.51	-0.56
YML087C	-0.1	-0.22	-0.09	-0.27	-0.27	-0.42	-0.49
YBR224W	-0.07	-0.18	-0.04	-0.22	-0.23	-0.42	-0.42
YFR032C	0	-0.25	-0.07	-0.29	-0.27	-0.54	-0.74
YKR027W	-0.01	-0.2	-0.1	-0.43	-0.29	-0.56	-0.74
YLR454W	-0.03	-0.14	-0.14	-0.34	-0.23	-0.45	-0.62
YML003W	-0.12	-0.23	-0.17	-0.45	-0.27	-0.69	-0.92
YKR003W	-0.07	-0.23	-0.15	-0.32	-0.23	-0.49	-0.67
YNL262W	-0.09	-0.17	-0.09	-0.25	-0.17	-0.36	-0.42
YKR015C	-0.15	-0.3	-0.1	-0.51	-0.3	-0.64	-0.86
YPR062W	-0.23	-0.36	-0.1	-0.47	-0.22	-0.62	-0.58
YOL012C	-0.3	-0.56	-0.17	-0.51	-0.3	-0.86	-0.92
YGR271W	-0.12	-0.34	-0.23	-0.42	-0.27	-0.49	-0.67
YJL220W	-0.17	-0.42	-0.29	-0.45		-0.54	-0.62
YJL203W	-0.18	-0.23	-0.18	-0.42	-0.15	-0.36	-0.45
YPR018W	-0.22	-0.03	-0.23	-0.43	-0.34	-0.49	-0.69
YIL020C	0.07	-0.27	-0.2	-0.47	-0.38	-0.58	-0.71
YNL080C	0.16	-0.3	-0.03	-0.71	-0.49	-0.81	-0.79
YDL071C	-0.22	-0.07	0.01	-0.27	-0.23	-0.42	-0.43
YHR136C	-0.15	-0.04	0.01	-0.23	-0.17	-0.23	-0.23
YDL131W	0.38	-0.04	-0.56	-1.15	-0.42	-1.94	-1.47
YGL173C	0.11	0.19	-0.06	-0.3	-0.14	-0.58	-0.42
YDL231C	0.01	0.16	-0.18	-0.36	-0.27	-0.49	-0.2
YKL185W	0.25	0.06	-0.38	-1.09	-0.92	-1.79	-0.47
YER134C	-0.01	-0.04	-0.04	-0.34	-0.27	-0.4	-0.22
YML103C	0	0	-0.06	-0.43	-0.45	-0.47	-0.27
YER164W	-0.03	-0.09	-0.2	-0.51	-0.62	-0.56	-0.42
YOR359W	0	-0.06	-0.25	-0.67	-0.97	-1.06	-0.67
YGR292W	-0.06	0.01	-0.12	-0.23	-0.36	-0.45	-0.34
YGR150C	-0.03	-0.03	-0.07	-0.15	-0.22	-0.3	-0.17
YHL018W	-0.12	-0.03	-0.1	-0.36	-0.45	-0.6	-0.3
YEL007W	0.15	-0.03	-0.25	-0.47	-0.74	-0.97	-0.47
YKL191W	0.11	-0.1	-0.25	-1.22	-1.25	-2.25	-1.22
YDR508C	0.21	-0.1	-0.3	-0.89	-0.92	-1.4	-1.03
YMR108W	0.25	0.06	-0.3	-1	-1.09	-1.64	-1.15
YKL111C	0.06	0.04	-0.18	-0.36	-0.43	-0.67	-0.42
YLR407W	0.15	0.14	-0.06	-0.51	-0.51	-0.84	-0.56
YBL106C	0.06	0.16	0.06	-0.67	-0.64	-1.4	-0.51
YGR092W	0.11	-0.01	0.08	-0.64	-0.74	-1.25	-0.51
YBR155W	0.21	-0.09	-0.14	-0.92	-1	-2.25	-0.92
YNL174W	0.06	-0.22	0.01	-0.97	-0.89	-2.4	-1.18
YOR101W	0.14	-0.06	0.12	-0.69	-0.58	-1.36	-0.81
YFL007W	0.11	-0.04	0.04	-0.22	-0.34	-0.67	-0.38
YDR355C	0	0.03	0	-0.22	-0.51	-0.97	-0.67
YER190W	0.03	0.04	0	-0.2	-0.36	-0.74	-0.34
YNR016C	0.01	-0.01	-0.2	-0.35	-0.62	-1.27	-0.65
YPL231W	0.02	0.04	-0.09	-0.28	-0.48	-0.82	-0.51
YIL030C	-0.06	-0.04	-0.1	-0.42	-0.84	-1.29	-0.71
YPR203W	0.07	0.01	-0.1	-0.17	-0.42	-0.64	-0.3
YLR464W	0.03	-0.18	-0.07	-0.2	-0.56	-1.03	-0.51
YGL071W	-0.04	0.01	-0.06	-0.1	-0.29	-0.38	-0.2
YHR219W	0.07	-0.14	-0.2	-0.27	-0.42	-0.74	-0.34
YJL095W	-0.07	-0.01	-0.23	-0.62	-0.54	-1.25	-0.42
YGL195W	-0.14	0.07	-0.27	-0.45	-0.36	-1.06	-0.49
YPL215W	-0.06	-0.18	-0.04	-0.1	-0.3	-0.43	-0.27
YLR278C	-0.27	-0.25	-0.06	-0.22	-0.49	-0.79	-0.58
YPL036W	-0.34	-0.47	-0.18	-0.29	-0.62	-1.29	-0.94
YML059C	-0.25	-0.3	-0.06	-0.34	-0.67	-1.43	-1.12
YMR061W	-0.12	-0.17	-0.01	-0.14	-0.18	-0.62	-0.4
YLR430W	-0.25	-0.06	-0.01	-0.36	-0.36	-0.76	-0.69
YNR027W	-0.17	-0.07	-0.03	-0.47	-0.36	-0.86	-0.67
YOR356W	-0.14	-0.09	-0.04	-0.47	-0.27	-0.74	-0.79
YJL087C	-0.18	-0.12	-0.07	-0.4	-0.27	-0.58	-0.62
YNL282W	-0.2	-0.09	-0.09	-0.47	-0.18	-0.92	-0.86
YNL210W	-0.18	-0.06	0.04	-0.3	-0.12	-0.6	-0.43
YLR305C	-0.15	-0.14	-0.07	-0.23	-0.2	-1.18	-0.74
YGL029W	-0.27	-0.22	0.01	-0.54	-0.34	-1.84	-1.32
YKL057C	-0.23	-0.27	-0.18	-0.36	-0.38	-1.4	-1.18
YLR129W	-0.34	-0.38	-0.29	-0.89	-0.86	-2.84	-2.12
YLR056W	-0.18	-0.32	-0.07	-0.58	-0.62	-2.18	-1.84
YNL002C	-0.1	-0.36	-0.25	-1.18	-0.86	-2.84	-2.4
YHR145C	-0.03	-0.06	-0.2	-0.34	-0.36	-0.94	-0.81
YNR067C	-0.23	-0.18	-0.36	-0.54	-0.84	-1.94	-1.64
YLR384C	-0.01	-0.15	-0.17	-0.34	-0.62	-1.74	-1.36
YJL109C	-0.09	0.03	-0.1	-1.18	-1.09	-3.18	-2
YAL019W	-0.03	-0.15	-0.06	-0.47	-0.4	-1.03	-0.74
YLR379W	0.11	-0.14	-0.14	-0.34	-0.15	-1	-0.6
YJL130C	0.03	0.01	-0.23	-0.36	-0.22	-1.12	-0.58
YPR136C	0.04	-0.25	-0.62	-0.84	-0.6	-2	-1.15
YNL216W	-0.29	-0.27	-0.51	-0.84	-0.71	-2.12	-1.03
YNL339C	-0.1	-0.09	-0.2	-0.4	-0.3	-0.92	-0.6
YPL183C	-0.18	-0.17	-0.36	-0.69	-0.81	-2.18	-1.32
YIL002C	-0.06	-0.12	-0.09	-0.18	-0.25	-0.64	-0.34
YDR545W	-0.06	-0.06	-0.23	-0.18	-0.42	-0.94	-0.58
YLR467W	-0.01	-0.23	-0.3	-0.2	-0.4	-0.92	-0.69
YJL225C	-0.06	-0.17	-0.34	-0.27	-0.34	-0.97	-0.84
YML111W	-0.1	-0.23	-0.27	-0.56	-0.14	-1.03	-0.56
YIL177C	-0.29	-0.23	-0.3	-0.38	-0.32	-0.94	-0.49
YKL030W	-0.56	-0.36	-0.18	-0.92	-0.47	-1.4	-0.69
YPL153C	-0.18	-0.17	-0.14	-0.54	-0.32	-0.89	-0.42
YLR451W	-0.2	-0.25	-0.06	-0.51	-0.36	-1.06	-0.56
YKL054C	-0.23	-0.29	-0.18	-0.64	-0.6	-1.25	-0.79
YPL275W	-0.22	-0.17	-0.12	-0.51	-0.3	-0.81	-0.62
YFL008W	-0.23	-0.09	-0.1	-0.42	-0.27	-0.69	-0.49
YMR199W	-0.27	-0.07	-0.47	-0.62	-0.12	-1.94	-1.09
YPR050C	-0.34	-0.18	-0.06	-0.25	-0.27	-1.09	-0.49
YDL093W	-0.18	0	0	-0.15	-0.17	-0.84	-0.42
YPL217C	-0.27	0.07	0.01	-0.34	-0.36	-1.06	-0.4
YMR266W	-0.29	-0.07	-0.06	-0.45	-0.3	-1.06	-0.3
YOL020W	-0.1	0.16	0.04	-0.12	-0.12	-1.09	-0.67
YDL121C	-0.14	-0.17	0.06	-0.49	-0.15	-1.25	-0.64
YNR003C	0.01	0.04	0.16	-0.45	-0.09	-1.09	-0.74
YLR435W	-0.07	-0.03	0.25	-0.92	-0.23	-1.47	-1.15
YLL034C	0.08	0	-0.07	-0.62	-0.27	-1.18	-0.94
YDR035W	0.08	0.11	-0.01	-0.32	-0.22	-0.89	-0.56
YJR040W	-0.01	0.15	0	-0.51	-0.18	-1.56	-0.76
YGL015C	-0.3	0.3	0.25	-0.45	-0.42	-1.4	-0.84
YHR084W	-0.03	0.19	0.26	-0.62	-0.27	-1.15	-0.64
YOR025W	0.01	0.2	0.29	-0.34	-0.14	-0.74	-0.36
YPL273W	-0.17	-0.1	0.3	-0.2	-0.2	-0.92	-0.74
YIL047C	-0.14	-0.3	0.15	-0.09	-0.58	-0.89	-0.79
YHR046C	-0.3	-0.32	0.36	-0.25	-1.03	-1.29	-1
YDR383C	-0.23	-0.1	0.4	-0.17	-0.54	-0.67	-0.74
YPR016C	-0.16	-0.01	0.21	-0.37	-0.41	-0.67	-0.85
YLR068W	-0.15	-0.3	0.43	-0.69	-0.74	-1.25	-1.36
YBL008W	-0.06	-0.1	0.08	-0.18	-0.2	-0.29	-0.34
YPL073C	-0.1	-0.15	0.41	-0.38	-0.34	-0.67	-0.67
YPR060C	-0.01	-0.1	0.25	-0.64	-0.6	-0.94	-0.76
YHL011C	0.07	0.01	0.32	-0.54	-0.71	-1.15	-0.97
YKR054C	0.04	-0.06	0.11	-0.18	-0.27	-0.38	-0.27
YPR048W	0.07	-0.03	0.45	-0.3	-0.51	-1.03	-0.58
YBR049C	0.21	0.01	0.38	-0.1	-0.62	-0.67	-0.6
YCR084C	0.29	0	0.36	-0.25	-0.6	-0.64	-0.56
YKL018W	0.08	0.04	0.29	-0.27	-0.67	-0.58	-0.45
YHR173C	0.01	0.12	0.16	-0.17	-0.34	-0.27	-0.29
YDR309C	0.24	0.21	0.5	-0.62	-0.62	-0.86	-0.74
YBR142W	0.19	0.25	0.64	-0.6	-0.64	-1.09	-1.09
YGR233C	0.12	0	0.5	-0.56	-0.4	-0.76	-0.71
YER156C	0.15	0.04	0.48	-0.23	-0.3	-0.4	-0.56
YOL093W	0.16	-0.07	0.14	-0.49	-0.23	-0.51	-0.69
YKL077W	-0.06	0.03	-0.34	-0.4	-0.3	-0.47	-1.12
YLR032W	-0.23	0.14	-0.23	-0.38	-0.43	-0.76	-1.22
YIL103W	-0.06	-0.12	0	-0.56	-0.3	-0.56	-0.74
YLR042C	-0.04	-0.2	0.08	-0.69	-0.4	-0.67	-1.15
YGR089W	0.07	-0.2	0.01	-0.29	-0.27	-0.36	-0.69
YLR146C	-0.09	-0.23	0.01	-0.43	-0.56	-0.69	-1.29
YGL214W	-0.01	-0.2	-0.04	-0.36	-0.47	-0.62	-0.97
YFR034C	-0.1	-0.15	-0.01	-0.4	-0.47	-0.54	-0.81
YMR269W	-0.2	-0.36	-0.07	-0.94	-0.89	-0.97	-1.84
YLR126C	-0.04	-0.18	-0.04	-0.32	-0.32	-0.3	-0.6
YOR078W	0.03	-0.32	-0.06	-0.74	-0.81	-0.84	-1.43
YNR052C	0.07	-0.2	-0.1	-0.42	-0.51	-0.51	-0.92
YHL005C	-0.03	-0.22	-0.04	-0.25	-0.36	-0.42	-0.64
YNL113W	-0.03	-0.4	0.06	-0.74	-0.69	-0.84	-1.25
YLR002C	-0.06	-0.36	0.16	-0.74	-0.71	-0.97	-1.36
YER082C	-0.07	-0.29	0.14	-0.74	-0.81	-0.69	-1.32
YNL091W	-0.04	-0.17	0.08	-0.27	-0.22	-0.25	-0.45
YPR059C	0.01	-0.04	0.21	-0.27	-0.4	-0.4	-0.67
YGR158C	0.06	-0.1	0.25	-0.34	-0.4	-0.47	-0.89
YKL084W	0.16	-0.03	0.2	-0.32	-0.32	-0.38	-0.74
YDL232W	-0.04	-0.07	0.08	-0.1	-0.14	-0.36	-0.79
YDR514C	-0.09	-0.14	0.15	-0.23	-0.34	-0.51	-1.06
YPL210C	-0.09	-0.32	0.06	-0.34	-0.56	-0.84	-1.84
YPL253C	0.04	-0.09	0.07	-0.15	-0.17	-0.36	-0.71
YDL210W	-0.12	-0.29	0.06	-0.56	-0.45	-1.06	-1.89
YDR025W	0.14	-0.1	-0.18	-0.79	-0.76	-0.86	-2.32
YBR247C	-0.03	-0.22	-0.07	-1.18	-1.03	-1.22	-2.74
YDL116W	-0.03	0	-0.01	-0.23	-0.3	-0.29	-0.64
YGR123C	-0.01	-0.17	-0.03	-0.81	-0.67	-1.06	-1.74
YPL032C	0.16	-0.23	0.03	-0.67	-0.58	-1.03	-1.6
YLR172C	0.15	-0.15	-0.04	-0.45	-0.49	-0.76	-1.15
YLR024C	0.07	-0.03	-0.04	-0.25	-0.25	-0.36	-0.69
YJR047C	0.15	-0.03	-0.1	-0.47	-0.47	-0.81	-1.47
YPR137W	0.07	-0.18	-0.2	-0.89	-0.92	-1.69	-2.94
YIL038C	0.03	-0.06	-0.04	-0.29	-0.25	-0.54	-0.94
YEL048C	0	-0.03	0.03	-0.6	-0.6	-0.94	-1.74
YNL175C	0.2	-0.18	0.12	-0.64	-0.92	-1.69	-2.64
YGL076C	0.07	-0.42	-0.03	-0.79	-0.84	-1.69	-2.84
YOR276W	0.07	-0.1	0.04	-0.4	-0.43	-0.92	-1.6
YOR224C	0.15	-0.18	-0.01	-0.45	-0.56	-1.12	-2.12
YJL148W	0.08	-0.2	0.16	-0.76	-0.67	-1.29	-2.4
YGL078C	-0.01	-0.25	0.32	-0.84	-0.84	-1.47	-2.47
YML093W	0.08	0	0.16	-0.71	-0.51	-1	-1.56
YGL238W	0.08	0.16	0.15	-0.54	-0.45	-0.79	-1.56
YLR196W	0.25	0.08	0.26	-0.86	-0.92	-1.56	-2.74
YCR030C	0.09	0.02	0.1	-0.23	-0.25	-0.44	-0.73
YHR204W	0.15	-0.04	0.14	-0.27	-0.34	-0.56	-1.09
YAL003W	0.24	0	-0.04	-0.64	-0.94	-1.56	-2.32
YBR079C	0.25	0.08	0.03	-0.58	-0.67	-1.09	-1.69
YGR155W	0.2	0.16	0	-0.62	-0.97	-1.15	-2.18
YMR306W	0.01	-0.03	-0.01	-0.23	-0.34	-0.4	-0.67
YCL054W	0.15	-0.15	0.14	-0.74	-0.92	-1.25	-2.06
YGR103W	0.15	-0.06	0.32	-0.92	-1.09	-1.64	-2.56
YDL148C	0.03	-0.01	0.32	-0.84	-0.97	-1.4	-2.25
YNL112W	0.08	0.08	0.25	-0.62	-0.79	-1.09	-1.74
YMR217W	0.15	0.12	0.19	-1.09	-1.29	-1.64	-2.74
YDR324C	0.06	-0.01	0.14	-0.62	-0.89	-1.09	-1.84
YDR465C	0.07	0.06	0.11	-0.84	-1.03	-1.25	-1.84
YPR110C	0.3	0.32	0.14	-0.69	-0.67	-1.29	-1.56
YLR409C	0.2	0.38	0.26	-1	-1.03	-2	-2
YDL039C	0.03	0.12	0.14	-0.51	-0.62	-0.92	-1.12
YOL101C	0.14	0.19	0.2	-0.76	-0.92	-1.12	-1.4
YDR161W	0.19	0.19	0.32	-0.69	-0.62	-1	-1.29
YDL153C	0.41	0.19	0.36	-0.76	-0.97	-1.43	-1.79
YDR303C	0.32	0.08	0	-0.43	-0.58	-0.81	-0.92
YER165W	0.4	0.4	0.01	-1	-1.03	-1.43	-1.69
YKL068W	0.29	0.24	0.07	-0.42	-0.56	-0.69	-1.03
YJR007W	0.43	0.3	0.11	-0.84	-0.81	-0.94	-1.56
YGR128C	0.3	0.26	0.38	-0.81	-0.76	-0.89	-1.47
YHR196W	0.21	0.16	0.19	-0.62	-0.62	-0.62	-1.43
YKR081C	0.21	0.15	0.11	-0.62	-0.62	-0.64	-1.4
YJL010C	0.16	0.19	0.14	-0.69	-0.67	-0.86	-1.29
YKR056W	0.32	0.08	0.07	-0.94	-0.81	-1.15	-1.74
YGR280C	0.25	0.08	-0.03	-1.09	-0.79	-1	-1.84
YGR159C	0.2	0.07	0.12	-1.06	-1.09	-1	-2
YML074C	0.16	0.07	0.15	-0.74	-0.74	-0.67	-1.18
YPL043W	0.24	0.11	0.4	-1.09	-1.03	-1.06	-1.89
YHR088W	0.11	0.08	0.24	-0.81	-0.67	-0.69	-1.32
YBR172C	0.12	0.12	0.08	-0.49	-0.34	-0.36	-0.79
YDL039C	0.04	0.14	0.21	-0.74	-0.71	-0.79	-1.15
YPL202C	-0.03	0.07	0.14	-0.47	-0.34	-0.51	-0.76
YAL035W	0.14	0.2	0.03	-0.64	-0.49	-0.79	-1.32
YJR026W	0.07	0.12	-0.01	-0.22	-0.2	-0.36	-0.62
YLR293C	0.4	0	-0.1	-0.74	-0.76	-1.06	-1.74
YER120W	0.38	0.07	-0.01	-0.51	-0.67	-0.62	-1.29
YOR294W	-0.04	-0.06	0.2	-0.94	-1.03	-0.92	-1.64
YLR401C	-0.06	-0.07	0.07	-0.71	-0.71	-0.84	-1.03
YPR190C	0.01	0	0.03	-0.71	-0.84	-0.89	-1.12
YOL079W	0.07	-0.07	0.12	-0.67	-0.89	-0.92	-1.29
YOR340C	0.07	-0.17	0.07	-0.81	-0.74	-1	-1.4
YPR142C	0.15	-0.1	0.16	-0.74	-0.64	-0.89	-1.09
YGR145W	0	-0.23	0.25	-0.92	-1.09	-1.69	-2.18
YKL004W	-0.01	-0.04	0.15	-0.36	-0.54	-0.81	-0.84
YOL080C	-0.14	-0.01	0.08	-0.64	-0.84	-1.09	-1.25
YCR057C	0	0.07	0.26	-0.81	-0.94	-1.03	-1.09
YDL150W	-0.04	0.07	0.04	-0.43	-0.67	-0.51	-1.12
YNL163C	-0.03	0.15	0	-0.43	-0.84	-0.64	-1.32
YKL204W	0.04	0.03	-0.09	-0.18	-0.38	-0.34	-0.6
YGL058W	-0.04	0.08	-0.06	-0.36	-0.38	-0.58	-0.89
YBL052C	-0.07	0.03	0.01	-0.23	-0.3	-0.49	-0.74
YDL152W	-0.1	0.21	0.2	-0.74	-0.86	-1.12	-1.84
YDR364C	-0.14	0.12	0.03	-0.29	-0.4	-0.43	-0.74
YAL059W	-0.32	0.2	-0.09	-0.86	-1.06	-1.36	-1.79
YCR057C	-0.17	0.4	-0.34	-0.92	-0.89	-1.32	-1.74
YGL086W	0.04	0.19	-0.09	-0.32	-0.3	-0.43	-0.69
YCL009C	-0.06	0.25	-0.18	-0.49	-0.62	-0.64	-1.22
YLR452C	0.19	0.21	-0.15	-0.74	-0.81	-0.86	-1.64
YOR260W	0.29	0.32	-0.1	-0.76	-0.94	-0.84	-1.47
YKR082W	0.14	0.11	-0.18	-0.42	-0.58	-0.51	-0.86
YER064C	-0.09	0.25	-0.1	-0.64	-0.67	-0.56	-0.92
YOL019W	0.11	0.26	-0.3	-1.06	-1	-0.89	-1.51
YJL025W	-0.01	0.06	-0.1	-0.47	-0.42	-0.3	
YPR065W	0.08	-0.03	-0.15	-0.23	-0.38	-0.42	-0.38
YER145C	0.16	0.08	-0.42	-0.64	-1.09	-1.43	-1.29
YER155C	0.01	0.03	-0.1	-0.3	-0.47	-0.69	-0.67
YOR341W	0.07	0.04	-0.1	-0.49	-0.84	-1.29	-1.12
YJR060W	0.12	-0.07	-0.04	-0.27	-0.36	-0.56	-0.51
YKL205W	0.21	-0.03	-0.18	-0.58	-0.56	-1.22	-0.89
YLR355C	0.36	0.06	-0.45	-1.25	-1.22	-2.4	-2.12
YJR160C	0.06	0.01	-0.06	-0.2	-0.18	-0.3	-0.3
YOR361C	0.36	-0.03	-0.32	-0.92	-0.92	-1.64	-1.74
YER114C	0.08	-0.04	-0.18	-0.4	-0.4	-0.67	-0.74
YNL312W	0.01	0.06	-0.27	-0.69	-0.42	-0.97	-1.09
YHR070W	0.04	-0.1	-0.32	-0.92	-0.64	-1.25	-1.25
YDL140C	-0.1	0.01	-0.27	-0.62	-0.6	-1	-1.03
YHR047C	-0.06	0.03	-0.29	-0.43	-0.42	-0.64	-0.67
YCR065W	0.04	-0.01	-0.47	-1	-1.15	-1.43	-1.4
YBR158W	0.15	0.15	-0.4	-1.09	-0.97	-1.4	-1.4
YJR030C	0	0.03	-0.07	-0.4	-0.32	-0.6	-0.47
YJL073W	0.03	-0.01	-0.03	-0.47	-0.42	-0.67	-0.62
YOR233W	-0.1	-0.22	-0.1	-0.84	-0.64	-1.22	-1.03
YPR143W	0.07	-0.25	-0.09	-0.74	-0.84	-1.29	-1.18
YBR266C	0.06	-0.36	0.07	-0.97	-1.15	-1.47	-1.56
YHR063C	-0.18	-0.23	-0.07	-0.34	-0.25	-0.64	-0.92
YPL244C	-0.42	-0.29	-0.1	-0.71	-0.58	-1.32	-1.79
YIL085C	-0.1	-0.07	-0.1	-0.27	-0.18	-0.43	-0.71
YPL242C	-0.03	-0.15	-0.13	-0.29	-0.28	-0.52	-0.82
YKR025W	-0.07	-0.36	-0.23	-0.54	-0.69	-1.18	-1.69
YDL144C	-0.01	-0.15	-0.15	-0.23	-0.27	-0.49	-0.67
YPL212C	-0.06	-0.15	-0.25	-0.34	-0.49	-0.79	-1.09
YPR112C	-0.17	-0.23	-0.17	-0.54	-0.62	-1.12	-1.51
YNL111C	-0.09	-0.47	-0.4	-0.74	-0.76	-1.79	-2.12
YOL010W	-0.07	-0.36	-0.49	-0.81	-0.84	-1.74	-2.12
YOR062C	-0.04	-0.17	-0.22	-0.34	-0.43	-0.76	-0.86
YJR071W	-0.06	-0.27	-0.43	-0.67	-0.74	-1.84	-2.25
YIL069C	-0.06	-0.49	-0.42	-0.64	-0.71	-1.94	-2.47
YKR095W	-0.06	-0.2	-0.1	-0.36	-0.32	-0.89	-1.12
YDR449C	-0.07	-0.3	-0.22	-0.67	-0.62	-1.84	-2.25
YMR321C	-0.04	-0.15	-0.23	-0.49	-0.38	-1.36	-1.74
YPL243W	-0.25	-0.1	-0.2	-0.47	-0.42	-1.15	-1.47
YDR522C	-0.27	-0.15	-0.2	-0.27	-0.42	-0.86	-1.06
YIL095W	-0.25	-0.15	-0.12	-0.43	-0.47	-0.92	-0.97
YPL266W	-0.27	-0.3	-0.04	-0.6	-0.56	-1.36	-1.4
YDL073W	-0.23	-0.18	-0.12	-0.38	-0.32	-1	-0.97
YPL245W	-0.36	-0.38	-0.36	-0.71	-0.6	-1.56	-1.74
YNL303W	-0.4	-0.74	-0.34	-0.62	-1.12	-2.56	-2.47
YPR044C	-0.36	-0.47	-0.23	-0.49	-0.54	-1.56	-1.74
YDL094C	-0.18	-0.23	-0.06	-0.2	-0.34	-0.92	-1.12
YPL082C	-0.1	-0.15	-0.06	-0.25	-0.29	-0.71	-0.79
YDL014W	-0.12	-0.34	0	-0.51	-0.54	-1.22	-1.43
YKL009W	-0.15	-0.43	-0.1	-0.79	-1.09	-2.06	-2.56
YEL026W	-0.14	-0.38	0.07	-0.6	-0.97	-1.89	-2.06
YLR285W	0	-0.14	0	-0.34	-0.29	-0.81	-0.89
YGR034W	-0.01	-0.23	-0.14	-0.67	-0.43	-1.64	-1.69
YOR277C	-0.17	-0.34	-0.17	-0.6	-0.3	-1.25	-1.32
YCR009C	-0.07	-0.2	-0.14	-0.27	-0.18	-0.58	-0.67
YMR080C	-0.04	-0.03	-0.49	-0.49	-0.79	-1.32	-1.4
YMR129W	0.03	-0.1	-0.51	-0.51	-0.79	-1.47	-1.32
YHR186C	0.01	-0.06	-0.17	-0.27	-0.36	-0.71	-0.67
YLR084C	0	-0.06	-0.36	-0.54	-0.47	-1.15	-1.12
YLL004W	-0.06	-0.14	-0.4	-0.47	-0.51	-1.18	-1.29
YPR009W	-0.27	-0.17	-0.47	-0.74	-0.71	-1.36	-1.6
YOL021C	-0.14	-0.25	-0.42	-0.79	-0.76	-1.36	-1.51
YPL030W	-0.18	-0.32	-0.18	-0.79	-0.94	-1.29	-1.56
YNR054C	-0.15	-0.4	-0.36	-0.86	-1.03	-1.56	-1.74
YFL057C	-0.03	-0.1	-0.1	-0.3	-0.34	-0.54	-0.67
YGR176W	0	-0.12	-0.17	-0.54	-0.56	-0.84	-0.89
YMR014W	0.01	-0.3	-0.25	-0.97	-0.94	-1.6	-1.69
YDR464W	-0.04	-0.18	-0.14	-0.51	-0.4	-0.79	-0.81
YJR041C	-0.03	-0.58	-0.29	-0.92	-0.97	-2	-2
YLR243W	-0.03	-0.25	-0.12	-0.62	-0.6	-1.29	-1.18
YNL075W	-0.14	-0.32	-0.23	-0.74	-0.94	-1.94	-1.89
YNL221C	-0.22	-0.23	-0.17	-0.49	-0.71	-1.25	-1.25
YJR003C	-0.27	-0.18	-0.15	-0.67	-0.76	-1.56	-1.29
YPR034W	-0.18	-0.15	-0.17	-0.56	-0.6	-1.18	-1.06
YNL120C	-0.14	-0.18	-0.29	-0.69	-0.74	-1.6	-1.29
YDR206W	-0.12	-0.23	-0.34	-0.84	-0.89	-1.69	-1.56
YNL207W	-0.1	-0.1	-0.29	-0.92	-0.97	-1.79	-1.47
YCL046W	0.06	-0.07	-0.22	-0.4	-0.62	-1.36	-1.4
YDR144C	0.14	-0.04	-0.3	-0.86	-1.15	-2.4	-2.74
YOL106W	0	0.03		-0.27	-0.34	-0.71	-0.86
YNL141W	-0.17	-0.04	-0.07	-1.25	-1.18	-2.84	-3.18
YDR060W	-0.04	-0.1	-0.01	-0.81	-0.84	-2.25	-2.4
YKL081W	0.07	-0.15	-0.01	-0.92	-0.71	-2.18	-2.47
YDL167C	0.14	0.08	0.01	-0.6	-0.62	-1.74	-1.89
YAL025C	0.3	-0.1	0	-0.74	-0.81	-2.06	-2.25
YIL066C	0.12	-0.01	-0.04	-0.47	-0.69	-1.43	-1.64
YNL327W	0.12	-0.1	-0.09	-0.62	-0.92	-2	-2.12
YKL181W	0.16	0	-0.07	-0.62	-0.86	-1.89	-1.94
YIL053W	0.26	-0.01	-0.23	-0.94	-1.25	-2.32	-2.94
YPL226W	0.04	0.07	-0.1	-0.84	-1.18	-1.89	-2.47
YNR075W	0.04	0.15	-0.03	-0.47	-0.67	-1.09	-1.4
YNL132W	0.08	0.08	0.03	-0.92	-1.03	-1.94	-2.25
YMR229C	0.04	0.03	0.11	-0.69	-0.89	-1.69	-1.89
YPL012W	0.08	-0.27	-0.15	-1.18	-1.6	-2.94	-3.06
YMR290C	0.12	-0.23	-0.23	-1.15	-1.4	-2.64	-2.94
YIL091C	0.04	-0.03	-0.09	-0.67	-0.69	-1.25	-1.47
YHR052W	0.11	-0.12	-0.15	-0.86	-0.67	-1.47	-1.69
YKL082C	0.07	-0.15	-0.17	-1.09	-0.94	-1.69	-2.12
YAL046C	-0.01	-0.18	-0.01	-0.79	-0.62	-1.22	-1.47
YNL110C	-0.01	-0.18	0.01	-0.92	-0.94	-1.89	-2.25
YJL122W	-0.03	-0.17	0.01	-1	-0.92	-1.69	-2.25
YDR398W	-0.01	-0.09	-0.12	-1.03	-1.12	-2	-2.84
YNR043W	0.12	-0.09	-0.06	-0.62	-0.71	-1.15	-1.64
YPL148C	0.04	-0.04	0	-0.29	-0.34	-0.51	-0.67
YMR049C	0.07	-0.29	-0.2	-0.92	-1.03	-1.64	-2.06
YIR033W	0.04	-0.12	-0.04	-0.36	-0.43	-0.74	-0.94
YMR058W	0.15	-0.18	-0.18	-0.79	-0.86	-1.56	-1.94
YLR009W	0.08	-0.3	-0.23	-0.79	-0.86	-1.79	-2.18
YMR241W	0.04	-0.1	-0.27	-0.67	-0.62	-1.29	-1.51
YDL213C	-0.18	-0.22	0.03	-0.81	-0.69	-1.69	-1.64
YNL182C	0.08	-0.06	0.15	-1.03	-0.97	-1.89	-1.94
YER002W	0.19	0	0.04	-0.94	-0.84	-1.74	-1.51
YLR449W	-0.04	-0.03	0.14	-1.18	-0.97	-2.64	-2.18
YLR087C	-0.04	0.01	-0.09	-0.36	-0.34	-0.89	-0.76
YHR037W	-0.07	0.01	-0.07	-0.42	-0.45	-0.81	-0.81
YNL062C	-0.1	0	0.01	-0.47	-0.64	-1.12	-1.06
YIL090W	-0.1		0	-0.34	-0.49	-0.92	-0.76
YBR245C	0.03	-0.1	0.01	-0.27	-0.42	-0.79	-0.62
YNL256W	0.06	-0.29	0.01	-0.76	-0.94	-1.84	-1.69
YMR239C	0.07	-0.23	0.07	-0.81	-0.94	-1.79	-1.84
YDL112W	-0.01	-0.1	0.01	-0.25	-0.43	-0.64	-0.67
YLR073C	0	-0.12	-0.09	-1	-0.81	-1.15	-1.47
YJL050W	-0.07	-0.12	-0.14	-0.84	-0.74	-1.18	-1.51
YMR128W	-0.18	-0.09	-0.17	-0.92	-0.71	-1.15	-1.51
YNL049C	-0.04	0.04	-0.27	-0.49	-0.6	-0.86	-1.18
YFL022C	0.06	0.07	-0.29	-0.76	-0.92	-1.09	-1.51
YMR093W	0.07	0	-0.45	-1.29	-1.32	-1.84	-2.47
YDL063C	-0.03	-0.03	-0.27	-0.92	-1.06	-1.51	-2.06
YGL226W	-0.01	0	-0.03	-0.23	-0.25	-0.34	-0.51
YPL126W	0.08	0.14	-0.15	-0.89	-1.25	-1.47	-2.18
YMR259C	0.04	0.06	-0.22	-0.62	-0.97	-1.09	-1.51
YEL046C	0.03	0.08	0	-0.69	-1.09	-1.51	-1.74
YIL060W	0.06	0.07	0	-0.23	-0.34	-0.47	-0.58
YGR245C	0.2	0.12	0.01	-1.03	-1.15	-1.51	-1.6
YDR413C	0.04	-0.04	0.01	-0.69	-0.71	-1	-1.29
YPR144C	0.08	0.14	-0.04	-1.22	-1.15	-1.69	-2.12
YLL008W	0.12	0.14	-0.07	-1.25	-0.94	-1.84	-2.06
YGR160W	0.32	0.11	-0.25	-1.47	-1.47	-2.47	-3.18
YCR053W	0.32	0.07	-0.01	-1.03	-0.67	-1.43	-1.69
YOR172W	-0.03	0	-0.03	-0.29	-0.14	-0.4	-0.45
YML016C	-0.03	0.01	-0.1	-0.34	-0.18	-0.67	-0.74
YDL122W	-0.17	0.11	-0.09	-0.25	-0.64	-1.12	-1.22
YPL127C	-0.2	-0.04	-0.14	-0.18	-0.36	-0.69	-0.67
YPR189W	-0.1	-0.07	-0.23	-0.18	-0.42	-0.79	-0.84
YLR256W	0.07	-0.04	-0.18	-0.23	-0.47	-0.92	-0.81
YPR164W	0.03	0	-0.04	-0.06	-0.18	-0.4	-0.34
YNL162W	-0.34	-0.38	-0.34	-0.56	-0.32	-1.29	-2
YIL039W	-0.12	-0.18	-0.34	-0.43	-0.34	-1.15	-1.56
YLR344W	-0.09	-0.18	-0.36	-0.71	-0.51	-1.56	-2.4
YIL148W	-0.12	-0.22	-0.42	-0.51	-0.4	-1.15	-2
YLR272C	-0.14	-0.18	-0.23	-0.23	-0.23	-0.79	-1.4
YHR141C	-0.03	-0.2	-0.22	-0.3	-0.36	-1.22	-2.06
YDR326C	0.03	-0.17	-0.34	-0.25	-0.36	-0.89	-1.47
YNL244C	-0.12	-0.22	-0.15	-0.34	-0.49	-0.92	-1.51
YNL292W	-0.06	-0.2	-0.03	-0.29	-0.42	-0.97	-1.43
YLL047W	0.01	-0.34	-0.34	-0.49	-0.67	-1.12	-1.94
YJR069C	-0.03	-0.34	-0.27	-0.3	-0.43	-0.84	-1.47
YKR043C	-0.1	-0.47	-0.38	-0.42	-0.6	-1.18	-1.89
YLR398C	0	-0.22	-0.14	-0.18	-0.23	-0.42	-0.71
YNL053W	-0.1	-0.36	-0.17	-0.34	-0.4	-0.76	-1.15
YLR244C	0.24	-0.15	-0.25	-0.47	-0.6	-1.12	-1.51
YPR071W	0	-0.09	-0.1	-0.18	-0.34	-0.51	-0.76
YOR370C	-0.03	-0.06	-0.23	-0.29	-0.42	-0.71	-1.43
YEL022W	0.01	-0.15	-0.15	-0.29	-0.51	-0.81	-1.56
YDL083C	0.11	-0.29	-0.18	-0.64	-0.81	-1.18	-2.4
YJR063W	0.03	-0.36	-0.1	-0.54	-0.84	-1.06	-2.06
YEL032W	0.01	-0.1	-0.18	-0.47	-0.62	-0.74	-1.47
YGR095C	-0.01	-0.18	-0.29	-0.43	-0.62	-0.79	-1.43
YCL050C	0.12	-0.1	-0.42	-0.45	-0.81	-0.92	-1.94
YOL098C	0.16	0.01	-0.29	-0.34	-0.49	-0.56	-1.09
YLR101C	0.14	0.01	-0.17	-0.25	-0.3	-0.43	-0.84
YJL012C	0.19	0.08	-0.27	-0.43	-0.58	-0.92	-1.47
YNL126W	0.04	0.01	-0.29	-0.36	-0.54	-0.76	-1.18
YPR033C	-0.1	-0.01	-0.38	-0.67	-0.64	-1.32	-1.79
YPR125W	0.01	-0.04	-0.3	-0.47	-0.51	-1.03	-1.56
YMR125W	0.06	-0.14	-0.18	-0.36	-0.3	-0.6	-1.06
YLR186W	0.07	-0.04	-0.3	-1	-0.69	-1.4	-2.4
YDL064W	-0.06	-0.27	-0.34	-0.62	-0.58	-0.81	-1.6
YLR208W	-0.09	-0.12	-0.34	-0.69		-0.86	-1.69
YNR050C	-0.1	-0.25	-0.64	-0.89	-0.54	-1.18	-2
YML032C	-0.1	-0.12	-0.36	-0.51	-0.42	-0.64	-1.06
YOL064C	-0.18	-0.25	-0.43	-0.51	-0.54	-0.84	-1.47
YNL236W	-0.2	-0.29	-0.51	-0.54	-0.51	-0.92	-1.43
YNL071W	0	-0.2	-0.27	-0.34	-0.25	-0.4	-0.71
YLR466W	-0.06	-0.34	-0.42	-0.34	-0.47	-0.81	-1.06
YLR223C	0.08	-0.27	-0.47	-0.47	-0.69	-1.15	-1.43
YKL083W	0.08	-0.2	-0.3	-0.27	-0.43	-0.84	-1.03
YLL067C	0.04	-0.23	-0.34	-0.22	-0.43	-0.71	-0.97
YLR145W	0.03	-0.18	-0.32	-0.3	-0.36	-0.56	-0.92
YHR158C	0.04	-0.01	-0.17	-0.18	-0.18	-0.32	
YDR389W	0.12	-0.07	-0.56	-0.64	-0.81	-1	-1.15
YPR019W	-0.03	-0.1	-0.51	-0.49	-0.56	-0.84	-0.84
YLL012W	0.06	-0.17	-0.69	-1.18	-1	-1.29	-1.79
YDR433W	-0.1	-0.1	-0.36	-0.67	-0.56	-0.79	-1.12
YOR342C	0.08	-0.23	-0.25	-0.54	-0.58	-0.79	-1.09
YOR146W	-0.01	-0.32	-0.27	-0.79	-0.97	-1.12	-1.84
YIL065C	0	-0.23	-0.36	-0.86	-0.81	-1.12	-1.84
YOL078W	0.01	-0.06	-0.18	-0.29	-0.23	-0.47	-0.64
YBL079W	0.06	-0.18	-0.3	-0.51	-0.47	-0.84	-1.12
YNL123W	-0.04	-0.25	-0.56	-0.81	-0.92	-1.56	-1.79
YNL313C	0.03	-0.29	-0.56	-0.97	-1.15	-1.64	-2.06
YJR054W	0.07	-0.12	-0.36	-0.49	-0.79	-1.09	-1.4
YMR067C	0.07	0.01	-0.29	-0.47	-0.6	-0.97	-1.18
YPL093W	0.03	-0.23	-0.3	-0.92	-1.29	-1.84	-2.18
YPL204W	0.01	-0.07	-0.38	-0.27	-0.47	-0.6	-1.12
YKL015W	0.08	-0.09	-0.29	-0.3	-0.4	-0.4	-1.12
YER113C	0.24	0.25	-0.12	-0.38	-0.47	-0.67	-1
YBR089W	0.04	0.14	-0.27	-0.47	-0.76	-1.25	-1.64
YJR025C	0.15	0.14	-0.07	-0.23		-0.64	-0.79
YKL074C	0.15	0.11	-0.07	-0.27	-0.3	-0.62	-0.74
YER036C	0.25	0.32	-0.32	-0.94	-1.15	-2.18	-2.18
YMR309C	0.34	0.29	-0.22	-0.76	-0.86	-1.36	-1.64
YNL189W	0.21	0.36	-0.3	-0.54	-0.67	-1.06	-1.25
YDL151C	0.06	0.32	-0.3	-0.62	-0.76	-1.06	-1.4
YPR195C	0	0.15	-0.04	-0.18	-0.27	-0.43	-0.45
YOL007C	0.12	0.26	-0.49	-0.56	-0.6	-1.09	-1.18
YLL021W	0.12	-0.1	-0.22	-0.4	-0.43	-1.09	-1
YHR049W	0.08	0.03	-0.27	-0.4	-0.36	-1.56	-1.36
YPR145W	0.2	-0.12	-0.12	-0.43	-0.56	-1.64	-1.47
YDR527W	0.04	0.01	-0.09	-0.42	-0.4	-1.36	-1.15
YDR341C	0.24	0.11	-0.07	-0.69	-0.6	-1.94	-1.69
YDL096C	0.21	0.08	-0.09	-0.22	-0.18	-1.06	-0.89
YJL111W	0.3	0.19	0.06	-0.32	-0.34	-1.56	-1.43
YGR264C	0.41	0.43	0	-0.71	-0.81	-2.56	-2.06
YDL145C	0.07	0.2	-0.09	-0.22	-0.27	-1.03	-1
YDR037W	0.07	0.36	-0.1	-0.56	-0.51	-1.94	-1.94
YDL084W	0.16	0.25	-0.04	-0.36	-0.43	-1.29	-1.47
YPL160W	-0.07	0	-0.34	-0.36	-0.62	-1.84	-2
YLR179C	-0.1	0.01	-0.34	-0.54	-0.58	-1.56	-1.79
YOL061W	-0.12	0	0.11	-0.58	-0.4	-1.47	-1.6
YDR321W	-0.01	0.07	0.24	-0.56	-0.43	-1.84	-2.06
YOR153W	0.2	0.11	0.14	-0.36	-0.74	-1.89	-1.94
YJL177W	0.34	0.14	0.14	-0.42	-0.62	-1.94	-2.4
YNL085W	0.04	0.01	0.01	-0.18	-0.34	-0.89	-1.06
YBR249C	0.15	0.04	0.14	-0.43	-0.6	-2	-2.4
YDR365C	0.03	0.06	0.21	-0.38	-0.62	-1.64	-1.94
YDL060W	0.08	0.08	0.16	-0.42	-0.54	-1.32	-1.79
YHR128W	0.24	0.07	0.24	-0.71	-0.67	-1.89	-2.32
YML075C	0.06	0.03	0.11	-0.22	-0.23	-0.62	-0.69
YDL050C	0.12	0.07	0.19	-0.47	-0.67	-1.56	-1.74
YLR180W	0.19	0.26	0.21	-0.92	-1.06	-2.56	-3.06
YPL211W	0.19	0.07	0.12	-0.54	-0.62	-1.32	-1.64
YMR308C	0.25	0.01	0.11	-0.45	-0.69	-1.47	-1.94
YBR038W	0.03	-0.03	0.06	-0.22	-0.3	-0.58	-0.74
YLR448W	0.34	0.03	-0.22	-0.62	-0.71	-1.89	-2.32
YLL044W	0.29	0.01	-0.17	-0.43	-0.71	-2.12	-2.56
YDL082W	0.19	0.01	-0.12	-0.36	-0.49	-1.74	-2.06
YKL156W	0.01	-0.07	-0.18	-0.29	-0.36	-1.12	-1.47
YNL247W	0	-0.15	-0.22	-0.42	-0.58	-1.56	-2.12
YMR318C	0.04	-0.04	-0.12	-0.43	-0.49	-1.47	-2.12
YOR234C	0.07	0.07	-0.12	-0.36	-0.49	-1.69	-2.32
YNL096C	0.12	-0.03	-0.32	-0.49	-0.4	-2.18	-2.84
YOR254C	-0.01	0	-0.22	-0.18	-0.23	-1.22	-1.69
YGL030W	-0.09	-0.15	0.04	-0.43	-0.34	-1.43	-2.06
YDR447C	0.06	-0.18	-0.23	-0.51	-0.3	-1.79	-2.06
YHR089C	-0.2	-0.34	-0.14	-0.71	-0.47	-2.18	-2.64
YKR094C	-0.07	-0.2	-0.12	-0.4	-0.36	-1.51	-1.84
YDR064W	-0.06	-0.12	-0.07	-0.56	-0.56	-2.12	-2.4
YDL208W	0.04	-0.15	0.04	-0.58	-0.49	-2.12	-2.64
YNL087W	0.08	-0.09	0.01	-0.32	-0.17	-1.32	-1.43
YLR212C	0.03	-0.23	0.11	-0.36	-0.64	-1.64	-2.06
YPL198W	0.12	-0.2	0.01	-0.6	-0.62	-1.79	-2.18
YER129W	0.06	-0.18	0.01	-0.3	-0.49	-1.06	-1.18
YLR406C	0.11	-0.09	0.06	-0.14	-0.36	-0.84	-1.25
YBR191W	0.07	-0.25	0.06	-0.23	-0.56	-1.74	-2.64
YBR189W	-0.03	-0.3	0.03	-0.27	-0.56	-2	-2.64
YPL142C	0.07	-0.36	0.12	-0.12	-0.42	-1.64	-2.25
YFR057W	0	-0.04	0.06	-0.1	-0.18	-1	-1.25
YKR013W	-0.04	-0.07	0.29	-0.14	-0.23	-1.4	-1.32
YDR062W	-0.06	0.06	0.19	-0.1	-0.27	-1.15	-1.32
YGR060W	0.11	0	0.38	-0.43	-0.43	-1.4	-1.6
YJR032W	0.07	-0.1	0.2	-0.3	-0.27	-0.86	-0.86
YPL143W	0.16	-0.14	0.38	-0.36	-0.3	-1.51	-1.36
YPL034W	0.06	-0.27	0.12	-0.3	-0.27	-1.15	-1.06
YGL097W	0.11	0.03	0	-0.1	-0.06	-0.62	-0.62
YGR061C	0.12	0.15	0.04	-0.18	-0.14	-1.29	-1.4
YBL076C	0.26	0.36	0.16	-0.23	-0.4	-1.79	-1.89
YGL008C	0.24	0.24	0.12	0	-0.3	-1.43	-1.51
YIL078W	0.12	0.12	-0.01	-0.1	-0.27	-0.97	-1.25
YER105C	-0.01	0.06	-0.06	-0.18	-0.03	-0.56	-0.69
YNL065W	0	0.29	-0.22	-1	-0.22	-2.18	-2.4
YJR024C	-0.12	0.06	-0.06	-0.49	-0.23	-0.74	-1.22
YHR078W	0.04	-0.06	-0.03	-0.29	-0.09	-0.54	-0.67
YDR180W	0.06	0.04	0.01	-0.43	-0.1	-0.69	-0.86
YMR146C	0.16	0.11	0.07	-0.51	-0.27	-1.06	-1.29
YOL077C	0.26	0.03	0.07	-0.81	-0.42	-1.43	-2.25
YGR285C	0.01	-0.09	0.14	-0.69	-0.18	-1.29	-1.94
YPL131W	0.06	0.08	0.15	-0.84	-0.23	-1.64	-2.56
YLR249W	0.06	0.03	0.12	-0.76	-0.06	-1.47	-2.74
YLR060W	-0.09	0.21	0.03	-0.43	-0.42	-1.12	-2.25
YLR044C	0.08	-0.15	-0.1	-0.2	-0.56	-1.22	-2.25
YJL080C	0.19	0.01	-0.23	-0.3	-0.4	-1.15	-1.84
YOL040C	0.11	0.06	-0.14	-0.42	-0.56	-1.51	-2.64
YJR145C	0.07	0.06	-0.25	-0.56	-0.42	-1.56	-2.64
YDL040C	0.06	0.11	-0.07	-0.36	-0.38	-0.89	-1.43
YPR104C	-0.04	-0.01	-0.1	-0.25	-0.17	-0.56	-1.03
YMR001C	0.04	-0.03	-0.27	-0.27	-0.3	-0.79	-1.56
YPR069C	-0.06	-0.06	-0.1	-0.09	-0.18	-0.36	-0.79
YLR100W	0.24	-0.01	-0.1	-0.14	-0.32	-0.56	-0.84
YPL106C	0.3	0.19	0.07	-0.27	-0.38	-0.36	-0.67
YKL211C	0.34	0.24	0.2	-0.36	-0.56	-0.58	-0.89
YDL110C	0.14	0.07	0.15	-0.17	-0.29	-0.25	-0.43
YGL157W	0.21	0.14	0.2	-0.43	-0.71	-0.6	-0.84
YGR055W	0.19	0.12	0.08	-0.36	-0.67	-0.47	-0.84
YHR077C	0.12	0.16	0.11	-0.15	-0.34	-0.42	-0.27
YMR101C	0.21	0.19	0.12	-0.18	-0.4	-0.51	-0.43
YCL020W	0.34	0.38	0.11	-0.34	-0.62	-0.76	-0.86
YMR011W	0.24	0.43	0.54	-0.3	-0.84	-1.22	-1.36
YMR246W	0.26	0.5	0.5	-0.56	-0.79	-1.29	-1.47
YOL022C	0.36	0.21	0.29	-0.42	-0.51	-0.84	-1.12
YER118C	0.34	0.21	0.34	-0.38	-0.58	-0.84	-1
YAR071W	0.5	0.38	0.4	-0.56	-1.22	-1.47	-1.84
YDL051W	0.12	0.48	0.24	-0.51	-0.84	-1.36	-1.47
YDR492W	0.08	0.24	0.41	-0.42	-0.56	-1.09	-1.25
YDR361C	0.2	0.08	0.38	-0.47	-0.74	-1.29	-1.51
YDR502C	0.3	0.16	0.56	-0.56	-0.89	-1.36	-1.51
YER110C	0.24	0.08	0.58	-0.6	-0.86	-1.94	-1.69
YDR165W	0.32	0.26	0.4	-0.69	-0.97	-2	-1.6
YPL019C	0.36	0.25	0.4	-0.56	-0.47	-1.36	-1.12
YER006W	0.45	0.12	0.52	-0.74	-0.74	-1.51	-1.51
YER025W	0.5	0.04	0.38	-0.49	-0.6	-1.4	-1.29
YOR335C	0.45	0.45	0.06	-0.67	-0.71	-1.74	-1.6
YJR016C	0.34	0.48	0.15	-0.58	-0.56	-1.56	-1.32
YOR355W	0.29	0.36	0.24	-0.62	-0.56	-1.36	-1.15
YHR215W	0.48	0.54	0.26	-0.74	-0.94	-1.94	-1.4
YDR406W	0.08	0.04	0.01	-0.12	-0.3	-0.45	-0.42
YNL206C	0.19	0.06	-0.03	-0.23	-0.43	-0.74	-0.76
YBL024W	0.34	-0.07	0.16	-0.58	-0.84	-1.6	-1.79
YJL070C	0.08	0.03	0.04	-0.1	-0.1	-0.17	-0.18
YJL069C	0.38	0.16	0.16	-0.89	-0.81	-1.22	-1.12
YIL068C	0.12	0.03	0.03	-0.25	-0.27	-0.42	-0.3
YLR221C	0.38	0.07	0.14	-0.62	-0.67	-1.29	-1
YDL195W	0.25	0.16	0.04	-0.47	-0.74	-1	-0.86
YNL022C	0.16	0.41	0.26	-0.64	-0.56	-0.84	-0.76
YGL039W	0.21	0.45	0.16	-0.81	-0.79	-1.47	-0.97
YNL308C	0.03	0.12	0.21	-0.97	-0.71	-1.32	-1.22
YLR397C	0.08	0.3	0.21	-0.84	-0.69	-1.18	-1.09
YLR373C	0.03	0.12	0.2	-0.36	-0.22	-0.56	-0.54
YNR013C	-0.06	0.19	0.25	-0.42	-0.36	-0.74	-0.69
YHR007C	0.09	0.16	0.4	-0.17	-0.28	-1.01	-0.89
YKR012C	0.15	0.25	0.32	-0.12	-0.23	-1	-0.89
YML123C	0.5	0.5	0.54	-0.56	-0.67	-2.32	-1.69
YBL100W-B	0.24	0.21	0.07	-0.15	-0.43	-1.09	-0.94
YHR098C	0.04	0.08	0.1	-0.12	-0.3	-1.06	-0.94
YER070W	0.21	0.12	0.24	-0.25	-0.71	-1.64	-1.4
YEL031W	0.08	0.11	0.15	-0.17	-0.43	-1.22	-0.84
YNL013C	0.14	0.04	0.25	-0.42	-0.69	-2.06	-1.47
YPL163C	0.24	0.07	0.06	-0.34	-0.42	-1.84	-1
YLR098C	0.14	-0.01	0.16	-0.03	-0.32	-1.18	-0.71
YBR093C	0.36	0.24	0.92	-0.27	-0.71	-1.43	-1.43
YER052C	0.48	0.29	0.69	-0.18	-0.64	-1.25	-1.47
YEL055C	0.26	0.38	0.6	-0.25	-0.49	-0.92	-1.29
YGR124W	0.5	0.67	0.56	-0.36	-0.51	-1.36	-1.64
YER043C	0.54	0.4	0.69	-0.6	-0.43	-1	-1.56
YDR091C	0.45	0.3	0.5	-0.42	-0.47	-0.89	-1.25
YFL023W	0.34	0.2	0.41	-0.51	-0.42	-0.71	-0.97
YPR041W	0.24	0.11	0.3	-0.22	-0.29	-0.4	-0.94
YER138C	0.19	0.15	0.12	-0.12	-0.34	-0.45	-0.74
YLR017W	0.24	0.2	0.16	-0.43	-0.67	-0.79	-1.36
YBL039C	0.14	0.36	0.24	-0.56	-1.12	-1.29	-1.84
YER049W	0.06	0.3	0.06	-0.49	-0.84	-1	-1.6
YBR048W	0.12	0.2	0.07	-0.42	-1	-1.51	-2.47
YBR092C	0.07	0.07	0.26	-0.47	-0.92	-1.51	-2.12
YBR259W	0	0.08	0.07	-0.23	-0.43	-0.76	-0.84
YHR023W	0	0.04		-0.07	-0.3	-0.45	-0.54
YDL036C	0.08	0.15	0.3	-0.1	-0.42	-0.36	-0.81
YEL042W	0.16	0.2	0.54	-0.22	-0.56	-0.67	-1.36
YGL028C	0.19	0.14	0.52	-0.27	-0.67	-0.92	-1.43
YER072W	0.06	0.08	0.34	-0.1	-0.3	-0.56	-0.92
YNL139C	-0.01	0.08	0.16	-0.17	-0.3	-0.47	-0.67
YOR206W	0.06	0.11	0.41	-0.56	-0.81	-1.15	-1.94
YLR222C	0.16	0.21	0.32	-0.43	-0.58	-0.89	-1.47
YEL040W	0.21	0.4	0.56	-0.58	-0.81	-1.18	-2.12
YCR016W	0.24	0.15	0.58	-0.58	-0.62	-1	-1.56
YBR154C	0.12	-0.03	0.29	-0.3	-0.4	-0.43	-1.15
YAL012W	0.11	-0.01	0.56	-0.58	-0.74	-1.25	-2.56
YER093C	0.07	0.04	0.04	-0.1	-0.22	-0.27	-0.62
YMR131C	0.21	0.11	0.32	-0.42	-0.84	-1.32	-2.56
YJR064W	0.19	0.11	0.15	-0.12	-0.32	-0.62	-1.43
YBR121C	0.43	0.15	0.26	-0.42	-0.42	-1.06	-1.79
YKL212W	0.2	0.04	0.16	-0.1	-0.3	-0.56	-1.06
YPL140C	0.16	0	0.12	-0.03	-0.15	-0.4	-0.64
YKL080W	0.14	0.2	0.3	-0.14	-0.09	-0.67	-1.22
YLR175W	0.32	0.48	0.76	-0.32	-0.42	-1.32	-2.32
YBR084W	0.29	0.48	0.4	-0.29	-0.42	-0.86	-1.64
YGR087C	0.21	0.19	0.32	-0.36	-0.27	-0.84	-1.09
YOL097C	0.32	0.3	0.32	-0.34	-0.43	-1	-1.56
YLR335W	0.21	0.32	0.3	-0.32	-0.36	-0.81	-1.15
YGR162W	0.29	0.34	0.3	-0.47	-0.58	-1.03	-1.56
YCR032W	0.14	0.11	0.08	-0.15	-0.22	-0.58	-0.76
YHR064C	0.36	0.38	0.11	-0.36	-0.56	-1.29	-1.79
YNR053C	0.2	0.41	0.29	-0.49	-0.6	-1.74	-2.4
YJL138C	0.29	0.19	0.43	-0.12	-0.49	-1.4	-1.89
YAR073W	0.32	0.48	0.5	-0.1	-0.47	-1.69	-2.25
YLR134W	0.29	0.5	0.3	-0.15	-0.43	-1.18	-1.74
YLR339C	0.32	0.48	0.3	-0.22	-0.67	-1.79	-2.56
YHR019C	0.12	0.4	0.43	-0.2	-0.42	-1.25	-1.6
YKL165C	-0.03	0.19	0.19	-0.1	-0.23	-0.56	-0.71
YER060W	-0.03	0.3	0.36	-0.56	-0.42	-1.22	-1.69
YOL006C	0.07	0.06	0.19	-0.34	-0.23	-0.64	-0.92
YAL036C	0.12	0.03	0.38	-0.67	-0.56	-1.32	-1.94
YOL014W	-0.14	-0.01	0.48	-0.49	-0.42	-1.12	-1.56
YDR354W	-0.03	0.19	0.07	-0.23	-0.2	-0.43	-0.64
YBR238C	0.15	0.94	0.38	-0.79	-0.97	-1.51	-2.32
YDR395W	0.15	0.4	0.3	-0.56	-0.69	-0.94	-1.36
YGL016W	0.08	0.3	0.32	-0.4	-0.71	-0.69	-1.09
YNL288W	0.2	0.34	0.32	-0.36	-0.36	-0.4	-0.71
YIR012W	0.3	0.45	0.52	-0.62	-0.64	-0.84	-1.43
YKR092C	0.2	0.4	0.4	-0.47	-0.49	-0.67	-1.25
YHR170W	0.08	0.38		-0.3	-0.47	-0.56	-1.09
YHR068W	0.08	0.38	0.41	-0.23	-0.4	-0.43	-1.06
YOL002C	-0.12	0.16	0.38	-0.18	-0.23	-0.76	-1.12
YPR070W	-0.12	0.03	-0.01	-0.14	-0.4	-0.43	-0.49
YCR028C	-0.04	0.04	0	-0.1	-0.29	-0.34	-0.4
YNL201C	-0.01	0.07	-0.07	-0.22	-0.47	-0.42	-0.51
YKR050W	-0.01	0.07	0.01	-0.22	-0.49	-0.36	-0.54
YNL222W	0.03	0.08	0.01	-0.17	-0.43	-0.49	-0.4
YCL061C	-0.12	0.19	-0.05	-0.3	-0.48	-0.63	-0.54
YKL101W	-0.3	-0.34	-0.2	-0.06	-0.07	-1.03	-0.58
YPL058C	-0.23	-0.36	-0.27	-0.1	0	-0.86	-0.81
YOR203W	-0.27	-0.29	-0.07	-0.27	0.07	-1.15	-0.94
YLL051C	-0.29	-0.22	-0.1	-0.34	-0.12	-0.69	-0.58
YPL267W	-0.34	-0.29	-0.07	-0.36	-0.1	-0.76	-0.94
YNL004W	-0.3	-0.27	0.03	-0.47	-0.23	-0.49	-0.76
YHR039C	-0.2	-0.06	0.08	-0.25	-0.18	-0.54	-0.6
YOR381W	-0.29	-0.18	0.11	-0.27	-0.23	-0.81	-1.09
YIL040W	-0.3	-0.29	0.12	-0.22	-0.14	-0.54	-0.86
YPL080C	-0.62	-0.56	0.19	-0.58	-0.54	-1.12	-1.74
YPL246C	-0.34	-0.15	0.06	-0.34	-0.17	-0.79	-1.47
YKR061W	-0.23	-0.23	0.04	-0.01	-0.14	-0.56	
YJL092W	-0.18	-0.42	0.03	-0.07	-0.4	-0.84	-0.81
YOL029C	-0.23	-0.36	-0.06	-0.06	-0.3	-0.67	-0.86
YDR544C	-0.34	-0.29	-0.15	-0.1	-0.29	-0.67	-0.71
YNL273W	-0.12	-0.2	-0.23	-0.04	-0.23	-0.67	-0.74
YMR299C	-0.18	-0.3	-0.1	-0.04	-0.01	-0.45	-0.74
YJL189W	0	-0.56	-0.36	-0.58	-0.36	-1.64	-2.06
YLL049W	-0.09	-0.23	0	0.01	-0.14	-0.51	-0.79
YNL043C	-0.09	-0.34	0.01	-0.07	-0.09	-0.84	-1.36
YNL090W	-0.06	-0.18	-0.06	-0.04	-0.12	-0.81	-1.09
YPL081W	-0.18	-0.43	-0.23	-0.38	-0.22	-1.51	-2.18
YOR182C	-0.17	-0.49	-0.23	-0.17	-0.38	-1.25	-1.89
YJL157C	-0.06	0.06	-0.07	-0.09	-0.01	-1.25	-1.51
YOR326W	-0.23	-0.1	-0.06	-0.18	-0.01	-1.32	-1.47
YMR305C	-0.1	-0.22	0.15	-0.18	0	-1.43	-1.69
YKL073W	-0.2	-0.29	-0.06	0.08	0.04	-0.84	-1.29
YIL094C	0	-0.23	-0.1	0	0.12	-1	-1.51
YML072C	0.03	-0.04	-0.01	0.03	0.08	-0.49	-0.71
YOR357C	-0.14	-0.1	0.04	-0.17	0.03	-0.97	-1.79
YLR086W	0	-0.03	-0.01	-0.1	0.07	-0.32	-0.6
YGR105W	-0.07	-0.14	0.07	-0.09	0.04	-0.36	-0.56
YLR138W	-0.15	-0.27	0.12	-0.1	-0.04	-0.81	-1.12
YPL239W	-0.03	-0.14	0.14	-0.1	-0.09	-0.38	-0.58
YIL096C	-0.12	-0.49	0.12	-0.62	0.08	-1	-1.36
YNL217W	-0.14	-0.27	0.08	-0.12	0.16	-0.67	-0.76
YLR020C	0.03	-0.23	0	0.04	-0.14	-0.38	-0.58
YGR140W	0.04	-0.32	0.04	-0.07	-0.42	-0.6	-0.3
YLL066C	0.06	-0.1	-0.04	-0.04	-0.4	-0.67	-0.51
YPL022W	-0.04	-0.25	-0.25	0.06	-0.14	-0.84	-0.43
YIL173W	0	-0.06	-0.22	-0.04	-0.15	-0.29	-0.22
YJL129C	-0.01	-0.23	0	-0.25	-0.15	-0.2	-0.36
YGR217W	0.03	-0.12	0.01	-0.12	-0.01	-0.09	-0.15
YOL003C	0.12	-0.12	-0.01	-0.06	-0.18	-0.01	-0.18
YJR086W	0.34	-0.14	0.01	-0.06	-0.2	-0.04	-0.67
YDR381W	0.32	-0.1	-0.12	-0.1	-0.29	0.03	-0.89
YLR143W	0.2	0.2	-0.81	-0.07	-0.56	-0.12	-1.06
YNL269W	-0.09	0.14	-0.27	-0.25	-0.43	-0.04	-0.04
YDR269C	-0.08	0.04	-0.38	-0.45	-0.62	-0.03	-0.16
YHR155W	0.01	0.11	-0.23	-0.4	-0.49	-0.03	-0.12
YOR014W	0.04	0.03	-0.27	-0.38	-0.34	-0.06	-0.09
YIL056W	0.04	0.03	-0.3	-0.76	-0.64	-0.22	-0.03
YOR023C	0.2	-0.09	-0.67	-1.29	-1	-0.18	0.25
YDL168W	0.11	-0.07	-0.23	-0.42	-0.45	-0.03	0.04
YEL065W	0.26	-0.34	-0.38	-1.18	-1.18	-0.17	0.26
YGL056C	-0.01	-0.27	-0.34	-0.94	-1.09	-0.27	0.06
YDR184C	-0.01	-0.12	-0.27	-0.89	-0.97	-0.56	0.14
YNL251C	0.06	-0.18	-0.3	-0.6	-0.67	-0.47	0.24
YKL010C	0	-0.1	-0.27	-0.42	-0.17	-0.15	-0.07
YOR363C	0.03	-0.18	-0.3	-0.58	-0.32	-0.18	-0.04
YHR056C	0.12	-0.36	-0.51	-0.81	-0.62	-0.09	-0.06
YPR124W	-0.03	-0.23	-0.67	-0.69	-0.74	-0.23	-0.04
YKL020C	-0.06	-0.36	-0.71	-0.92	-0.92	-0.45	-0.18
YJL090C	-0.09	-0.34	-0.45	-0.56	-0.6	-0.25	-0.12
YLR094C	0.06	-0.4	-0.79	-0.71	-0.54	-0.18	-0.34
YJL056C	-0.07	-0.3	-0.79	-0.94		-0.29	-0.58
YDR006C	0.15	-0.27	-1.12	-1.6	-1.51	-0.58	-0.86
YJR137C	-0.03	-0.07	-0.36	-0.58	-0.51	-0.23	-0.27
YKR021W	-0.06	-0.1	-0.49	-0.54	-0.54	-0.23	-0.22
YJL195C	0.01	-0.18	-1	-1.15	-1.12	-0.97	-0.71
YIL106W	-0.06	-0.09	-0.49	-0.42	-0.58	-0.32	-0.34
YOL060C	-0.04	-0.09	-0.34	-0.23	-0.36	-0.2	-0.25
YPL136W	-0.04	0	-0.74	-0.49	-0.62	-0.22	-0.42
YER169W	-0.03	0.11	-0.6	-0.49	-0.62	-0.23	-0.3
YDL119C	-0.06	-0.18	-0.4	-0.17	-0.43	-0.23	-0.29
YGR242W	-0.09	-0.27	-0.54	-0.67	-0.38	-0.62	-0.27
YDR013W	-0.23	-0.12	-0.3	-0.47	-0.22	-0.56	-0.34
YNL048W	-0.18	-0.07	-0.34	-0.56	-0.14	-0.71	-0.4
YHL006C	-0.18	-0.18	-0.03	-0.38	-0.23	-0.27	-0.25
YNR017W	-0.29	-0.23	-0.23	-0.74	-0.43	-0.54	-0.64
YKL173W	-0.27	-0.12	-0.23	-0.6	-0.27	-0.54	-0.56
YNL143C	-0.27	-0.07	-0.34	-0.54	-0.38	-0.32	-0.54
YNL026W	-0.23	-0.09	-0.23	-0.43	-0.3	-0.15	-0.42
YDR295C	-0.1	-0.04	-0.06	-0.17	-0.15	-0.1	-0.23
YOR185C	0.11	-0.1	-0.09	-0.84	-0.27	-0.3	-0.51
YLR437C	0.08	-0.09	-0.09	-0.43	-0.18	-0.1	-0.1
YKL032C	-0.04	-0.2	-0.22	-0.81	-0.43	-0.18	-0.23
YOL089C	-0.06	-0.1	-0.15	-0.43	-0.3	-0.22	-0.18
YHR061C	-0.04	-0.14	-0.23	-0.62	-0.4	-0.47	-0.36
YJR147W	-0.06	-0.06	-0.27	-1.03	-0.76	-0.81	-0.45
YLR403W	-0.07	-0.25	-0.4	-1.12	-0.71	-0.92	-0.25
YPL023C	0.04	0.04	-0.17	-0.74	-0.49	-0.69	-0.23
YHR205W	0.25	-0.12	-0.23	-1.25	-1.09	-1.15	-0.45
YAL043C	0.03	-0.1	-0.62	-1.15	-0.62	-1.12	-0.4
YOR043W	-0.03	0.19	-0.18	-0.74	-0.54	-0.67	-0.12
YIL141W	-0.17	0.04	-0.1	-0.6	-0.51	-0.56	-0.23
YNL204C	-0.15	-0.03	-0.1	-0.58	-0.2	-0.4	0.03
YIL137C	-0.03	0	-0.23	-0.67	-0.34	-0.29	-0.04
YGL215W	-0.06	-0.23	-0.12	-1.15	-0.69	-0.64	-0.04
YLR439W	0.08	-0.1	-0.1	-0.62	-0.22	-0.27	0.03
YDR351W	0.01	-0.03	0	-0.62	-0.14	-0.23	-0.1
YKL048C	-0.17	-0.1	-0.06	-0.58	-0.09	-0.23	-0.18
YJL107C	-0.34	-0.15	-0.32	-0.56	-0.47	-0.3	-0.1
YMR172W	-0.4	-0.27	-0.36	-0.6	-0.54	-0.56	-0.03
YPL272C	-0.23	-0.29	-0.43	-0.6	-0.56	-0.51	-0.17
YNR015W	-0.2	-0.43	-0.3	-0.74	-0.81	-0.49	-0.01
YPL222W	-0.23	-0.25	-0.1	-0.4	-0.42	-0.36	-0.09
YIL163C	-0.29	-0.29	-0.1	-0.45	-0.42	-0.36	0.04
YFR030W	-0.23	-0.49	-0.51	-0.34	-0.86	-0.54	-0.09
YOL037C	-0.23	-0.43	-0.43	-0.51	-0.76	-0.43	-0.04
YOR302W	-0.27	-0.36	-0.51	-0.62	-1.03	-0.94	-0.03
YPL024W	-0.27	-0.36	-0.51	-0.4	-0.56	-0.67	0.06
YNR068C	-0.17	-0.45	-0.64	-0.45	-0.74	-0.69	0.2
YKL198C	-0.42	-0.36	-0.29	-0.38	-0.49	-0.43	0.14
YOR093C	-0.36	-0.23	-0.22	-0.3	-0.29	-0.43	0.06
YDR543C	-0.23	-0.27	-0.12	-0.3	-0.27	-0.38	0.01
YJR162C	-0.4	-0.47	-0.34	-0.43		-0.64	-0.04
YPR039W	-0.23	-0.23	-0.22	-0.34	-0.18	-0.34	-0.03
YPR131C	0.06	-0.22	-0.18	-0.18	-0.34	-0.51	0.04
YLR188W	0.01	-0.18		-0.25	-0.43	-0.45	0.06
YNL061W	-0.03	-0.51	-0.42	-1.29	-1.36	-2.25	0.01
YNL198C	0.01	-0.3	-0.18	-0.49	-0.42	-0.6	-0.12
YPR024W	-0.03	-0.01	-0.38	-0.34	-0.6	-0.56	-0.2
YPR022C	-0.04	-0.22	-0.3	-0.42	-0.74	-0.54	-0.23
YJL019W	0.07	-0.14	-0.1	-0.23	-0.62	-0.47	-0.03
YDL120W	0.04	-0.22	-0.1	-0.17	-0.67	-0.38	-0.27
YCR037C	0.2	0	-0.06	-0.42	-0.64	-0.36	-0.01
YPL229W	0.24	-0.03	0	-0.2	-0.42	-0.14	-0.18
YJR151C	0.19	-0.01	-0.09	-0.1	-0.23	-0.2	-0.06
YBR232C	0.15	0.36	-0.25	-0.34	-0.51	-0.36	-0.3
YBL012C	0.11	0.19	-0.18	-0.22	-0.15	-0.23	-0.14
YGR218W	0.25	0.5	-0.04	-0.58	-0.43	-0.67	-0.27
YDR143C	0.2	0.12	0.04	-1.06	-0.86	-0.56	-0.56
YKL021C	0.04	0.01	0.06	-0.56	-0.74	-0.4	-0.4
YCR057C	0.11	0.15	0.14	-0.89	-1.12	-0.94	-0.43
YPL061W	0.38	-0.12	-0.2	-0.92	-1.32	-1.15	-0.56
YPR122W	-0.06	0.08	-0.18	-0.27	-0.36	-0.42	-0.25
YBR115C	0.19	0.38	-0.45	-0.81	-1.06	-0.97	-0.76
YDR409W	0.04	0.07	-0.25	-0.47	-0.67	-0.51	-0.34
YLR099C	0.11	0	-0.36	-0.49	-0.86	-0.71	-0.58
YDR509W	0.06	0.12	-0.27	-0.32	-0.58	-0.49	-0.51
YPL137C	0	0.04	-0.22	-0.47	-0.79	-0.71	-0.74
YMR016C	0.14	0.2	-0.23	-0.47	-0.6	-0.43	-0.64
YGL009C	0.12	0.52	0.03	-0.43	-0.6	-0.4	-0.3
YEL071W	0.32	0.58	-0.01	-0.76	-1.12	-0.62	-0.69
YGL013C	0.2	0.32	0.03	-0.56	-0.79	-0.42	-0.36
YEL049W	0.06	0.21	0	-0.3	-0.4	-0.22	-0.18
YBL088C	0.03	0.5	0.04	-0.54	-1.03	-0.51	-0.47
YKL014C	0.03	0.19	-0.03	-0.18	-0.32	-0.09	-0.2
YGL083W	0.24	0.24	-0.09	-0.38	-0.74	-0.47	-0.49
YLR177W	0.12	0.11	0.01	-0.15	-0.32	-0.23	-0.18
YBR113W	0.07	0.26	-0.15	-0.32	-0.64	-0.54	-0.18
YDR437W	0.04	0.34	0.01	-0.18	-0.42	-0.36	-0.12
YDR217C	0.11	0.41	0.14	-0.51	-0.62	-0.67	-0.18
YCR018C	-0.01	0.21	0.06	-0.2	-0.3	-0.36	-0.15
YDR095C	-0.01	0.15	0.08	-0.22	-0.36	-0.3	-0.14
YBR188C	0.08	0.25	0.11	-0.1	-0.58	-0.42	-0.32
YLL048C	0.07	-0.03	0.06	-0.03	-0.34	-0.1	-0.27
YDL118W	0.04	-0.1	0.03	-0.18	-0.79	-0.4	-0.58
YPL085W	-0.01	0.07	0.06	-0.09	-0.49	-0.34	-0.36
YNL095C	0.04	0.12	0.16	-0.42	-0.94	-0.3	-0.69
YLR385C	-0.06	-0.14	0	-0.22	-0.69	-0.2	-0.47
YBL067C	-0.12	-0.17	0.11	-0.42	-0.86	-0.23	-0.58
YDR097C	-0.18	-0.09	0.12	-0.34	-0.92	-0.27	-0.49
YHR079C-A	-0.07	-0.03	0.03	-0.18	-0.47	-0.18	-0.23
YOR173W	-0.07	0.01	-0.03	-0.2	-0.47	-0.22	-0.32
YDR431W	-0.09	-0.1	-0.04	-0.23	-0.62	-0.36	-0.32
YNL088W	-0.09	-0.1	0.01	-0.23	-0.49	-0.29	-0.2
YBR265W	-0.17	-0.1	0.21	-0.25	-0.6	-0.23	-0.29
YBR099C	-0.12	0.14	0.12	-0.23	-0.67	-0.58	-0.15
YLR450W	-0.14	-0.03	-0.03	-0.17	-0.43	-0.51	-0.07
YPL167C	-0.2	-0.01	0	-0.34	-0.43	-0.51	-0.1
YIL048W	-0.47	-0.17	-0.1	-0.12	-0.42	-0.58	-0.17
YFL033C	-0.3	-0.09	-0.23	-0.15	-0.38	-0.58	-0.34
YKL066W	-0.43	0.04	0	-0.12	-0.42	-0.43	-0.47
YPL283C	-0.27	0	-0.15	-0.18	-0.64	-0.42	-0.4
YNR031C	-0.19	-0.09	-0.05	-0.19	-0.44	-0.39	-0.3
YPL047W	-0.18	-0.07	0.04	-0.09	-0.38	-0.36	-0.23
YPL233W	-0.1	-0.09	0	-0.06	-0.4	-0.34	-0.27
YCR059C	-0.15	0.21	0.16	-0.43	-0.67	-0.47	-0.51
YNL329C	-0.1	0.06	0.04	-0.34	-0.34	-0.36	-0.32
YHR006W	-0.09	0.03	0.03	-0.4	-0.38	-0.27	-0.27
YGR121C	-0.27	-0.1	-0.07	-0.64	-0.56	-0.29	-0.36
YCR106W	-0.36	0.04	0.03	-0.62	-0.71	-0.3	-0.47
YMR103C	-0.23	0.01	0.03	-0.3	-0.3	-0.18	-0.23
YPR007C	-0.36	-0.09	0	-0.45	-0.56	-0.3	-0.51
YDR274C	-0.23	-0.06	0	-0.3	-0.34	-0.26	-0.32
YLR419W	-0.3	-0.14	0.11	-0.43	-0.64	-0.56	-0.47
YOL110W	-0.22	-0.05	0.11	-0.32	-0.51	-0.37	-0.39
YOR349W	-0.25	-0.03	0.14	-0.43	-0.29	-0.3	-0.29
YCR073C	-0.32	-0.09	-0.06	-0.29	-0.25	-0.32	-0.1
YMR190C	-0.25	0.03	-0.07	-0.38	-0.3	-0.34	-0.15
YGR104C	-0.23	0.03	-0.09	-0.36	-0.22	-0.23	-0.14
YLL032C	-0.3	0.11	-0.2	-0.3	-0.47	-0.4	-0.17
YJL113W	-0.25	0.07	-0.1	-0.36	-0.62	-0.18	-0.23
YJL207C	-0.17	0.03	-0.15	-0.27	-0.64	-0.27	-0.27
YMR019W	-0.18	0.06	-0.07	-0.29	-0.54	-0.3	-0.12
YHR065C	-0.23	-0.12	-0.06	-0.47	-0.51	-0.3	-0.12
YLR131C	-0.3	-0.04	-0.17	-0.36	-0.43	-0.25	-0.12
YPL161C	-0.2	-0.07	-0.22	-0.42	-0.71	-0.36	-0.18
YPL274W	-0.25	-0.06	-0.32	-0.56	-0.67	-0.4	-0.17
YLR281C	-0.25	0	-0.15	-0.49	-0.54	-0.42	-0.23
YEL035C	-0.3	-0.14	-0.23	-0.3	-0.69	-0.32	-0.2
YMR164C	-0.36	-0.18	-0.2	-0.43	-0.62	-0.36	-0.12
YPR068C	-0.3	-0.14	-0.1	-0.25	-0.51	-0.32	-0.09
YJR049C	-0.1	-0.17	-0.07	-0.23	-0.38	-0.15	-0.07
YHR191C	-0.12	-0.23	-0.09	-0.62	-0.64	-0.42	-0.32
YPR096C	-0.07	-0.14	-0.1	-0.27	-0.32	-0.27	-0.18
YDR443C	-0.15	-0.03	-0.22	-0.27	-0.42	-0.23	-0.3
YDR042C	-0.4	-0.12	-0.42	-0.38	-0.56	-0.32	-0.43
YGR270W	-0.18	-0.14	-0.23	-0.09	-0.1	-0.36	-0.14
YLR135W	-0.18	-0.15	-0.1	-0.1	0.06	-0.4	0.08
YJL098W	-0.06	-0.4	-0.3	-0.1	-0.89	-1.74	0.15
YPR202W	0.01	-0.14	0.04	-0.12	-0.3	-1.06	0.24
YER102W	-0.27	-0.06	-0.15	-0.25	-0.3	-1.32	0.01
YHR020W	-0.12	-0.07	-0.1	-0.1	-0.1	-0.67	0
YCL014W	-0.2	-0.07	-0.17	-0.27	-0.17	-1.22	0.15
YOR033C	-0.04	-0.03	-0.18	-0.3	-0.3	-0.84	0.11
YNL286W	-0.14	-0.22	-0.23	-0.17	-0.1	-0.58	-0.01
YNL089C	-0.12	-0.32	-0.23	-0.23	-0.18	-0.67	
YGL197W	-0.18	-0.2	-0.25	-0.43	-0.22	-0.76	0.12
YCR081W	-0.27	-0.23	-0.51	-0.64	-0.3	-0.84	0.11
YAL064W	-0.43	-0.1	-0.18	-0.42	-0.18	-0.69	0.21
YNL212W	-0.1	-0.12	0	-0.29	-0.04	-0.36	0.03
YPL029W	-0.12	-0.25	0.14	-0.36	-0.2	-0.69	0
YLL005C	-0.23	-0.07	0.14	-0.42	-0.2	-0.6	-0.09
YJR109C	0.29	0.11	-0.56	-0.84	-0.6	-0.97	0.3
YLR436C	0.11	-0.18	-0.17	-0.17	-0.2	-0.29	0.15
YER111C	0.08	-0.06	-0.04	-0.15	-0.3	-0.47	0.14
YEL075C	0.25	0.04	-0.04	-0.04	-0.58	-0.81	0.21
YBL112C	0.5	0.01	-0.1	0.01	-0.36	-0.58	0.12
YBR190W	-0.07	0.69	-0.29	-0.34	-0.67	-1.15	0.01
YPL207W	0.21	0.25	0.14	-0.04	-0.15	-0.45	0.21
YBR023C	0.21	0.52	0.25	-0.09	-0.34	-0.89	0.21
YFL065C	0.21	0.45	0.21	-0.06	-0.4	-0.79	0.21
YCL017C	0.04	0.34	0.15	-0.3	-0.29	-0.56	0.14
YOL057W	0.15	0.52	0.32	-0.38	-0.34	-0.56	-0.04
YLR347C	0.19	0.36	0.24	-0.38	-0.4	-0.47	-0.1
YKL022C	0.19	0.12	0.2	-0.12	-0.2	-0.29	0.06
YBR025C	0.64	0.41	0.12	-0.34	-0.69	-0.74	0.08
YBR073W	0.29	0.19	0.2	-0.23	-0.62	-0.51	-0.14
YNL054W	0.14	0.08	0.04	-0.1	-0.34	-0.27	-0.1
YBL111C	0.34	0.45	0.14	0.14	-0.49	-0.51	-0.04
YHR218W	0.32	0.41	0.12	0.04	-0.4	-0.49	-0.09
YAL053W	0.2	0.41	0.24	0	-0.3	-0.51	-0.06
YDL058W	0.16	0.34	0.12	-0.1	-0.27	-0.34	-0.03
YBL100W-A	0.25	0.62	0.24	-0.1	-0.42	-0.76	-0.4
YPL191C	0.06	0.21	0.25	-0.03	-0.42	-0.38	0.03
YLR465C	0	0.12	0.14	0.04	-0.3	-0.25	0.06
YIL115C	0.04	0.03	0.25	-0.1	-0.14	-0.34	-0.09
YEL001C	0.15	0.19	0.21	-0.07	-0.06	-0.62	-0.03
YPL179W	0.15	0.2	0.29	-0.34	-0.1	-1.03	0.12
YPR058W	0.01	-0.1	0.67	-0.56	-0.43	-1.25	-0.01
YDR349C	0.12	-0.01	0.58	-0.42	-0.32	-1.12	0.25
YNL014W	0.03	0.03	0.21	-0.47	-0.71	-1.22	0.21
YPL255W	-0.03	-0.07	0.03	-0.18	-0.3	-0.56	-0.06
YDR039C	0.14	0.06	-0.14	-0.49	-0.67	-1.64	-0.25
YGR014W	0.04	-0.03	0.12	-0.3	-0.3	-1.09	-0.3
YDR491C	0.06	0.26	0.16	-0.67	-0.43	-1.69	-0.45
YGR094W	0.11	0.24	-0.01	-0.74	-0.47	-2.06	-0.3
YOR095C	-0.04	-0.06	0.16	-0.84	-0.79	-2.12	-0.2
YGR090W	0.04	-0.06	0.29	-0.69	-0.4	-1.51	-0.06
YPL221W	0.06	0.26	-0.03	-0.22	-0.36	-1.09	0.08
YHR073W	0.15	0.21	0.08	-0.23	-0.15	-0.67	-0.17
YDR150W	0.08	0.14	0.11	-0.23	-0.22	-0.67	-0.27
YBR133C	0.25	0.36	0.29	-0.47	-0.42	-1.22	-0.49
YGR234W	0.21	0.45	0.34	-0.64	-0.54	-1.29	-0.51
YOR243C	0.15	0.32	0.48	-0.47	-0.36	-1.15	-0.4
YHR197W	0.2	0.3	0.4	-0.29	-0.56	-1	-0.43
YDR333C	0.2	0.15	0.24	-0.47	-0.27	-0.6	-0.3
YDR141C	0.14	0.07	0.16	-0.3	-0.23	-0.25	-0.18
YKL104C	0.19	0.21	0.29	-0.56	-0.56	-0.67	-0.18
YNL186W	0	0.32	0.16	-0.74	-0.67	-0.94	-0.54
YLR433C	0.11	0.16	0.12	-0.6	-0.4	-0.67	-0.3
YDR189W	0.2	0.21	0.08	-0.45	-0.38	-0.69	-0.23
YDR507C	0.16	0.07	0.01	-0.2	-0.23	-0.34	-0.18
YDR101C	0.38	0.25	0.32	-1	-1.32	-1.89	-0.84
YPL157W	0.15	0.03	0	-0.43	-0.58	-0.67	-0.38
YOR108W	0.2	0.25	0.16	-0.36	-0.58	-0.84	-0.12
YBR069C	0.3	0.19	0.38	-0.74	-1.03	-1.64	-0.29
YEL074W	0.06	0.12	0.08	-0.27	-0.43	-0.84	-0.07
YIL175W	0.03	-0.07	0.12	-0.62	-0.49	-0.94	-0.1
YDR038C	0.04	-0.09	0.07	-0.69	-0.86	-1.09	-0.3
YJL125C	-0.04	0.07	0.21	-0.97	-0.81	-1.32	-0.38
YPR054W	-0.17	0	-0.03	-0.89	-0.71	-1.32	-0.45
YDR040C	-0.06	-0.1	-0.03	-0.79	-0.74	-1.18	-0.45
YDR489W	-0.06	-0.03	0	-0.56	-0.27	-0.69	-0.23
YNL314W	-0.1	-0.1	0.08	-0.49	-0.27	-0.43	-0.23
YDR412W	0.06	-0.25	0.07	-0.92	-0.71	-0.94	-0.42
YMR185W	0	-0.15	0.38	-0.58	-0.49	-0.81	-0.43
YOL081W	-0.15	-0.07	0.19	-0.38	-0.32	-0.56	-0.2
YPL009C	-0.15	0	0.14	-0.56	-0.23	-0.43	-0.36
YJL033W	-0.06	0.01	0.21	-0.94	-0.36	-0.67	-0.62
YGR074W	-0.04	0	0.07	-0.43	-0.18	-0.29	-0.34
YOR021C	0.06	-0.01	0.16	-0.67	-0.22	-0.62	-0.56
YML109W	0.11	0	0.14	-0.4	-0.17	-0.49	-0.25
YAL041W	0.12	-0.03	0.06	-0.62	-0.3	-0.81	-0.47
YIL008W	0.06	-0.06	0.07	-0.56	-0.25	-0.62	-0.36
YBR153W	0.04	0.04	0.08	-0.38	-0.17	-0.32	-0.15
YBL104C	-0.03	0.21	-0.03	-0.6	-0.3	-0.79	-0.34
YER176W	-0.09	0.04	-0.06	-0.51	-0.18	-0.56	-0.32
YDR159W	0.04	0.12	-0.04	-0.47	-0.22	-0.32	-0.32
YER172C	0.06	0.01	-0.03	-0.29	-0.14	-0.2	-0.2
YKR104W	0.15	0.06	-0.01	-0.3	-0.2	-0.29	-0.2
YDR499W	-0.06	0.12	0.36	-0.54	-0.32	-0.56	-0.23
YMR216C	-0.1	0.32	0.06	-0.47	-0.1	-0.45	-0.01
YPL219W	-0.06	0.3	-0.12	-0.67	-0.27	-0.64	-0.06
YFL007W	-0.06	0.21	0.11	-0.6	-0.29	-0.81	0.24
YOR091W	0.08	0.16	0.3	-1.06	-0.67	-1.12	0.26
YPL175W	-0.03	0.06	0.19	-0.6	-0.47	-0.54	0.06
YOR306C	-0.07	-0.06	0.11	-0.6	-0.51	-0.4	0.24
YBR235W	-0.58	0.16	-0.1	-0.18	-0.62	-0.3	-0.23
YDR525W	-0.32	0.15	0.03	0	-0.43	-0.34	-0.06
YBL021C	-0.27	0.24	0.12	-0.12	-0.36	-0.15	-0.1
YFL025C	0.01	0.5	0.4	-0.1	-0.47	-0.43	-0.2
YCR041W	-0.12	0.48	0.21	-0.23	-0.49	-0.34	-0.27
YDL034W	-0.07	0.16	0.06	-0.1	-0.23	-0.12	-0.2
YDR485C	-0.17	0.25	-0.18	-0.69	-0.6	-0.34	-0.22
YBR091C	-0.3	0.29	-0.3	-0.43	-0.6	-0.18	-0.23
YFL024C	-0.23	0.58	-0.36	-0.6	-0.49	-0.38	-0.74
YDL156W	-0.47	0.41	-0.22	-0.51	-0.71	-0.42	-0.94
YIL092W	-0.17		-0.17	-0.29	-0.51	-0.27	-0.62
YDL028C	-0.17	0.2	-0.17	-0.27	-0.54	-0.23	-0.58
YDL133W	-0.04	0.32	-0.34	-0.25	-0.56	-0.22	-0.32
YLR031W	-0.07	0.11	0.03	-0.09	-0.32	0.08	-0.2
YER068W	-0.12	0.24	0.04	-0.36	-0.67	0.06	-0.45
YDR048C	-0.17	0.12	-0.1	-0.23	-0.56	-0.06	-0.43
YBR098W	-0.18	0.24	-0.01	-0.27	-0.67	-0.18	-0.27
YAR069C	-0.1	0.41	0	-0.3	-0.86	-0.2	-0.3
YDL056W	-0.09	0.34	-0.14	-0.29	-0.54	-0.1	-0.43
YDL030W	-0.14	0.4	-0.06	-0.27	-0.58	-0.18	-0.47
YDR166C	-0.1	0.3	-0.06	-0.04	-0.43	-0.09	-0.3
YBR215W	-0.25	0.67	0.11	-0.29	-0.69	0.08	-0.64
YDL080C	-0.29	0.58	0.08	-0.18	-0.49	-0.04	-0.22
YAR030C	-0.34	0.45	0.06	-0.23	-0.71	0.12	-0.18
YDL202W	-0.1	0.62	-0.06	-0.2	-0.23	0.14	-0.56
YDL076C	-0.15	1.03	-0.34	-0.3	-0.51	-0.04	-0.71
YCR093W	-0.09	0.94	-0.22	-0.22	-0.18	-0.06	-0.49
YDL104C	-0.04	0.78	-0.04	0.03	-0.25	-0.12	-0.34
YDL203C	0.06	1.12	-0.2	-0.32	-0.64	-0.56	-0.32
YDL077C	0.07	0.67	0.14	-0.27	-0.36	-0.27	-0.36
YDR020C	-0.1	0.92	0.14	-0.43	-0.6	-0.71	-0.43
YDL102W	-0.04	0.74	-0.1	-0.27	-0.47	-0.58	-0.6
YDL098C	-0.07	0.97	-0.04	-0.2	-0.4	-0.58	-0.69
YCL029C	-0.18	1.12	-0.07	-0.23	-0.47	-0.51	-0.71
YAR014C	-0.14	0.62	-0.04	-0.3	-0.36	-0.3	-0.6
YDL227C	-0.15	0.74	0.04	-0.27	-0.38	-0.3	-0.4
YCR060W	-0.1	0.89	-0.03	-0.29	-0.36	-0.14	-0.4
YAR020C	-0.12	0.67	0	-0.06	-0.18	-0.18	-0.27
YDL101C	-0.14	1.03	-0.12	-0.18	-0.32	-0.36	-0.36
YJR126C	-0.18		-0.14	-0.17	-0.43	-0.4	-0.42
YBL065W	-0.01	0.67	-0.18	-0.51	-0.58	-0.51	-0.34
YBL070C	-0.23	0.84	-0.23	-0.49	-0.81	-0.62	-0.14
YBR144C	-0.27	0.76	-0.01	-0.4	-0.81	-0.51	-0.36
YDL035C	-0.04	0.41	0.04	-0.14	-0.43	-0.18	-0.03
YAR064W	-0.12	0.76	-0.09	-0.18	-0.71	-0.18	-0.09
YAR070C	-0.18	0.41	0	-0.07	-0.34	-0.17	0.01
YEL059W	-0.18	0.25	-0.04	-0.14	-0.4	-0.14	-0.09
YBL044W	-0.36	0.36	-0.1	-0.29	-0.58	-0.1	-0.01
YDL205C	-0.54	1	-0.42	-0.56	-0.76	-0.18	-0.47
YGL064C	-0.29	0.71	-0.43	-0.45	-0.67	-0.1	-0.45
YCR085W	-0.36	0.94	-0.14	-0.42	-0.58	-0.23	-0.34
YDL221W	-0.51	1.4	-0.17	-0.4	-0.49	-0.23	-0.29
YDL105W	-0.38	1.12	-0.04	-0.32	-0.43	0.01	0.01
YDL059C	-0.22	0.84	-0.18	-0.38	-0.36	0.04	-0.06
YDL109C	-0.03	0.56	0.04	-0.34	-0.3	-0.12	0
YBR289W	0.16	0.6	0.01	-0.18	-0.3	-0.09	-0.18
YFL015C	-0.27	0.4	-0.3	0.01	-0.56	-0.25	-0.18
YDL220C	0	0.26	-0.06	-0.3	-0.34	0.14	-0.18
YJL101C	0.08	0.6	-0.1	-0.67	-0.51	0.14	-0.27
YDL099W	-0.1	0.71	-0.07	-0.45	-0.42	0.15	-0.29
YDL243C	-0.01	0.54	-0.01	-0.32	-0.45	-0.04	0.03
YDL175C	0.01	0.62	-0.1	-0.23	-0.54	0.03	0
YFR019W	-0.04	0.5	0	-0.25	-0.49	0.07	-0.07
YBR208C	0	0.43	0.01	-0.1	-0.43	0.14	-0.06
YDR187C	-0.14	0.86	0.06	-0.23	-0.56	0.26	-0.06
YJL019W	-0.07	0.5	0.03	-0.18	-0.36	0.15	0.03
YDL106C	0.08	0.56	-0.15	-0.34	-0.42	0.19	0.04
YAR019C	0	0.67	-0.32	-0.27	-0.81	0.11	0.26
YCR042C	0.07	0.48	0	-0.18	-0.2	0.25	0.04
YBR209W	-0.45	0.78	0.06	-0.04	-0.3	0.08	-0.04
YLR156W	-0.3	0.32	0.12	-0.14	0.01	-0.17	-0.09
YJR028W	0.04	0.08	-0.1	-0.36	0	-0.1	-0.64
YNL138W	0.15	0.21	0.04	-0.27	0.08	-0.07	-0.54
YHR201C	0.12	0.25	0.06	-0.2	0.08	0.15	-0.69
YML001W	-0.01	0.29	-0.15	-0.17	0.24	0.19	-0.92
YDR396W	-0.04	0.36	0.3	0.03	-0.07	0.15	-0.27
YAR018C	-0.34	0.29	0.43	0.16	-0.07	0.48	-0.62
YOL005C	-0.09	0.29	0.15	-0.01	0.06	0.24	-0.4
YBR160W	-0.22	0.56	-0.04	0.12	-0.03	0.29	-0.71
YFR006W	-0.04	0.01	-0.14	0.11	0.11	0.21	-0.86
YIL027C	0.01	-0.17	0.01	-0.01	0.12	0.24	-0.71
YIL076W	0.01	-0.1	0.03	0.01	0.16	0.43	-0.86
YOR332W	-0.07	-0.18	-0.04	0.06	0.26	0.54	-0.84
YKL208W	-0.09	-0.22	-0.04	0.04	0.16	0.25	-0.4
YNL003C	-0.09	-0.14	0.01	0.16	0.12	0.2	-0.42
YKL063C	-0.15	-0.4	-0.12	-0.01	0.26	0.15	-0.89
YOL112W	-0.1	-0.04		-0.06	0.11	0.04	-0.54
YLR210W	-0.18	-0.09	-0.06	-0.18	0.34	-0.03	-0.94
YBR199W	-0.06	-0.1	0.03	0.08	0.29	0.01	-0.56
YPR036W	-0.23	-0.03	0.12	-0.04	0.14	0.19	-0.54
YNL070W	-0.04	-0.27	0.45	0.16	0.25	0.15	-0.49
YNL145W	-0.07	-0.14	0.32	0.19	0.36	0.07	-0.56
YNL135C	0.08	-0.04	0.36	0.25	0.3	0.4	-0.69
YLR043C	-0.09	-0.04	0.29	0.21	0.41	0.3	-0.67
YML012W	0.06	0	0.36	0.26	0.5	0.3	-0.81
YKR065C	0.04	-0.01	0.15	0.06	0.3	0.14	-0.36
YHR137W	0.03	-0.03	0.29	0	0.62	0.11	
YOR115C	-0.1	0.01	0.24	0.08	0.36	0.04	-0.71
YNR030W	0.03	-0.01	0.45	0.14	0.38	0.16	-1.29
YJR009C	0.07	0.07	0.24	0.01	0.19	0.03	-0.54
YLR420W	0.03	0.15	0.21	-0.1	0.45	0.11	-0.84
YLR066W	0.01	0.14	0.11	-0.06		0.12	-0.94
YKL058W	0.03	0.01	0.15	-0.04	0.12	0.2	-0.51
YHR039C-A	0.04	0.15	0.4	-0.01	0.2	0.26	-0.76
YGL054C	-0.01	-0.2	0.34	-0.14	0.19	0.11	-0.67
YKL130C	0.03	-0.14	0.41	-0.18	0.21	0.3	-0.67
YOR265W	-0.01	-0.17	0.2	-0.1	0.16	0.14	-0.23
YDL015C	0.3	0.32	0.54	0.21	0.29	0.5	-0.43
YKR030W	0.24	0.06	0.34	0.11	0.06	0.26	-0.23
YER023W	0.36	0.19	0.54	0.12	0.16	0.3	-0.62
YDR209C	0.2	0.15	0.41	0.11	0.14	0.48	-0.6
YPR073C	0.21	0.21	0.34	0.19	0.11	0.41	-0.71
YJL044C	0.19	-0.01		0	0	0.29	-0.47
YDR367W	0.21	0.04	0.6	0.06	0.04	0.15	-0.43
YNL219C	0.06	0.12	0.48	0.19	0.01	0.16	-0.4
YGL200C	0.14	0.15	0.69	0.16	0.2	0.29	-0.79
YHR181W	0.06	0.16	0.58	0.08	0.15	0.29	-0.49
YLR114C	0.04	0.04	0.15	-0.09	0.04	0.19	-0.14
YLL058W	0.12	0.19	0.3	0.01	0	0.34	-0.32
YNL166C	-0.03	0.29	0.5	-0.14	0.03	0.69	-0.54
YOR283W	-0.01	0.12		-0.07	0.06	0.34	-0.45
YDR371W	0.07	0.12	0.19	-0.07	-0.01	0.32	-0.42
YIL116W	-0.01	0.14		0.01	-0.03	0.24	-0.43
YLR440C	-0.04	0.06	0.24	0.19	0.04	0.45	-0.56
YDR210W	0.01	0.08	0.36	0.19	-0.04	0.38	-0.74
YKL196C	0.07	0.24	0.14	0.14	0	0.24	-0.62
YGL221C	0.08	0.16	0.07	0.06	0.04	0.34	-0.38
YOR232W	0.08	0.2	0.21	0.12	0.26	0.4	-0.47
YPR113W	-0.04	0	0.62	0.52	0.56	1.12	-1.03
YBR268W	0.01	0.01	0.14	0.11	0.15	0.29	-0.27
YPL225W	0.03	0.01	0.26	0.06	0.12	0.32	-0.36
YPL178W	0.11	0.06	0.2	0	0.16	0.43	-0.45
YLR033W	0.01	0.03	0.16	-0.01	0.15	0.43	-0.4
YLR412W	0.19	-0.18	0.25	-0.06	-0.17	0.19	-0.58
YGL231C	0.25	-0.1	0.43	-0.07	-0.23	0.24	-0.49
YPR161C	0.24	-0.07	0.41	-0.09	-0.27	0.29	-0.49
YIR041W	0.21	-0.01	0.26	0.24	-0.32	0.24	-0.42
YGR294W	0.14	0.08	0.14	0.11	-0.1	0.07	-0.29
YLR319C	0.19	0.3	0.19	0.01	-0.23	0.36	-0.45
YER087W	0.14	0.2	0.32	-0.03	-0.15	0.3	-0.76
YLR049C	0.3	0.2	0.19	-0.07	-0.15	0.4	-0.62
YCR002C	0.25	0.29	0.19	-0.18	-0.1	0.4	-0.62
YJL124C	0.2	0.15	0.2	-0.18	0	0.36	-0.74
YER122C	0.32	0.16	0.2	-0.27	-0.23	0.38	-1.06
YKL113C	0.26	0.14	0.16	-0.29	-0.6	0.4	-1.06
YLR144C	0.07	0.08	0.11	-0.14	-0.36	0.26	-0.49
YBR130C	0.06	0.03	0.01	-0.18	-0.18	0.4	-0.49
YJL001W	0.06	0.01	0.06	-0.32	-0.22	0.34	-0.86
YLR182W	0	0.11	0.04	-0.4	0.06	0.45	-0.84
YDR368W	-0.09	-0.04	-0.12	-0.36	-0.04	0.45	-0.74
YPL098C	-0.1	-0.15	0.03	-0.27	0.01	0.25	-0.6
YNL030W	0	-0.06	0.24	0.08	0.04	0.14	-0.64
YDR050C	0.08	-0.03	0.36	0.2	0.06	0.08	-1.12
YDR086C	0.16	-0.03	0.21	0.04	0.06	0.12	-0.94
YHR193C	0.3	-0.01	0.2	-0.03	-0.06	0.24	-1.12
YIL075C	0.12	-0.09	0.06	0.01	-0.03	0.07	-0.42
YNL154C	0.36	-0.1	0.48	-0.06	-0.15	-0.07	-0.86
YPL048W	-0.09	-0.03	0.41	-0.51	0	-0.09	-1.15
YPR080W	0.01	0.07	0.58	-0.36	0	-0.04	-0.92
YJL061W	0.08	0.25	0.3	-0.07	0.04	0.12	-0.6
YOR164C	0.01	0.24	0.32	-0.07	-0.06	0.08	-0.84
YGL001C	-0.06	0.21	0.36	-0.25	-0.09	0.03	-0.79
YGR152C	-0.03	0.19	0.5	-0.25	-0.14	0.16	-0.86
YKL099C	0.14	0.14	0.54	-0.18	-0.3	0.2	-1.03
YDR346C	0.03	0.32	0.48	-0.27	-0.49	0.11	-1.09
YDL226C	0.01	0.26	0.32	-0.15	-0.34	-0.03	-0.84
YOL136C	0.03	0.48	0.45	-0.14	-0.27	0.06	-0.97
YDL198C	0.04	0.25	0.4	0.07	-0.27	0.07	-0.84
YDR404C	-0.1	0.03	0.4	-0.07	-0.15	0.01	-0.76
YER157W	-0.06	0.03	0.3	0	-0.1	0.12	-0.74
YKL174C	-0.1	0.08	0.4	-0.01	0	0.11	-0.81
YDR044W	-0.12	0.2	0.45	0.14	0.03	0.08	-0.76
YHL017W	-0.18	0.06	0.4	-0.12	-0.1	0.34	-0.81
YOL017W	-0.3	0.16	0.36	-0.07	-0.29	0	-0.86
YGL242C	-0.34	-0.03	0.16	-0.04	-0.14	0.06	-0.81
YEL015W	-0.23	0.36	0.36	0.25	-0.2	0.16	-1.03
YFL017C	-0.1	0.26	0.36	0.14	-0.09	0.07	-0.4
YPR072W	-0.03	0.11	0.52	-0.01	-0.23	0.14	-0.27
YDR352W	-0.06	0.04	0.56	0.03	-0.15	0.26	-0.47
YDR100W	-0.15	0.01	0.52	0.11	-0.27	0.29	-0.34
YHR103W	-0.01	-0.12	0.52	0.25	0.01	0.25	-0.43
YPL116W	0.04	-0.12	0.67	0.19	-0.04	0.32	-0.51
YKL011C	0.07	-0.25	0.43	0.07	-0.07	0.26	-0.45
YGR018C	0.06	-0.09	0.15	0.06	0.04	0.14	-0.23
YGR007W	-0.06	-0.22	0.21	0.04	-0.01	0.07	-0.49
YOR320C	0.04	-0.18	0.43	0.08	0	0.12	-0.6
YMR270C	-0.03	-0.06	0.32	-0.01	0.03	0.04	-0.49
YPR017C	-0.06	-0.07	0.34	-0.07	-0.06	-0.03	-0.38
YHR123W	0	-0.12	0.76	0.12	-0.23	0.03	-0.71
YIR035C	-0.18	-0.17	0.56	0.2	0.04	0.11	-0.49
YML019W	-0.36	0.01	0.76	0.03	0.07	0.19	-0.64
YDR194C	-0.15	0.12	0.4	0.3	0.04	0.07	-0.47
YFR035C	-0.07	-0.14	0.16	0.29	0.08	0.03	-0.43
YOR209C	0.01	-0.09	0.36	0.41	-0.09	0.03	-0.58
YEL038W	-0.01	-0.17	0.34	0.36	-0.18	0.19	-0.69
YHR121W	-0.01	-0.27	0.34	0.21	0.07	0.16	-0.25
YMR316W	-0.23	-0.38	0.74	0.52	0.16	0.36	-0.34
YAL022C	-0.34	-0.18	0.62	0.16	0.15	0.4	-0.32
YER180C	-0.03	0	0.52	-0.29	-0.18	-0.09	0.04
YPL149W	-0.04	-0.09	0.58	-0.36	-0.18	-0.18	-0.03
YOR073W	-0.04	0.03	0.45	-0.17	-0.04	-0.15	-0.1
YLR209C	0.03	0.24	0.34	-0.25	-0.15	-0.1	-0.27
YPL001W	0.06	0.04	0.4	-0.27	-0.07	-0.03	-0.3
YGL255W	0.12	0.16	0.67	-0.64	-0.27	-0.1	-0.43
YNL101W	0.15	0.11	0.34	-0.34	-0.14	-0.12	-0.14
YPL117C	0.25	-0.07	0.41	-0.3	-0.1	-0.04	-0.17
YDR483W	0.48	0.43	0.67	-0.32	-0.1	-0.34	-0.22
YML082W	-0.03	0.2	0.6	-0.2	-0.12	-0.47	-0.27
YMR243C	0.07	0.19	0.69	-0.18	-0.17	-0.67	-0.43
YPL145C	0.14	0.34	0.67	-0.23	-0.01	-0.79	-0.62
YOR241W	0.11	0.34	0.36	-0.25	-0.15	-0.45	-0.47
YCL045C	0.26	0.26	0.54	-0.29	-0.23	-0.43	-0.45
YIL145C	0.34	0.3	0.6	-0.36	-0.25	-0.62	-0.4
YDR291W	0.2	0.21	0.3	-0.14	-0.1	-0.42	-0.1
YGL167C	0.21	0.41	0.38	-0.23	-0.22	-0.51	-0.2
YER091C	0.24	0.34	0.5	-0.1	-0.4	-0.54	-0.45
YBR140C	0.2	0.34	0.34	0.08	-0.27	-0.47	-0.43
YDR526C	0.12	0.3	0.29	0.03	-0.18	-0.4	-0.4
YOL123W	0.41	0.36	0.32	-0.12	-0.4	-0.42	-0.27
YPL205C	0.38	0.29	0.12	-0.18	-0.42	-0.18	-0.25
YLR389C	0.3	0.43	0.11	-0.42	-0.45	-0.49	-0.45
YER090W	0.36	0.24	0.24	-0.43	-0.58	-0.51	-0.56
YBR043C	0.25	-0.06	0.29	-0.29	-0.42	-0.36	-0.14
YJL041W	0.3	-0.06	0.34	-0.36	-0.32	-0.29	-0.3
YMR047C	0.32	-0.15	0.25	-0.17	-0.27	-0.42	-0.34
YEL077C	0.43	0.08	0.29	0	-0.25	-0.36	-0.14
YLR115W	-0.01	0.03	0.15	0.07	-0.07	-0.1	-0.1
YHR172W	-0.03	-0.3	0.43	0.2	-0.18	-0.54	-0.43
YLR317W	-0.1	-0.17	0.26	-0.04	-0.22	-0.3	-0.1
YOR222W	-0.09	-0.27	0.4	0.01	-0.27	-0.3	-0.38
YDR538W	-0.09	-0.25	0.36	-0.12	-0.23	-0.22	-0.38
YHR119W	-0.03	-0.23	0.69	-0.12	-0.29	-0.34	-0.58
YDR147W	-0.04	-0.04	0.45	-0.09	-0.29	-0.27	-0.27
YCL002C	-0.14	0.04	0.38	-0.06	-0.15	-0.2	-0.23
YDR046C	-0.17	0.16	0.54	0.29	-0.22	-0.22	-0.6
YBR070C	-0.07	0.21	0.38	0.16	-0.42	-0.27	-0.62
YLR037C	0.01	0.04	0.2	0.03	-0.18	-0.1	-0.29
YBR096W	-0.09	0.11	0.5	0.08	-0.32	-0.23	-0.92
YNL197C	0.29	0.04	0.6	-0.04	-0.34	-0.06	-0.47
YKR036C	0.19	0.21	0.5	-0.06	-0.34	-0.1	-0.6
YDR045C	0.16	0.16	0.52	0.08	-0.32	-0.34	-0.6
YBR283C	0.24	0.08	0.69	-0.06	-0.38	-0.47	-0.71
YBR288C	0.24	0.04	0.36	0.01	-0.3	-0.27	-0.47
YDR211W	0.43	0.26	0.56	0	-0.67	-0.58	-0.86
YML023C	-0.07	-0.04	0.4	-0.18	-0.51	-0.3	-0.67
YCR035C	0.07	-0.04	0.52	-0.22	-0.64	-0.29	-0.71
YGL211W	0.01	0	0.45	-0.22	-0.54	-0.25	-0.54
YEL029C	0.07	0.16	0.54	-0.12	-0.74	-0.36	-0.76
YJL187C	0.2	-0.03	0.25	-0.06	-0.43	-0.2	-0.4
YCR094W	0.06	0.04	0.24	-0.03	-0.51	-0.09	-0.4
YJL169W	-0.01	-0.01	0.24	-0.04	-0.54	-0.01	-0.42
YBL018C	-0.07	0.08	0.54	-0.09	-0.69	-0.49	-0.38
YDR249C	0	0.24	0.32	-0.07	-0.6	-0.29	-0.27
YDR524C	0	0.04	0.34	-0.1	-0.45	-0.07	-0.14
YHL049C	0.11	0.06	0.34	0.01	-0.45	-0.09	-0.04
YBR141C	0.12	0.24	0.56	-0.23	-0.56	-0.2	0.03
YGL139W	0.2	0.26	0.43	-0.29	-0.58	-0.29	-0.07
YHR045W	-0.04	0.32	0.24	-0.15	-0.12	-0.06	-0.09
YMR168C	-0.09	0.38	0.36	0.01	-0.23	0.01	0.01
YAL058W	0.04	0.3	0.2	0.04	-0.2	0.03	-0.1
YLR113W	0.26	0.6	0.45	0	-0.23	-0.01	-0.1
YLR363C	0.36	0.48	0.14	-0.22	-0.06	0.24	-0.29
YDR099W	0.6	0.4	0.26	-0.09	-0.18	0.16	-0.23
YML088W	0.41	0.3	0.29	-0.1	-0.12	0	-0.23
YKL164C	0.3	0.2	0.26	0.04	-0.12	0.29	-0.25
YKL207W	0.43	0.38	0.76	0.08	0.11	0.3	-0.25
YJL167W	0.43	0.38	0.67	0.14	-0.03	0.21	-0.23
YHR094C	0.56	0.62	0.67	0.08	-0.2	0.21	-0.23
YEL002C	0.26	0.54	1.06	0.16	-0.22	0.19	-0.17
YFL047W	0.06	0.52	0.45	-0.12	-0.18	0.14	-0.36
YHR179W	0.26	0.81	0.54	-0.18	-0.23	0.06	-0.69
YCR008W	0.2	0.34	0.3	-0.07	-0.1	0.07	-0.22
YKR068C	0.19	0.2	0.12	0	-0.04	0.06	-0.22
YJL008C	0.38	0.52	0.45	-0.03	-0.14	0.21	-0.6
YMR238W	0.26	0.32	0.38	0.04	-0.23	0.14	-0.45
YER148W	0.24	0.32	0.45	-0.09	-0.1	0.15	-0.42
YFR009W	0.34	0.56	0.58	0.07	-0.12	0.08	-0.76
YML006C	0.11	0.3	0.3	0.03	-0.01	0	-0.4
YFL020C	0.06	0.34	0.2	0.08	-0.1	0.15	-0.45
YNL169C	0.07	0.3	0.3	-0.03	-0.04	0.24	-0.42
YBR164C	0.15	0.29	0.67	0.15	-0.3	0.36	-0.62
YHR142W	0.21	0.21	0.52	0.04	-0.18	0.14	-0.43
YDL225W	0.19	0.21	0.5	-0.1	-0.12	0.14	-0.27
YLR383W	0.15	0.29	0.43	0.07	0.01	0.07	-0.25
YLR195C	0.15	0.43	0.78	0.2	-0.1	0.2	-0.36
YPL138C	0.06	0.12	0.41	0.03	-0.01	0.03	-0.18
YJL121C	0.19	0.3	0.89	-0.03	-0.03	0.16	-0.49
YKR106W	0.2	0.25	0.54	-0.01	0	0.07	-0.38
YNL283C	0.03	0.36	0.64	0.01	0	0.25	-0.56
YOR299W	0.01	0.29		-0.06	-0.01	0.11	-0.36
YNL290W	-0.01	0.26	0.48	-0.07	0.03	0.07	-0.27
YIL123W	0.14	0.4	0.78	0.12	-0.01	-0.17	-0.56
YBR206W	0.16	0.14	0.4	-0.03	0.11	-0.06	-0.3
YPL227C	0.14	0.21	0.56	0.03	0.14	0	-0.56
YKR010C	0.25	0.11	0.54	0.19	0.12	-0.07	-0.62
YNL263C	0	0.04	0.41	0.04	0.04	-0.03	-0.47
YGR191W	0.08	0.32	0.71	0.04	0	-0.06	-0.94
YMR260C	0.38	0.32	0.67	0.04	0	-0.09	-1.09
YDL157C	0.29	0.25	0.43	0.11	0	0.15	-0.71
YOR103C	0.16	0.19	0.62	0.04	-0.15	0.08	-0.71
YGL202W	0.34	0.36	1	0.11	-0.09	-0.04	-0.79
YHR143W	0.45	0.26	1.12	0.08	-0.23	-0.04	-0.86
YNL272C	0.15	0.08	0.24	0	-0.1	0.01	-0.27
YNL092W	0.14	0.26	0.45	-0.23	-0.14	0	-0.4
YPR128C	0.06	0.3	0.38	-0.25	-0.09	-0.01	-0.47
YHR163W	0.03	0.3	0.5	-0.18	-0.09	0	-0.69
YMR091C	0.07	0.2	0.34	-0.1	-0.06	0.07	-0.42
YBR159W	0.06	0.14	0.5	-0.18	0.08	-0.14	-0.51
YER016W	-0.03	0.14	0.45	-0.17	-0.03	-0.07	-0.36
YHR133C	-0.03	0.15	0.76	-0.18	-0.23	-0.34	-0.92
YGR204W	0.3	0.45	0.45	-0.09	0.12	-0.1	-0.74
YGL253W	0.5	0.6	0.52	-0.23	0.04	-0.1	-1.15
YAR002C-A	0.06	0.2	0.2	0.16	-0.07	-0.17	-0.38
YGL137W	0.2	0.5	0.54	0.25	0	-0.14	-0.79
YBR127C	0.41	0.54	0.52	0.26	0.12	-0.2	-0.64
YNL280C	0.41	0.48	0.69	0.15	-0.03	-0.3	-0.54
YNL118C	0.14	0.21	0.24	0.06	0.04	-0.1	-0.14
YOR175C	0.32	0.3	0.71	-0.18	-0.27	-0.25	-0.32
YGL067W	0.34	0.32	0.78	-0.15	-0.27	-0.1	-0.62
YPR114W	0.29	0.38	0.64	-0.1	-0.12	-0.09	-0.47
YOR311C	0.29	0.52	0.71	-0.14	-0.23	-0.04	-0.6
YBR015C	0.26	0.43	0.58	-0.22	-0.17	-0.12	-0.42
YER124C	0.29	0.58	0.52	-0.15	-0.15	-0.18	-0.38
YCL007C	0.07	0.32	0.36	-0.14	-0.23	-0.14	-0.32
YGR190C	0.04	0.34	0.5	-0.09	-0.23	-0.09	-0.38
YGR208W	0.07	0.38	0.74	-0.06	-0.29	-0.32	-0.4
YKL127W	0.24	0.56	0.43	-0.2	-0.3	-0.34	-0.56
YKL046C	0.45	0.38	0.4	-0.18	-0.23	-0.32	-0.69
YGR210C	0.34	0.2	0.29	-0.1	-0.23	-0.2	-0.36
YGL207W	0.34	0.29	0.19	-0.1	-0.22	-0.03	-0.32
YOL161C	0.21	0.29	0.21	-0.23	-0.23	-0.07	-0.27
YKL176C	0.11	0.3	0.4	-0.18	-0.43	-0.17	-0.34
YBR029C	0.16	0.32	0.29	-0.03	-0.36	-0.25	-0.29
YBR236C	0.21	0.6	0.38	0.07	-0.29	-0.14	-0.42
YCR090C	-0.01	0.43	0.3	0.06	-0.27	-0.23	-0.47
YDL228C	0.06	0.26	0.14	-0.03	-0.14	-0.15	-0.38
YDL074C	0.11	0.6	0.2	-0.1	-0.18	-0.23	-0.74
YAL007C	0.07	0.34	0.11	-0.15	-0.06	-0.18	-0.47
YKL126W	-0.03	0.58	0.15	-0.18	0.03	-0.15	-0.64
YLR447C	0	0.52	0.29	-0.25	-0.04	-0.01	-0.62
YBR074W	0.45	0.19	0.86	0.2	-0.23	-0.27	-0.34
YGL208W	0.12	0.08	0.32	0.06	-0.15	0.15	-0.09
YJR015W	0.12	0.19	0.56	0.2	-0.47	0.32	-0.29
YKR084C	0.16	0.3	0.34	0.15	-0.25	0.2	-0.23
YGR284C	0.11	0.15	0.26	0.08	-0.23	0.01	-0.17
YDR047W	0.19	0.21	0.56	0.04	-0.56	0.26	-0.54
YGL041C	0.15	0.07	0.4	-0.09	-0.4	0.03	-0.3
YER167W	0.14	0.36	0.21	-0.03	-0.34	0.2	-0.2
YML048W	0.45	0.52	0.67	-0.17	-0.42	0.38	-0.18
YLL064C	0.2	0.16	0.2	-0.01	-0.23	0.11	-0.07
YNL268W	0.3	0.34	0.3	-0.22	-0.4	0.15	-0.03
YDR188W	-0.12	0.12	0.76	-0.27	-0.54	-0.03	-0.29
YCL005W	-0.09	0.25	0.6	-0.3	-0.51	-0.01	-0.38
YER038C	-0.09	0.3	0.38	-0.2	-0.58	0.32	-0.36
YCL055W	0.07	0.15	0.32	-0.27	-0.54	0.26	-0.36
YML116W	-0.01	0.14	0.34	-0.27	-0.51	0.2	-0.47
YCL031C	0.03	0.43	0.43	-0.3	-0.67	0	-0.42
YDL188C	0.07	0.01	0.25	-0.18	-0.32	0.07	-0.15
YDR279W	0.08	0.07	0.43	-0.34	-0.27	0.26	-0.25
YDR393W	-0.01	0.15	0.45	-0.4	-0.38	0.19	-0.3
YKR044W	0.04	0.14	0.32	-0.27	-0.27	0.06	-0.3
YDL141W	0.14	0.25	0.58	-0.38	-0.47	0.06	-0.32
YOR143C	0.15	0.14	0.48	-0.27	-0.42	0.16	-0.34
YOR269W	0.19	0.03	0.54	-0.36	-0.42	0.12	-0.4
YLR190W	0.26	0.24		-0.3	-0.42	0.12	-0.34
YHR151C	0.16	0.12	0.56	-0.27	-0.27	0.26	-0.2
YIL015W	0.25	0.41	0.45	-0.54	-0.3	0.19	-0.22
YGR166W	-0.01	0.29	0.24	-0.25	-0.15	0.25	-0.09
YBR123C	0	0.25	0.25	-0.36	-0.3	0.24	-0.1
YAL009W	0.01	0.36	0.16	-0.27	-0.27	0.2	-0.23
YOR292C	0.08	0.29	0.36	0.04	-0.22	0.36	-0.3
YJL139C	0.01	0.21	0.32	-0.1	-0.2	0.3	-0.25
YDR397C	0.07	0.25	0.48	-0.12	-0.14	0.34	-0.15
YNR059W	0.06	0.26	0.24	-0.04	-0.09	0.16	-0.1
YLL054C	0.06	0.34	0.24	-0.1	-0.14	0.25	-0.1
YOR297C	0.16	0.36	0.3	-0.18	-0.18	0.25	-0.3
YML097C	0.15	0.21	0.34	-0.17	-0.2	0.19	-0.23
YHR083W	0.16	0.25	0.32	-0.27	-0.2	0.16	-0.27
YHR024C	0.19	0.3	0.32	-0.27	-0.32	0.26	-0.27
YKR042W	0.19	0.48	0.6	-0.23	-0.56	0.32	-0.56
YDR207C	0.06	0.11	0.34	-0.25	-0.09	0.26	-0.27
YKL114C	0.04		0.36	-0.14	-0.12	0.24	-0.3
YKR083C	0.11	0.15	0.48	-0.15	-0.07	0.26	-0.36
YPR075C	-0.01	0.24	0.38	-0.17	-0.06	0.19	-0.27
YLR085C	0.01	0.12	0.4	-0.15	-0.01	0.12	-0.38
YGR082W	0.26	0.19	0.32	-0.32	0.14	-0.3	-0.42
YHR175W	0.21	-0.09	0.32	-0.1	0.08	-0.06	-0.25
YLL025W	0.43	-0.01	0.25	0.01	0.12	0.01	-0.15
YDR297W	0	0.45	0.71	-0.04	0.24	0.08	-0.4
YDL185W	0.36	0.69	0.81	0.34	0.4	-0.2	-0.15
YBR196C	0.38	0.78	1.12	0.48	0.45	-0.12	-0.49
YGR106C	0.54	0.4	0.92	0.5	0.38	-0.1	-0.51
YCL073C	0.12	0.07	0.34	0.25	0.16	0	-0.2
YNL130C	0.07	0.25	0.52	0.38	0.24	-0.01	-0.2
YNR055C	0.16	0.12	0.34	0.21	0.19	0.06	-0.14
YKR080W	0.29	0.26	1.15	0.52	0.69	0.06	-0.3
YJL143W	0.12	0.2	0.6	0.12	0.21	0.08	-0.1
YJR001W	0.08	0.48	0.71	0.3	0.29	0.08	-0.43
YOR165W	0.11	0.38	0.58	0.14	0.19	0.15	-0.15
YDL017W	0.15	0.32	0.56	0.15	0.32	0.24	-0.27
YHR026W	0.11	0.24	0.89	0.29	0.26	0.26	-0.4
YGR260W	0.32	0.38	0.92	0.41	0.12	0.21	-0.58
YJL062W	0.19	0.24	0.56	0.24	0.14	0.24	-0.34
YEL051W	0.41	0.32	0.89	0.45	0.21	0.4	-0.38
YKL096W-A	0.12	0.15	0.86	0.84	0.71	0.32	-0.34
YGR279C	0.2	0.19	1.03	0.92	0.78	0.4	-0.79
YCR012W	0.08	0.16	0.76	0.62	0.48	0.12	-0.51
YLR232W	0	0.11	0.38	0.41	0.34	0.04	-0.34
YOR128C	0.01	0.08	0.97	0.58	0.92	0.01	-0.67
YGL040C	0.06	0	0.26	0.04	0.14	0.08	-0.25
YGR199W	0.06	0.14	0.62	0.26	0.26	-0.04	-0.4
YEL027W	0.03	0.11	0.58	0.34	0.3	0.08	-0.51
YGR192C	0.07	0.08	0.5	0.25	0.19	0.03	-0.51
YJL052W	0.16	0.25	0.78	0.43	0.45	0.3	-0.62
YBR078W	0.21	0.19	0.64	0.25	0.62	0.19	-0.74
YDR089W	0.07	0.2	0.45	0.15	0.43	0.03	-0.56
YOR305W	0.08	0.08		0.15	0.4	-0.03	-0.4
YJR139C	0.07	0.08	0.48	0.36	0.41	0.01	-0.84
YDR134C	0.08	0.19	0.43	0.24	0.3	0.14	-0.76
YMR215W	0.15	0.36	0.84	0.38	0.36	-0.09	-1.12
YBL003C	0.12	0.32	0.5	0.4	0.16	0.19	-0.84
YGL101W	0.08	0.25	0.19	0.2	0.25	0.07	-0.62
YML055W	0	0.2	0.2	0.12	0.2	-0.03	-0.22
YDR225W	0.26	0.48	0.62	0.3	0.48	0.03	-0.67
YNL220W	0.25	0.67	0.78	0.48	0.71	-0.17	-0.92
YOL103W	0.06	0.14	0.32	0.15	0.21	-0.06	-0.3
YLR359W	0.36	0.84	1.15	0.52	0.86	-0.49	-1.09
YOR067C	0.24	0.58	0.89	0.4	0.52	-0.27	-0.51
YAR015W	0.01	0.69	1.03	0.78	0.81	-0.22	-0.62
YCL030C	0.15	0.56	0.86	0.81	1	-0.12	-0.84
YIL011W	0.43	0.36	0.58	0.19	0.56	0.03	-0.64
YER008C	0.11	0.07	0.08	0	0.15	0.04	-0.1
YBR009C	0.06	-0.01	0.2	-0.14	0.34	-0.29	-0.51
YLR058C	0.07	0.26	0.84	0.21	1.22	-0.94	-1.43
YMR088C	0	0.19	0.64	0.15	0.25	-0.23	-0.6
YGL234W	0.08	0.25	1.15	0.43	0.48	-0.64	-0.94
YGL021W	0.07	0.06	0.5	0.21	0.15	-0.32	-0.4
YPR159W	0.15	0.3	0.76	0.54	0.29	-0.54	-0.69
YBR229C	0.08	0.08	0.34	0.12	0.08	-0.34	-0.34
YMR307W	0.34	0.43	0.94	0.34	0.4	-0.92	-1.29
YLL031C	-0.01	0.14	0.38	0.21	0.04	-0.29	-0.49
YKL008C	0	0.15	0.34	0.32	0.26	-0.29	-0.6
YMR303C	0.21	0.14	0.45	0.43	0.56	-0.3	-0.69
YKL086W	0.19	0.01	0.32	0.25	0.25	-0.23	-0.54
YJL002C	0.32	0.4	0.64	0.3	0.36	-0.32	-0.97
YOL086C	0.07	0.07	0.48	0.32	0.12	-0.17	-0.89
YLR110C	0.06	0.08	0.48	0.36	0.2	-0.15	-0.92
YHL003C	0.08	0.01	0.43	0.24	0.24	-0.22	-0.81
YDL192W	0.3	0.04	0.41	0.29	0.5	-0.15	-1.15
YNL320W	0.15	-0.1	0.21	0.14	0.2	-0.12	-0.67
YLR342W	0.07	0.41	0.48	0.48	0.2	-1.18	-1.25
YOR142W	0.06	-0.03	0.3	0.36	0.25	-0.14	-0.18
YGL027C	-0.04	0.24	0.36	0.24	0.32	-0.3	-0.15
YAL051W	-0.04	0.4	0.41	0.24	0.16	-0.18	-0.1
YJL085W	0.11	0.14	0.29	0.03	-0.01	-0.12	0.07
YGL055W	0.32	0.86	1.48	0.07	0.08	-0.67	0.06
YFL004W	0.29	0.41	0.45	-0.06	0.32	-0.34	-0.1
YLR121C	0	0.2	0.2	-0.09	0.08	-0.15	-0.04
YDR487C	0.01	0.26	0.5	-0.23	0.08	-0.18	-0.23
YDR519W	0.06	-0.01	0.5	0	0.25	-0.07	-0.29
YOR085W	0.07	0.01	0.71	-0.04	0.21	-0.1	-0.22
YOR321W	0.07	0.3	0.71	0.04	0.24	-0.36	-0.23
YOR099W	0.29	0.24	1.03	0.34	0.52	-0.67	-0.42
YER027C	0.32	0.08	0.48	0.06	0.2	-0.17	-0.18
YPR004C	-0.15	-0.14	0.24	0.15	0.21	-0.2	-0.29
YNL259C	-0.14	-0.06	0.12	0.24	0.43	-0.1	-0.22
YGR029W	-0.06	-0.56	0.2	0.24	0.08	0.29	-0.01
YLR353W	0.14	-0.18	0.26	0.03	0.15	0.4	0.04
YGR020C	0.24	-0.34	0.3	0.14	0.06	0.29	-0.07
YER031C	0.29	-0.25	0.48	0.03	0.2	0.29	-0.3
YER057C	0.21	-0.15	0.64	0.12	0.2	0.11	-0.18
YOR327C	0.01	-0.25	0.29	-0.1	-0.03	0.16	-0.1
YDR451C	0.19	-0.09	0.48	0.34	-0.23	0.11	-0.2
YLR242C	0	-0.12	0.56	0.25	-0.1	-0.1	0
YOL144W	-0.18	-0.42	0.34	-0.09	0.03	-0.12	-0.29
YMR066W	-0.25	-0.4	0.41	-0.3	0.06	-0.23	-0.22
YJR004C	-0.18	-0.18	0.38	-0.32		0.07	0.01
YHR013C	-0.1	-0.15	0.16	-0.18	0.03	0.03	
YPR200C	-0.42	-0.34	0.21	-0.42	0.06	0.04	0.03
YOR308C	-0.49	-0.12	0.38	-0.23	0.03	0.26	-0.3
YNL310C	-0.04	0	0.24	-0.2	0.16	0.08	-0.1
YBL032W	0.06	0	0.12	0	0.03	-0.18	0.03
YGR157W	0.19	-0.01	0.34	0.21	-0.06	-0.42	0.12
YGR108W	0.16	0.11	0.62	0.78	0.12	-0.89	-0.54
YLR361C	0.14	0.03	-0.06	0.07	-0.01	-0.06	-0.01
